road_id,status
11196,SAFE
7075,SAFE
9113,SAFE
90_New45,SAFE
90_New41,SAFE
90_New42,SAFE
90_New44,SAFE
"49371
",SAFE
37943,SAFE
9196,SAFE
15315,SAFE
13906,SAFE
7677,SAFE
11761,SAFE
15930,SAFE
5031,SAFE
13286,SAFE
11238,SAFE
2953,SAFE
11237,SAFE
17277,SAFE
17276,SAFE
13285,SAFE
6649,SAFE
2599,SAFE
10864,SAFE
DN184STR050,SAFE
New_W188_0067,SAFE
18238,SAFE
17698,SAFE
3474,SAFE
9598,SAFE
7613,SAFE
11777,SAFE
34206,SAFE
46161,SAFE
17020,SAFE
12999,SAFE
9462,SAFE
15988,SAFE
3667,SAFE
4538,SAFE
2502,SAFE
6549,SAFE
6175,SAFE
4069,SAFE
1989,SAFE
16358,SAFE
6176,SAFE
153rd053,SAFE
32576,SAFE
30646,SAFE
153rd049,SAFE
32341,SAFE
153rd052,SAFE
13254,SAFE
15256,SAFE
4699,SAFE
6804,SAFE
152RD021,SAFE
40385,SAFE
32748,SAFE
34365,SAFE
35678,SAFE
25_NEW2,SAFE
17045,SAFE
8903,SAFE
13036,SAFE
9032,SAFE
106_New_8,SAFE
15285,SAFE
5028,SAFE
11262,SAFE
2951,SAFE
11263,SAFE
13282,SAFE
9033,SAFE
3038,SAFE
11319,SAFE
11324,SAFE
9263,SAFE
30967,SAFE
42173,SAFE
46420,SAFE
45285,SAFE
28757,SAFE
16952,SAFE
6771,SAFE
6902,SAFE
6901,SAFE
2732,SAFE
2033,SAFE
12370,SAFE
15286,SAFE
15287,SAFE
2956,SAFE
5035,SAFE
2720,SAFE
127_NEW4,SAFE
30507,SAFE
33842,SAFE
32067,SAFE
46411,SAFE
8425,SAFE
18073,SAFE
3731,SAFE
033_New_08_D,SAFE
23276,SAFE
29127,SAFE
93_New84,SAFE
93_New88,SAFE
93_New82,SAFE
25280,SAFE
27747,SAFE
24258,SAFE
27746,SAFE
23165,SAFE
28523,SAFE
28530,SAFE
40587,SAFE
37439,SAFE
37371,SAFE
30174,SAFE
30316,SAFE
39087,SAFE
31138,SAFE
34267,SAFE
22778,SAFE
"37490
",SAFE
"39648
",SAFE
15509,SAFE
7311,SAFE
9394,SAFE
17507,SAFE
W193N074,SAFE
W193N076,SAFE
W193N075,SAFE
36849,SAFE
38992,SAFE
39014,SAFE
40661,SAFE
17475,SAFE
110_New_1,SAFE
9381,SAFE
15491,SAFE
22723,SAFE
26365,SAFE
23_New_25,SAFE
23_New_28,SAFE
12054,SAFE
7514,SAFE
5874,SAFE
55156,SAFE
55176,SAFE
26376,SAFE
25341,SAFE
23974,SAFE
26375,SAFE
55018,SAFE
22958,SAFE
23976,SAFE
87_NEW10,SAFE
87_NEW 260,SAFE
28534,SAFE
24262,SAFE
28525,SAFE
5769,SAFE
11943,SAFE
9761,SAFE
24855,SAFE
27368,SAFE
25004,SAFE
28000,SAFE
86_New129,SAFE
86_New138,SAFE
86_New139,SAFE
86_New146,SAFE
16784,SAFE
3586,SAFE
14805,SAFE
6420,SAFE
9460,SAFE
9857,SAFE
3239,SAFE
15575,SAFE
16292,SAFE
14265,SAFE
2004,SAFE
27250,SAFE
39886,SAFE
30972,SAFE
7000,SAFE
4912,SAFE
195_New_6,SAFE
51948,SAFE
50300,SAFE
50323,SAFE
23145,SAFE
51985,SAFE
51477,SAFE
25_NEW91,SAFE
026_New_10_D,SAFE
26_NEW100,SAFE
28827,SAFE
12695,SAFE
8567,SAFE
6292,SAFE
8294,SAFE
6300,SAFE
12436,SAFE
12439,SAFE
6293,SAFE
8296,SAFE
2117,SAFE
6294,SAFE
14453,SAFE
12438,SAFE
50911,SAFE
11467,SAFE
9396,SAFE
153rd011,SAFE
30849,SAFE
32612,SAFE
153rd075,SAFE
New_W188_0058,SAFE
New_W188_0066,SAFE
13108,SAFE
8982,SAFE
35123,SAFE
166_NA,SAFE
156_NEW86,SAFE
36840,SAFE
156_NEW124,SAFE
18369,SAFE
14112,SAFE
179_NEW3,SAFE
40613,SAFE
35949,SAFE
31268,SAFE
34034,SAFE
13575,SAFE
5271,SAFE
14357,SAFE
5590,SAFE
30392,SAFE
38552,SAFE
39197,SAFE
NEW7,SAFE
24824,SAFE
24335,SAFE
26629,SAFE
23783,SAFE
2010,SAFE
42520,SAFE
83_New_107,SAFE
27591,SAFE
27454,SAFE
45886,SAFE
82_NEW_501,SAFE
82_NEW_85,SAFE
29264,SAFE
29437,SAFE
29436,SAFE
82_NEW_56,SAFE
82_NEW_54,SAFE
82_NEW_55,SAFE
82_NEW_104,SAFE
NEW ROAD 11,SAFE
12558,SAFE
10488,SAFE
6413,SAFE
23649,SAFE
23557,SAFE
68573,SAFE
27624,SAFE
153rd077,SAFE
6979,SAFE
127_NEW12,SAFE
32005,SAFE
37387,SAFE
37209,SAFE
7269,SAFE
11420,SAFE
24146,SAFE
51908,SAFE
27928,SAFE
82_NEW_179,SAFE
36253,SAFE
31752,SAFE
32314,SAFE
5326,SAFE
11154,SAFE
4955,SAFE
New_W188_0075,SAFE
New_W188_0079,SAFE
17355,SAFE
5105,SAFE
17352,SAFE
63W_New_5,SAFE
4010,SAFE
9737,SAFE
64296,SAFE
4721,SAFE
2677,SAFE
8847,SAFE
44726,SAFE
9473,SAFE
17574,SAFE
"29903
",SAFE
"32091
",SAFE
16276,SAFE
9912,SAFE
39412,SAFE
W143rd010,SAFE
9220,SAFE
11782,SAFE
7618,SAFE
14434,SAFE
2097,SAFE
123_New_4,SAFE
11379,SAFE
8642,SAFE
18274,SAFE
13163,SAFE
5229,SAFE
17143,SAFE
4907,SAFE
2851,SAFE
15459,SAFE
4908,SAFE
4906,SAFE
2850,SAFE
19_NEW17,SAFE
48196,SAFE
29234,SAFE
27081,SAFE
195_New_11,SAFE
50169,SAFE
82_NEW_187,SAFE
82_NEW_300,SAFE
082_New_07_D,SAFE
25338,SAFE
"33465
",SAFE
"49360
",SAFE
32159,SAFE
27898,SAFE
29341,SAFE
60441,SAFE
60290,SAFE
59751,SAFE
60287,SAFE
200_New_29,SAFE
40250,SAFE
31376,SAFE
16_NEW25,SAFE
16_NEW27,SAFE
8448,SAFE
12591,SAFE
6438,SAFE
16883,SAFE
8733,SAFE
6696,SAFE
10814,SAFE
6939,SAFE
4842,SAFE
49695,SAFE
49701,SAFE
50118,SAFE
49698,SAFE
10765,SAFE
54489,SAFE
23749,SAFE
26367,SAFE
23746,SAFE
54491,SAFE
55012,SAFE
54276,SAFE
54398,SAFE
New_W188_0048,SAFE
93_New35,SAFE
23507,SAFE
93_New25,SAFE
93_New36,SAFE
93_New127,SAFE
93_New38,SAFE
23244,SAFE
93_New39,SAFE
50402,SAFE
41420,SAFE
49840,SAFE
34830,SAFE
New_W188_0216,SAFE
New_W188_0214,SAFE
35988,SAFE
30961,SAFE
86_New136,SAFE
86_New135,SAFE
86_New132,SAFE
86_New127,SAFE
17331,SAFE
9211,SAFE
50453,SAFE
50454,SAFE
51789,SAFE
23398,SAFE
9434,SAFE
17546,SAFE
11538,SAFE
18820,SAFE
9454,SAFE
13552,SAFE
3014,SAFE
5000,SAFE
8999,SAFE
2801,SAFE
17111,SAFE
13130,SAFE
W193N025,SAFE
37644,SAFE
W193N036,SAFE
34999,SAFE
W193N035,SAFE
W193N034,SAFE
3_NEW43,SAFE
58012,SAFE
33273,SAFE
30206,SAFE
31271,SAFE
41369,SAFE
11298,SAFE
15348,SAFE
85_NA,SAFE
15429,SAFE
15424,SAFE
9316,SAFE
9555,SAFE
3891,SAFE
15659,SAFE
11920,SAFE
6327,SAFE
8415,SAFE
033_New_07_D,SAFE
27029,SAFE
033_New_06_D,SAFE
16734,SAFE
14319,SAFE
14766,SAFE
7421,SAFE
48614,SAFE
48636,SAFE
48635,SAFE
48634,SAFE
48615,SAFE
48632,SAFE
48613,SAFE
48630,SAFE
2395,SAFE
16752,SAFE
2579,SAFE
6480,SAFE
10836,SAFE
48452,SAFE
23950,SAFE
18_NEW7,SAFE
New_W188_0233,SAFE
New_W188_0229,SAFE
2372,SAFE
6513,SAFE
10622,SAFE
25659,SAFE
24095,SAFE
60238,SAFE
60403,SAFE
59893,SAFE
59844,SAFE
60239,SAFE
59845,SAFE
60405,SAFE
28685,SAFE
24399,SAFE
23053,SAFE
"34354
",SAFE
"49297
",SAFE
37590,SAFE
36799,SAFE
153rd035,SAFE
35231,SAFE
18180,SAFE
7895,SAFE
17656,SAFE
9949,SAFE
090_New_02_D,SAFE
90_New65,SAFE
090_New_15_D,SAFE
11038,SAFE
14595,SAFE
2241,SAFE
16580,SAFE
14590,SAFE
2244,SAFE
17973,SAFE
14596,SAFE
3445,SAFE
17763,SAFE
New_W188_0022,SAFE
44908,SAFE
New_W188_0264,SAFE
45905,SAFE
40255,SAFE
36776,SAFE
12939,SAFE
3800,SAFE
6875,SAFE
38370,SAFE
29889,SAFE
33541,SAFE
49319,SAFE
49326,SAFE
42035,SAFE
42289,SAFE
46485,SAFE
37302,SAFE
14457,SAFE
16485,SAFE
12447,SAFE
8352,SAFE
12490,SAFE
31723,SAFE
37213,SAFE
30192,SAFE
39195,SAFE
29742,SAFE
2565,SAFE
4610,SAFE
16_NEW79,SAFE
48741,SAFE
16_NEW119,SAFE
34696,SAFE
8387,SAFE
2220,SAFE
7621,SAFE
10129,SAFE
17689,SAFE
9591,SAFE
15802,SAFE
13735,SAFE
17724,SAFE
3436,SAFE
5840,SAFE
12051,SAFE
15731,SAFE
17749,SAFE
11707,SAFE
18792,SAFE
17754,SAFE
11678,SAFE
9571,SAFE
7482,SAFE
17670,SAFE
4270,SAFE
16610,SAFE
163_New_2,SAFE
31554,SAFE
42432,SAFE
16187,SAFE
14164,SAFE
14678,SAFE
12633,SAFE
13755,SAFE
11726,SAFE
26332,SAFE
29052,SAFE
151RD018,SAFE
37384,SAFE
152RD009,SAFE
34158,SAFE
165_New_18,SAFE
37136,SAFE
17026,SAFE
8766,SAFE
17025,SAFE
U37,SAFE
46190,SAFE
50301,SAFE
51631,SAFE
50332,SAFE
51815,SAFE
38950,SAFE
34014,SAFE
33905,SAFE
6196,SAFE
W193N093,SAFE
38776,SAFE
41263,SAFE
26358,SAFE
26213,SAFE
60569,SAFE
29255,SAFE
55622,SAFE
55663,SAFE
59577,SAFE
23862,SAFE
59641,SAFE
9_New10,SAFE
4792,SAFE
15088,SAFE
13114,SAFE
8995,SAFE
W143rd031,SAFE
36241,SAFE
2791,SAFE
11048,SAFE
4857,SAFE
200_New_61,SAFE
5320,SAFE
11500,SAFE
5319,SAFE
136_NEW201,SAFE
32165,SAFE
40170,SAFE
1910003,SAFE
36058,SAFE
36578,SAFE
38779,SAFE
NA,SAFE
50100,SAFE
50173,SAFE
32564,SAFE
31766,SAFE
40282,SAFE
31931,SAFE
24396,SAFE
26538,SAFE
53632,SAFE
43808,SAFE
12320,SAFE
1973,SAFE
17_New_28,SAFE
48549,SAFE
14479,SAFE
55746,SAFE
43211,SAFE
New_W188_0010,SAFE
38419,SAFE
34492,SAFE
20_NEW7,SAFE
16552,SAFE
2202,SAFE
4222,SAFE
37629,SAFE
34938,SAFE
93_New19,SAFE
79_New_65,SAFE
9794,SAFE
180_NEW2,SAFE
18440,SAFE
22953,SAFE
25470,SAFE
27862,SAFE
22935,SAFE
25172,SAFE
27861,SAFE
23368,SAFE
23367,SAFE
25177,SAFE
50970,SAFE
5433,SAFE
18356,SAFE
13634,SAFE
4252,SAFE
2152,SAFE
2242,SAFE
14669,SAFE
16661,SAFE
4325,SAFE
DIV187STR001,SAFE
63W_New_2,SAFE
5352,SAFE
15368,SAFE
5543,SAFE
3401,SAFE
48389,SAFE
48064,SAFE
18_NEW,SAFE
11795,SAFE
128_NEW13,SAFE
5410,SAFE
8015,SAFE
9485,SAFE
3274,SAFE
26032,SAFE
25013,SAFE
27732,SAFE
25019,SAFE
29769,SAFE
25480,SAFE
26361,SAFE
25178,SAFE
83_New_112,SAFE
New_W188_0121,SAFE
New_W188_0117,SAFE
32121,SAFE
153rd060,SAFE
24857,SAFE
92_New130,SAFE
12434,SAFE
4165,SAFE
2210,SAFE
48398,SAFE
24672,SAFE
28040,SAFE
26300,SAFE
35701,SAFE
38466,SAFE
30999,SAFE
29906,SAFE
34555,SAFE
6346,SAFE
14562,SAFE
25201,SAFE
28492,SAFE
25948,SAFE
50638,SAFE
38604,SAFE
35774,SAFE
35423,SAFE
33074,SAFE
34651,SAFE
38616,SAFE
38142,SAFE
7440,SAFE
9602,SAFE
17630,SAFE
102_New_2,SAFE
43121,SAFE
7057,SAFE
12043,SAFE
3638,SAFE
17977,SAFE
13940,SAFE
9828,SAFE
83_New_103,SAFE
13026,SAFE
2585,SAFE
15863,SAFE
11852,SAFE
14020,SAFE
7650,SAFE
3700,SAFE
11577,SAFE
17_New_11,SAFE
17_New_35,SAFE
17552,SAFE
17441,SAFE
80_New_6,SAFE
80_New_26,SAFE
83_New_4,SAFE
24946,SAFE
6528,SAFE
14767,SAFE
2384,SAFE
86_New171,SAFE
86_New166,SAFE
86_New170,SAFE
25980,SAFE
31980,SAFE
46097,SAFE
45377,SAFE
35574,SAFE
45317,SAFE
24329,SAFE
31_New_4,SAFE
26612,SAFE
19104,SAFE
7574,SAFE
25559,SAFE
56359,SAFE
55869,SAFE
55867,SAFE
24040,SAFE
25558,SAFE
55872,SAFE
24038,SAFE
37082,SAFE
36635,SAFE
35232,SAFE
45375,SAFE
5546,SAFE
9672,SAFE
7570,SAFE
44345,SAFE
45823,SAFE
W194N001,SAFE
NEW1690021,SAFE
NEW1690020,SAFE
86_New117,SAFE
41080,SAFE
42027,SAFE
41595,SAFE
36150,SAFE
W149RD21,SAFE
31445,SAFE
35180,SAFE
32047,SAFE
40764,SAFE
33710,SAFE
39875,SAFE
30157,SAFE
32360,SAFE
35979,SAFE
38165,SAFE
W149RD31,SAFE
32568,SAFE
W149RD32,SAFE
29799,SAFE
34729,SAFE
12427,SAFE
16470,SAFE
10372,SAFE
14557,SAFE
2216,SAFE
16561,SAFE
14444,SAFE
12425,SAFE
8386,SAFE
4233,SAFE
12525,SAFE
37483,SAFE
35510,SAFE
38513,SAFE
44326,SAFE
2761,SAFE
11009,SAFE
6914,SAFE
29374,SAFE
91_NEW28,SAFE
24268,SAFE
24692,SAFE
91_NEW27,SAFE
82_NEW_39,SAFE
37383,SAFE
35546,SAFE
36294,SAFE
33584,SAFE
40888,SAFE
36804,SAFE
31491,SAFE
NEW1690081,SAFE
32956,SAFE
NEW1690082,SAFE
31363,SAFE
NEW1690099,SAFE
49035,SAFE
NEW1690061,SAFE
NEW1690050,SAFE
30990,SAFE
54777,SAFE
28100,SAFE
4278,SAFE
14616,SAFE
2263,SAFE
4208,SAFE
29995,SAFE
46015,SAFE
41023,SAFE
37991,SAFE
43546,SAFE
26131,SAFE
30863,SAFE
34894,SAFE
34346,SAFE
10084,SAFE
5494,SAFE
198_New_117,SAFE
198_New_38,SAFE
5179,SAFE
11369,SAFE
26973,SAFE
12623,SAFE
12622,SAFE
37694,SAFE
31881,SAFE
13275,SAFE
2942,SAFE
9136,SAFE
7097,SAFE
7096,SAFE
13156,SAFE
26_NEW134,SAFE
26_NEW141,SAFE
26_NEW140,SAFE
26_NEW138,SAFE
26_NEW137,SAFE
26_NEW142,SAFE
44552,SAFE
W192N037,SAFE
44936,SAFE
45696,SAFE
50215,SAFE
44683,SAFE
41799,SAFE
15333,SAFE
17327,SAFE
17325,SAFE
6258,SAFE
10338,SAFE
4152,SAFE
4512,SAFE
6597,SAFE
26569,SAFE
22985,SAFE
49946,SAFE
9319,SAFE
17420,SAFE
33_NEW7,SAFE
033_New_05_D,SAFE
033_New_04_D,SAFE
28696,SAFE
16_NEW22,SAFE
17721,SAFE
15837,SAFE
17700,SAFE
11797,SAFE
"34175
",SAFE
8768,SAFE
4641,SAFE
14043,SAFE
16063,SAFE
"DN189STR041
",SAFE
51548,SAFE
52027,SAFE
51553,SAFE
51552,SAFE
51551,SAFE
52026,SAFE
51550,SAFE
52025,SAFE
57860,SAFE
60554,SAFE
146RD007,SAFE
45782,SAFE
40622,SAFE
42307,SAFE
44442,SAFE
2334,SAFE
6419,SAFE
12413,SAFE
10744,SAFE
12896,SAFE
066_NEW,SAFE
2584,SAFE
10845,SAFE
8761,SAFE
11689,SAFE
3422,SAFE
26287,SAFE
23435,SAFE
030_New_09_D,SAFE
35717,SAFE
38226,SAFE
15813,SAFE
17946,SAFE
4414,SAFE
10761,SAFE
2515,SAFE
30375,SAFE
31745,SAFE
41035,SAFE
34458,SAFE
38286,SAFE
38943,SAFE
5196,SAFE
11189,SAFE
13438,SAFE
3725,SAFE
3686,SAFE
48957,SAFE
W1680017,SAFE
6553,SAFE
10570,SAFE
12730,SAFE
2320,SAFE
2414,SAFE
2416,SAFE
4454,SAFE
27769,SAFE
24271,SAFE
18654,SAFE
42723,SAFE
18682,SAFE
18605,SAFE
88_New28,SAFE
24969,SAFE
24537,SAFE
25743,SAFE
50627,SAFE
48257,SAFE
30258,SAFE
39070,SAFE
27121,SAFE
9_New9,SAFE
9_New2,SAFE
59974,SAFE
"43685
",SAFE
"43682
",SAFE
6312,SAFE
10398,SAFE
8323,SAFE
6315,SAFE
6314,SAFE
26537,SAFE
33337,SAFE
W155N006,SAFE
40042,SAFE
9790,SAFE
17779,SAFE
24863,SAFE
25212,SAFE
55261,SAFE
11159,SAFE
17209,SAFE
13228,SAFE
7054,SAFE
10154,SAFE
10153,SAFE
8981,SAFE
13050,SAFE
6898,SAFE
3774,SAFE
3772,SAFE
5865,SAFE
12306,SAFE
6135,SAFE
49998,SAFE
49997,SAFE
49999,SAFE
10675,SAFE
14796,SAFE
8499,SAFE
36110,SAFE
New_33_150,SAFE
New_51_150,SAFE
New_50_150,SAFE
New_30_150,SAFE
26694,SAFE
12035,SAFE
16951,SAFE
29838,SAFE
36851,SAFE
93_New139,SAFE
29592,SAFE
5919,SAFE
178_NEW9,SAFE
28994,SAFE
53786,SAFE
25863,SAFE
26410,SAFE
26601,SAFE
10500,SAFE
2257,SAFE
12679,SAFE
37W_New,SAFE
10612,SAFE
5336,SAFE
49071,SAFE
24433,SAFE
50868,SAFE
50867,SAFE
50866,SAFE
50865,SAFE
50864,SAFE
36441,SAFE
007_New_52_D,SAFE
23050,SAFE
7_New27,SAFE
W194N040,SAFE
W194N033,SAFE
28357,SAFE
27098,SAFE
26840,SAFE
27100,SAFE
27937,SAFE
52024,SAFE
51542,SAFE
3692,SAFE
12648,SAFE
10577,SAFE
14698,SAFE
8735,SAFE
23441,SAFE
27129,SAFE
64594,SAFE
64301,SAFE
6113,SAFE
90_New27,SAFE
90_NEW280,SAFE
90_New26,SAFE
13494,SAFE
7294,SAFE
15488,SAFE
22785,SAFE
23505,SAFE
24977,SAFE
10565,SAFE
6473,SAFE
6472,SAFE
14942,SAFE
4644,SAFE
12913,SAFE
41877,SAFE
31450,SAFE
40782,SAFE
39059,SAFE
41809,SAFE
17516,SAFE
84_NEW14,SAFE
24662,SAFE
25585,SAFE
8534,SAFE
2348,SAFE
2362,SAFE
8538,SAFE
6501,SAFE
8537,SAFE
24_NEW_19,SAFE
24_New_41,SAFE
26000,SAFE
60464,SAFE
60352,SAFE
5592,SAFE
11769,SAFE
5591,SAFE
35033,SAFE
36186,SAFE
40065,SAFE
48178,SAFE
48282,SAFE
48281,SAFE
48187,SAFE
48522,SAFE
48021,SAFE
48188,SAFE
48590,SAFE
48519,SAFE
48039,SAFE
14153,SAFE
14146,SAFE
3701,SAFE
11977,SAFE
8655,SAFE
4520,SAFE
8652,SAFE
6610,SAFE
40040,SAFE
156_NEW129,SAFE
35487,SAFE
156_NEW121,SAFE
9722,SAFE
9721,SAFE
8949,SAFE
8948,SAFE
8950,SAFE
29606,SAFE
48950,SAFE
85_NEW55,SAFE
24937,SAFE
85_NEW56,SAFE
85_NEW51,SAFE
13439,SAFE
11691,SAFE
13726,SAFE
10402,SAFE
12957,SAFE
8819,SAFE
10904,SAFE
17258,SAFE
17256,SAFE
5019,SAFE
W192N016,SAFE
W192N015,SAFE
11103,SAFE
4903,SAFE
11104,SAFE
3435,SAFE
11702,SAFE
3429,SAFE
3432,SAFE
33705,SAFE
NEW ROAD 9,SAFE
W190ST107,SAFE
"DN190STR007
",SAFE
W190ST106,SAFE
86_New13,SAFE
23159,SAFE
49743,SAFE
5484,SAFE
9435,SAFE
17796,SAFE
5567,SAFE
13773,SAFE
11745,SAFE
7579,SAFE
49157,SAFE
36807,SAFE
35108,SAFE
34871,SAFE
38560,SAFE
34239,SAFE
New_W188_0265,SAFE
New_W188_0267,SAFE
49154,SAFE
40457,SAFE
6714,SAFE
40069,SAFE
30205,SAFE
45967,SAFE
2511,SAFE
14868,SAFE
14867,SAFE
15737,SAFE
64314,SAFE
1954,SAFE
6137,SAFE
4038,SAFE
16316,SAFE
6131,SAFE
4037,SAFE
6132,SAFE
10294,SAFE
14040,SAFE
17994,SAFE
11618,SAFE
7456,SAFE
25704,SAFE
27709,SAFE
34266,SAFE
33489,SAFE
31000,SAFE
32169,SAFE
40950,SAFE
12710,SAFE
4425,SAFE
"49490
",SAFE
"49489
",SAFE
31367,SAFE
45805,SAFE
32769,SAFE
2421,SAFE
10587,SAFE
12734,SAFE
8929,SAFE
3840,SAFE
2619,SAFE
37660,SAFE
165_New_42,SAFE
31098,SAFE
30231,SAFE
33179,SAFE
16349,SAFE
14320,SAFE
16345,SAFE
16346,SAFE
6163,SAFE
15454,SAFE
14321,SAFE
1982,SAFE
16347,SAFE
8167,SAFE
6164,SAFE
6165,SAFE
12198,SAFE
2066,SAFE
14401,SAFE
2063,SAFE
33165,SAFE
32118,SAFE
31511,SAFE
36263,SAFE
41508,SAFE
33031,SAFE
35477,SAFE
31315,SAFE
W155N002,SAFE
35611,SAFE
38548,SAFE
38632,SAFE
32514,SAFE
41480,SAFE
39918,SAFE
37052,SAFE
59711,SAFE
58028,SAFE
12653,SAFE
2331,SAFE
8513,SAFE
22827,SAFE
39966,SAFE
200_New_27,SAFE
38773,SAFE
200_New_55,SAFE
31459,SAFE
42363,SAFE
W190ST036,SAFE
W193N044,SAFE
W193N047,SAFE
31409,SAFE
39032,SAFE
35029,SAFE
27159,SAFE
12383,SAFE
14391,SAFE
6237,SAFE
16726,SAFE
16747,SAFE
14488,SAFE
10633,SAFE
14782,SAFE
3978,SAFE
3611,SAFE
14236,SAFE
5959,SAFE
3740,SAFE
6211,SAFE
42626,SAFE
8429,SAFE
42622,SAFE
42621,SAFE
14615,SAFE
13705,SAFE
9649,SAFE
90_New49,SAFE
90_New48,SAFE
90_New66,SAFE
90_New52,SAFE
9352,SAFE
13478,SAFE
15471,SAFE
30721,SAFE
45321,SAFE
37804,SAFE
31843,SAFE
86_New84,SAFE
86_New90,SAFE
86_New83,SAFE
6308,SAFE
38476,SAFE
15626,SAFE
18061,SAFE
11593,SAFE
13615,SAFE
13613,SAFE
13614,SAFE
7434,SAFE
5404,SAFE
15627,SAFE
11594,SAFE
W149RD19,SAFE
40719,SAFE
32309,SAFE
5246,SAFE
41198,SAFE
34746,SAFE
11323,SAFE
9271,SAFE
10807,SAFE
6548,SAFE
4569,SAFE
14792,SAFE
14791,SAFE
19_NEW29,SAFE
19_NEW30,SAFE
67615,SAFE
U12,SAFE
45973,SAFE
34179,SAFE
10031,SAFE
18162,SAFE
18158,SAFE
003_New_031_D,SAFE
10523,SAFE
14648,SAFE
27902,SAFE
26401,SAFE
26619,SAFE
16698,SAFE
8535,SAFE
8536,SAFE
6509,SAFE
6589,SAFE
14828,SAFE
85_NEW3,SAFE
85_NEW5,SAFE
9245,SAFE
5112,SAFE
7177,SAFE
17358,SAFE
9452,SAFE
9243,SAFE
17361,SAFE
40264,SAFE
14423,SAFE
16423,SAFE
14418,SAFE
15763,SAFE
13241,SAFE
13244,SAFE
7055,SAFE
41455,SAFE
48700,SAFE
3361,SAFE
13656,SAFE
22906,SAFE
28128,SAFE
7750,SAFE
17930,SAFE
7697,SAFE
5594,SAFE
11278,SAFE
9197,SAFE
4897,SAFE
36322,SAFE
40281,SAFE
NEW1690033,SAFE
40488,SAFE
33311,SAFE
48954,SAFE
W1680009,SAFE
18225,SAFE
10092,SAFE
27987,SAFE
25954,SAFE
26016,SAFE
41073,SAFE
43398,SAFE
34627,SAFE
8891,SAFE
40374,SAFE
36099,SAFE
12210,SAFE
8044,SAFE
10142,SAFE
23496,SAFE
26293,SAFE
28903,SAFE
26351,SAFE
26246,SAFE
89_New1,SAFE
49621,SAFE
34832,SAFE
33060,SAFE
34574,SAFE
33899,SAFE
43392,SAFE
DN184STR033,SAFE
DN184STR032,SAFE
DN184STR031,SAFE
41092,SAFE
DN184STR030,SAFE
43423,SAFE
3364,SAFE
15970,SAFE
5030,SAFE
13283,SAFE
11246,SAFE
13284,SAFE
8472,SAFE
12612,SAFE
10545,SAFE
30162,SAFE
39126,SAFE
36559,SAFE
6407,SAFE
4257,SAFE
12553,SAFE
8416,SAFE
4258,SAFE
12554,SAFE
16094,SAFE
8301,SAFE
16476,SAFE
6303,SAFE
11835,SAFE
13821,SAFE
7631,SAFE
13822,SAFE
7630,SAFE
40473,SAFE
32916,SAFE
14858,SAFE
4566,SAFE
16830,SAFE
6482,SAFE
38097,SAFE
36519,SAFE
50273,SAFE
49976,SAFE
50096,SAFE
49980,SAFE
49982,SAFE
50279,SAFE
50097,SAFE
11679,SAFE
16_NEW10,SAFE
23062,SAFE
DN184STR036,SAFE
23474,SAFE
25879,SAFE
36520,SAFE
33938,SAFE
39506,SAFE
13079,SAFE
13175,SAFE
48872,SAFE
15756,SAFE
13784,SAFE
15804,SAFE
7549,SAFE
10641,SAFE
16735,SAFE
12708,SAFE
10642,SAFE
26853,SAFE
24577,SAFE
49981,SAFE
9224,SAFE
13348,SAFE
13350,SAFE
15343,SAFE
5088,SAFE
26458,SAFE
5894,SAFE
7910,SAFE
11439,SAFE
7292,SAFE
27809,SAFE
26722,SAFE
33878,SAFE
53429,SAFE
53751,SAFE
53554,SAFE
33811,SAFE
30287,SAFE
30635,SAFE
82_NEW_127,SAFE
1910006,SAFE
1910012,SAFE
1910005,SAFE
W185ST020,SAFE
40510,SAFE
40663,SAFE
36221,SAFE
45136,SAFE
50618,SAFE
50617,SAFE
5272,SAFE
51537,SAFE
51529,SAFE
15501,SAFE
17480,SAFE
9920,SAFE
3733,SAFE
16041,SAFE
5824,SAFE
12013,SAFE
22966,SAFE
24333,SAFE
W194N110,SAFE
W194N113,SAFE
W194N112,SAFE
9843,SAFE
5304,SAFE
13979,SAFE
41768,SAFE
39425,SAFE
36826,SAFE
50901,SAFE
5231,SAFE
17344,SAFE
3133,SAFE
8883,SAFE
064_NEW16,SAFE
10953,SAFE
"43759
",SAFE
"34909
",SAFE
7_New25,SAFE
57930,SAFE
9217,SAFE
15339,SAFE
13347,SAFE
9218,SAFE
14234,SAFE
37564,SAFE
11373,SAFE
5182,SAFE
9311,SAFE
13431,SAFE
16071,SAFE
171_NEW1,SAFE
9967,SAFE
W196N018,SAFE
4313,SAFE
12611,SAFE
12608,SAFE
32756,SAFE
34747,SAFE
14442,SAFE
6197,SAFE
6193,SAFE
10272,SAFE
6192,SAFE
4161,SAFE
2105,SAFE
23448,SAFE
27511,SAFE
29403,SAFE
26888,SAFE
24871,SAFE
24617,SAFE
27506,SAFE
24616,SAFE
24035,SAFE
27505,SAFE
27504,SAFE
28646,SAFE
24615,SAFE
17124,SAFE
U26,SAFE
23_NEW_12,SAFE
23_New_12,SAFE
31910,SAFE
153rd032,SAFE
13918,SAFE
39620,SAFE
W192N029,SAFE
68641,SAFE
W192N031,SAFE
50441,SAFE
32093,SAFE
200_New_68,SAFE
200_New_39,SAFE
31224,SAFE
4143,SAFE
10342,SAFE
8259,SAFE
27600,SAFE
27601,SAFE
24964,SAFE
28213,SAFE
14103,SAFE
3826,SAFE
40099,SAFE
38514,SAFE
37053,SAFE
83_New_45,SAFE
83_New_34,SAFE
83_New_35,SAFE
8646,SAFE
12782,SAFE
6598,SAFE
40794,SAFE
W194N115,SAFE
W194N117,SAFE
W194N114,SAFE
33092,SAFE
NEW ROAD 13,SAFE
NEW ROAD 12,SAFE
NEW ROAD 10,SAFE
11374,SAFE
93_New44,SAFE
38732,SAFE
29963,SAFE
92_New56,SAFE
24279,SAFE
92_New48,SAFE
36784,SAFE
38088,SAFE
29730,SAFE
10255,SAFE
2049,SAFE
37W_New_3,SAFE
68047,SAFE
67723,SAFE
9969,SAFE
31337,SAFE
32346,SAFE
33115,SAFE
W192N005,SAFE
33797,SAFE
W192N007,SAFE
32037,SAFE
16242,SAFE
18271,SAFE
36236,SAFE
38812,SAFE
32344,SAFE
17963,SAFE
9813,SAFE
25569,SAFE
24048,SAFE
24638,SAFE
27251,SAFE
2489,SAFE
10544,SAFE
16815,SAFE
26480,SAFE
53592,SAFE
11796,SAFE
13955,SAFE
11798,SAFE
17499,SAFE
53510,SAFE
W194N030,SAFE
W194N063,SAFE
16600,SAFE
16599,SAFE
14606,SAFE
17865,SAFE
3543,SAFE
16180,SAFE
17997,SAFE
9732,SAFE
7927,SAFE
5429,SAFE
23022,SAFE
29035,SAFE
24807,SAFE
11388,SAFE
9323,SAFE
15553,SAFE
24_New_38,SAFE
26593,SAFE
54300,SAFE
50475,SAFE
37038,SAFE
34482,SAFE
49939,SAFE
27694,SAFE
67594,SAFE
27057,SAFE
27058,SAFE
NEW ROAD 22,SAFE
38189,SAFE
17061,SAFE
8927,SAFE
6905,SAFE
10993,SAFE
NEW ROAD 31,SAFE
33734,SAFE
38480,SAFE
36349,SAFE
W149RD30,SAFE
W149RD06,SAFE
38252,SAFE
39350,SAFE
33865,SAFE
12085,SAFE
18148,SAFE
14089,SAFE
8602,SAFE
10075,SAFE
18085,SAFE
11899,SAFE
14151,SAFE
7411,SAFE
15704,SAFE
6408,SAFE
35830,SAFE
39516,SAFE
25107,SAFE
23556,SAFE
29334,SAFE
24386,SAFE
28237,SAFE
14695,SAFE
8736,SAFE
27669,SAFE
66244,SAFE
27668,SAFE
13_New6,SAFE
5012,SAFE
11219,SAFE
15270,SAFE
55398,SAFE
7817,SAFE
6027,SAFE
8338,SAFE
198_New_133,SAFE
198_New_131,SAFE
198_New_130,SAFE
25999,SAFE
28470,SAFE
25994,SAFE
3383,SAFE
25313,SAFE
25729,SAFE
25345,SAFE
29519,SAFE
28797,SAFE
14413,SAFE
14414,SAFE
16442,SAFE
14723,SAFE
8551,SAFE
10405,SAFE
2368,SAFE
6508,SAFE
6500,SAFE
16693,SAFE
2683,SAFE
17012,SAFE
17011,SAFE
8855,SAFE
15028,SAFE
12562,SAFE
14609,SAFE
16602,SAFE
12565,SAFE
6416,SAFE
27222,SAFE
32250,SAFE
37790,SAFE
15456,SAFE
3128,SAFE
10485,SAFE
16591,SAFE
16594,SAFE
13535,SAFE
9424,SAFE
15550,SAFE
9425,SAFE
42384,SAFE
40027,SAFE
17186,SAFE
9070,SAFE
17375,SAFE
17388,SAFE
13381,SAFE
88_New3,SAFE
25940,SAFE
27346,SAFE
88_New4,SAFE
25937,SAFE
10536,SAFE
16639,SAFE
8439,SAFE
24343,SAFE
25926,SAFE
14997,SAFE
8824,SAFE
10909,SAFE
"33238
",SAFE
"33318
",SAFE
5148,SAFE
32603,SAFE
33870,SAFE
33550,SAFE
31028,SAFE
15976,SAFE
5659,SAFE
15977,SAFE
15975,SAFE
9755,SAFE
9754,SAFE
8257,SAFE
16444,SAFE
6254,SAFE
W189ST033,SAFE
49308,SAFE
27670,SAFE
40437,SAFE
12505,SAFE
4220,SAFE
8363,SAFE
55377,SAFE
55378,SAFE
46203,SAFE
44238,SAFE
8072,SAFE
3083,SAFE
3082,SAFE
40028,SAFE
16099,SAFE
14067,SAFE
6376,SAFE
59757,SAFE
60294,SAFE
40206,SAFE
NEW ROAD 24,SAFE
30735,SAFE
41204,SAFE
90_New39,SAFE
90_New38,SAFE
24248,SAFE
86_New178,SAFE
8922,SAFE
10980,SAFE
10986,SAFE
42778,SAFE
42729,SAFE
11909,SAFE
15942,SAFE
50639,SAFE
33957,SAFE
27725,SAFE
25965,SAFE
30830,SAFE
32795,SAFE
49498,SAFE
42144,SAFE
11550,SAFE
43460,SAFE
46590,SAFE
14895,SAFE
5254,SAFE
9372,SAFE
83_New_115,SAFE
32131,SAFE
17239,SAFE
4991,SAFE
13229,SAFE
9084,SAFE
10033,SAFE
13623,SAFE
11614,SAFE
5424,SAFE
36075,SAFE
93_New48,SAFE
90_New25,SAFE
90_New40,SAFE
90_New47,SAFE
90_New53,SAFE
90_New24,SAFE
3789,SAFE
16087,SAFE
26816,SAFE
26810,SAFE
"30609
",SAFE
"49263
",SAFE
29494,SAFE
22937,SAFE
26181,SAFE
27467,SAFE
29703,SAFE
11289,SAFE
32235,SAFE
41753,SAFE
165_New_43,SAFE
39050,SAFE
38195,SAFE
14275,SAFE
14373,SAFE
60278,SAFE
60432,SAFE
59735,SAFE
W196N082,SAFE
36437,SAFE
39104,SAFE
2741,SAFE
13058,SAFE
13059,SAFE
30029,SAFE
27194,SAFE
34839,SAFE
35722,SAFE
NEW1690036,SAFE
35430,SAFE
29628,SAFE
28416,SAFE
24507,SAFE
22894,SAFE
26992,SAFE
28746,SAFE
10180,SAFE
10178,SAFE
6071,SAFE
14225,SAFE
17_New_44,SAFE
17_NEW_43,SAFE
9652,SAFE
NEW1690003,SAFE
5846,SAFE
7857,SAFE
35725,SAFE
37692,SAFE
32197,SAFE
34626,SAFE
29715,SAFE
31047,SAFE
37077,SAFE
153rd045,SAFE
29219,SAFE
26276,SAFE
24066,SAFE
29545,SAFE
10215,SAFE
W193N145,SAFE
39658,SAFE
18283,SAFE
3295,SAFE
46309,SAFE
85_NEW8,SAFE
85_NEW7,SAFE
26663,SAFE
50304,SAFE
50299,SAFE
51603,SAFE
2468,SAFE
10716,SAFE
5858,SAFE
6594,SAFE
9958,SAFE
3550,SAFE
11832,SAFE
14829,SAFE
17876,SAFE
10717,SAFE
10714,SAFE
12780,SAFE
12777,SAFE
13876,SAFE
15888,SAFE
17896,SAFE
4717,SAFE
8843,SAFE
2668,SAFE
6826,SAFE
15013,SAFE
4716,SAFE
2667,SAFE
15011,SAFE
91_NEW83,SAFE
23261,SAFE
14875,SAFE
8688,SAFE
8603,SAFE
W194N058,SAFE
36669,SAFE
17661,SAFE
7471,SAFE
17494,SAFE
9399,SAFE
"33988
",SAFE
"49399
",SAFE
7312,SAFE
33906,SAFE
34579,SAFE
146RD015,SAFE
34187,SAFE
36375,SAFE
27579,SAFE
29080,SAFE
23801,SAFE
14712,SAFE
4385,SAFE
8545,SAFE
14720,SAFE
10598,SAFE
10599,SAFE
14721,SAFE
14722,SAFE
10600,SAFE
6505,SAFE
4386,SAFE
12674,SAFE
8546,SAFE
2347,SAFE
26_New_32,SAFE
30_NEW_10,SAFE
33651,SAFE
42379,SAFE
30978,SAFE
14733,SAFE
8561,SAFE
43026,SAFE
12741,SAFE
43036,SAFE
10681,SAFE
8613,SAFE
2423,SAFE
16593,SAFE
4260,SAFE
10486,SAFE
6411,SAFE
33_NA,SAFE
4150,SAFE
37W_New_1,SAFE
6179,SAFE
12404,SAFE
32247,SAFE
41188,SAFE
11313,SAFE
10360,SAFE
18097,SAFE
7853,SAFE
16673,SAFE
8600,SAFE
48639,SAFE
48645,SAFE
48623,SAFE
42314,SAFE
36683,SAFE
42371,SAFE
32607,SAFE
26780,SAFE
17648,SAFE
15825,SAFE
37306,SAFE
33711,SAFE
29181,SAFE
79_New_82,SAFE
29482,SAFE
79_New_81,SAFE
23334,SAFE
079_New_04_D,SAFE
24495,SAFE
79_New_8,SAFE
079_New_01_D,SAFE
DN080STR046,SAFE
11966,SAFE
7795,SAFE
11968,SAFE
7796,SAFE
5773,SAFE
8661,SAFE
6621,SAFE
16818,SAFE
35624,SAFE
W194N131,SAFE
12243,SAFE
7777,SAFE
12242,SAFE
11100,SAFE
9110,SAFE
12163,SAFE
11636,SAFE
48106,SAFE
48105,SAFE
48436,SAFE
13068,SAFE
2661,SAFE
8840,SAFE
13067,SAFE
17000,SAFE
4808,SAFE
95_New_2,SAFE
16498,SAFE
2132,SAFE
10392,SAFE
11149,SAFE
200_New_10,SAFE
11363,SAFE
11364,SAFE
13199,SAFE
17173,SAFE
11131,SAFE
15202,SAFE
11132,SAFE
15201,SAFE
2881,SAFE
32412,SAFE
6877,SAFE
15054,SAFE
29827,SAFE
34804,SAFE
36418,SAFE
23209,SAFE
35081,SAFE
24758,SAFE
28169,SAFE
27447,SAFE
81_NEW9,SAFE
24751,SAFE
29582,SAFE
29162,SAFE
29166,SAFE
156_NEW145,SAFE
32891,SAFE
11519,SAFE
5343,SAFE
11518,SAFE
9795,SAFE
50456,SAFE
56325,SAFE
28835,SAFE
12041,SAFE
8951,SAFE
4815,SAFE
8945,SAFE
"49373
",SAFE
28673,SAFE
6_New3,SAFE
13885,SAFE
17419,SAFE
35690,SAFE
34967,SAFE
41755,SAFE
30506,SAFE
40931,SAFE
33419,SAFE
33820,SAFE
45268,SAFE
29142,SAFE
10111,SAFE
5365,SAFE
15596,SAFE
11598,SAFE
14185,SAFE
5996,SAFE
17631,SAFE
23283,SAFE
22897,SAFE
26099,SAFE
30001,SAFE
31029,SAFE
37846,SAFE
11902,SAFE
5387,SAFE
9542,SAFE
5245,SAFE
9232,SAFE
"32668
",SAFE
36274,SAFE
35377,SAFE
"41775
",SAFE
W190ST039,SAFE
45173,SAFE
55251,SAFE
17_NEW_40,SAFE
17_New_33,SAFE
5739,SAFE
42151,SAFE
49315,SAFE
49317,SAFE
49314,SAFE
37826,SAFE
27348,SAFE
24219,SAFE
14415,SAFE
14392,SAFE
2056,SAFE
2055,SAFE
030_New_25_D,SAFE
27_New_5,SAFE
030_New_01_D,SAFE
40491,SAFE
37975,SAFE
43394,SAFE
41765,SAFE
31634,SAFE
37217,SAFE
3472,SAFE
17490,SAFE
3273,SAFE
7828,SAFE
7432,SAFE
17943,SAFE
13902,SAFE
9752,SAFE
7706,SAFE
9569,SAFE
8393,SAFE
46W_New_5,SAFE
57666,SAFE
42364,SAFE
32522,SAFE
064_NEW11,SAFE
6878,SAFE
42730,SAFE
6647,SAFE
10755,SAFE
16834,SAFE
24113,SAFE
23693,SAFE
14587,SAFE
6402,SAFE
"DN190STR019
",SAFE
"33397
",SAFE
"39932
",SAFE
10482,SAFE
10483,SAFE
16579,SAFE
12549,SAFE
14591,SAFE
27172,SAFE
2012,SAFE
11058,SAFE
33434,SAFE
11706,SAFE
9638,SAFE
11710,SAFE
W196N107,SAFE
W196N074,SAFE
NEW9,SAFE
40443,SAFE
39057,SAFE
39600,SAFE
32476,SAFE
32596,SAFE
2617,SAFE
2618,SAFE
8791,SAFE
4687,SAFE
23300,SAFE
081_New_01_D,SAFE
81_NEW18,SAFE
81_NEW335,SAFE
29668,SAFE
27441,SAFE
23004,SAFE
81_NEW15,SAFE
3922,SAFE
6001,SAFE
12861,SAFE
16870,SAFE
10794,SAFE
10795,SAFE
80_NEW 11_D,SAFE
25391,SAFE
12169,SAFE
10110,SAFE
3910,SAFE
16208,SAFE
34552,SAFE
8925,SAFE
13053,SAFE
10988,SAFE
13488,SAFE
15484,SAFE
17469,SAFE
11436,SAFE
5727,SAFE
2774,SAFE
42669,SAFE
2945,SAFE
9138,SAFE
13277,SAFE
11229,SAFE
17262,SAFE
13276,SAFE
25932,SAFE
090_New_10_D,SAFE
95_New_1,SAFE
90_New15,SAFE
090_New_20_D,SAFE
6945,SAFE
090_New_18_D,SAFE
090_New_07_D,SAFE
11041,SAFE
090_New_03_D,SAFE
6946,SAFE
090_New_09_D,SAFE
88_New8,SAFE
40068,SAFE
35301,SAFE
5767,SAFE
7793,SAFE
4420,SAFE
8580,SAFE
10831,SAFE
11982,SAFE
6731,SAFE
27606,SAFE
24223,SAFE
27603,SAFE
88_New5,SAFE
27355,SAFE
28464,SAFE
29457,SAFE
22811,SAFE
35396,SAFE
40148,SAFE
39583,SAFE
34021,SAFE
"34021
",SAFE
16897,SAFE
200_New_17,SAFE
200_New_24,SAFE
200_New_16,SAFE
200_New_20,SAFE
200_New_19,SAFE
200_New_18,SAFE
DN080STR028,SAFE
11311,SAFE
New_29_150,SAFE
32039,SAFE
W193N029,SAFE
W193N031,SAFE
156_NEW131,SAFE
35480,SAFE
41588,SAFE
28823,SAFE
28562,SAFE
24182,SAFE
24181,SAFE
27051,SAFE
31156,SAFE
55048,SAFE
5669,SAFE
17904,SAFE
W190ST074,SAFE
"49442
",SAFE
5970,SAFE
10095,SAFE
5969,SAFE
7888,SAFE
45817,SAFE
31575,SAFE
45816,SAFE
45383,SAFE
11139,SAFE
11136,SAFE
17177,SAFE
7020,SAFE
86_New12,SAFE
11160,SAFE
13221,SAFE
9085,SAFE
2903,SAFE
NEW ROAD 29,SAFE
41738,SAFE
W193N113,SAFE
W193N111,SAFE
W193N110,SAFE
4982,SAFE
9105,SAFE
11180,SAFE
15238,SAFE
2919,SAFE
15247,SAFE
15236,SAFE
11181,SAFE
4894,SAFE
31864,SAFE
43481,SAFE
43472,SAFE
"38954
",SAFE
"43694
",SAFE
"41612
",SAFE
14832,SAFE
13468,SAFE
5805,SAFE
17259,SAFE
7092,SAFE
43034,SAFE
5920,SAFE
7454,SAFE
7415,SAFE
14655,SAFE
16650,SAFE
17818,SAFE
4158,SAFE
16461,SAFE
6275,SAFE
6272,SAFE
6273,SAFE
16457,SAFE
182_New12,SAFE
11898,SAFE
W190ST112,SAFE
W190ST113,SAFE
W190ST114,SAFE
3867,SAFE
12133,SAFE
3866,SAFE
10240,SAFE
3941,SAFE
14334,SAFE
38218,SAFE
6848,SAFE
2684,SAFE
W149RD05,SAFE
38017,SAFE
49894,SAFE
60408,SAFE
30695,SAFE
36456,SAFE
11736,SAFE
12803,SAFE
12805,SAFE
14179,SAFE
10112,SAFE
51023,SAFE
27869,SAFE
18524,SAFE
15816,SAFE
15935,SAFE
33956,SAFE
31064,SAFE
33251,SAFE
165_New_34,SAFE
32724,SAFE
41832,SAFE
W143rd067,SAFE
38257,SAFE
40225,SAFE
38867,SAFE
42308,SAFE
12277,SAFE
122_New_3,SAFE
13900,SAFE
10195,SAFE
3266,SAFE
34880,SAFE
35420,SAFE
7867,SAFE
3510,SAFE
12146,SAFE
67698,SAFE
6387,SAFE
14567,SAFE
46W_New_2,SAFE
2224,SAFE
24_NEW_17,SAFE
29528,SAFE
24_New_81,SAFE
24_New_82,SAFE
22728,SAFE
24_NA,SAFE
22730,SAFE
36616,SAFE
30345,SAFE
38645,SAFE
9010,SAFE
13132,SAFE
11073,SAFE
26944,SAFE
9409,SAFE
W196N098,SAFE
40626,SAFE
39028,SAFE
NEW ROAD 1,SAFE
8760,SAFE
4629,SAFE
40908,SAFE
W167N030,SAFE
W167N045,SAFE
W167N007,SAFE
41018,SAFE
26289,SAFE
23492,SAFE
27317,SAFE
25_NEW22,SAFE
16167,SAFE
18200,SAFE
10062,SAFE
4221,SAFE
48308,SAFE
24_New_4,SAFE
5222,SAFE
26674,SAFE
27070,SAFE
28319,SAFE
23137,SAFE
114_New_1,SAFE
17371,SAFE
13375,SAFE
26153,SAFE
11325,SAFE
37914,SAFE
5094,SAFE
7234,SAFE
3098,SAFE
14072,SAFE
7164,SAFE
15345,SAFE
13440,SAFE
36604,SAFE
DN184STR001,SAFE
32219,SAFE
26379,SAFE
51004,SAFE
50350,SAFE
51692,SAFE
24173,SAFE
50351,SAFE
50348,SAFE
50352,SAFE
11362,SAFE
7216,SAFE
15408,SAFE
5174,SAFE
13497,SAFE
W194N044,SAFE
W194N100,SAFE
W194N047,SAFE
W194N045,SAFE
W194N043,SAFE
5197,SAFE
15254,SAFE
11187,SAFE
7072,SAFE
13442,SAFE
17423,SAFE
26359,SAFE
24383,SAFE
22954,SAFE
"DN189STR075
",SAFE
"DN189STR073
",SAFE
15479,SAFE
14662,SAFE
2293,SAFE
4317,SAFE
151RD003,SAFE
35047,SAFE
29855,SAFE
39978,SAFE
51821,SAFE
37033,SAFE
14794,SAFE
2408,SAFE
8597,SAFE
39706,SAFE
43517,SAFE
34226,SAFE
40914,SAFE
41466,SAFE
17560,SAFE
83_New_73,SAFE
6723,SAFE
2575,SAFE
12894,SAFE
25443,SAFE
23353,SAFE
24417,SAFE
27475,SAFE
23345,SAFE
22884,SAFE
44943,SAFE
16309,SAFE
4032,SAFE
8119,SAFE
4031,SAFE
86_New89,SAFE
86_New91,SAFE
86_New92,SAFE
24281,SAFE
23182,SAFE
24282,SAFE
31039,SAFE
51811,SAFE
50314,SAFE
125_New_2,SAFE
9576,SAFE
8004,SAFE
16201,SAFE
7470,SAFE
11634,SAFE
40221,SAFE
"30279
",SAFE
"36205
",SAFE
12483,SAFE
4206,SAFE
34268,SAFE
9662,SAFE
3874,SAFE
5560,SAFE
11739,SAFE
9661,SAFE
82_NEW_158,SAFE
82_NEW_157,SAFE
82_NEW_159,SAFE
38079,SAFE
30919,SAFE
12912,SAFE
14941,SAFE
33754,SAFE
190_New_16_D,SAFE
"32347
",SAFE
190_New_11_D,SAFE
18196,SAFE
5948,SAFE
3859,SAFE
12125,SAFE
10060,SAFE
156_NEW173,SAFE
156_NEW33,SAFE
39487,SAFE
156_NEW176,SAFE
34471,SAFE
34312,SAFE
40784,SAFE
16_NEW74,SAFE
48559,SAFE
48763,SAFE
48762,SAFE
16_NEW75,SAFE
48759,SAFE
"32166
",SAFE
"40422
",SAFE
"33391
",SAFE
"37009
",SAFE
"49361
",SAFE
42802,SAFE
4450,SAFE
93_New6_1_D,SAFE
24323,SAFE
26092,SAFE
28921,SAFE
23249,SAFE
24859,SAFE
46798,SAFE
23506,SAFE
22788,SAFE
28189,SAFE
28486,SAFE
90_New10,SAFE
45611,SAFE
32549,SAFE
W190ST141,SAFE
33699,SAFE
33256,SAFE
14539,SAFE
7899,SAFE
15580,SAFE
11534,SAFE
9117,SAFE
86_New37,SAFE
25002,SAFE
5930,SAFE
16994,SAFE
6813,SAFE
2641,SAFE
4709,SAFE
16995,SAFE
16759,SAFE
12642,SAFE
16760,SAFE
6479,SAFE
37491,SAFE
4821,SAFE
2754,SAFE
12665,SAFE
4365,SAFE
6491,SAFE
6492,SAFE
14798,SAFE
26161,SAFE
82_NEW_37,SAFE
44957,SAFE
83_New_56,SAFE
83_NEW_77,SAFE
15799,SAFE
15800,SAFE
17701,SAFE
13744,SAFE
42721,SAFE
5538,SAFE
3525,SAFE
15840,SAFE
16802,SAFE
6588,SAFE
198_New_151,SAFE
41673,SAFE
51777,SAFE
27943,SAFE
50416,SAFE
16622,SAFE
10517,SAFE
10516,SAFE
8440,SAFE
14634,SAFE
17126,SAFE
8911,SAFE
29530,SAFE
25486,SAFE
25187,SAFE
54414,SAFE
54282,SAFE
27883,SAFE
54409,SAFE
24_New_27,SAFE
6026,SAFE
2_New11,SAFE
28387,SAFE
46716,SAFE
16337,SAFE
6152,SAFE
6153,SAFE
128_NEW12,SAFE
"49303
",SAFE
"33371
",SAFE
"49306
",SAFE
28808,SAFE
50873,SAFE
31701,SAFE
W1680018,SAFE
41363,SAFE
38683,SAFE
W1680005,SAFE
40319,SAFE
36694,SAFE
32377,SAFE
W189ST007,SAFE
"33312
",SAFE
"34242
",SAFE
57912,SAFE
26259,SAFE
7422,SAFE
11828,SAFE
30920,SAFE
35284,SAFE
183_New_65,SAFE
183_New_64,SAFE
5305,SAFE
13525,SAFE
12753,SAFE
4472,SAFE
12751,SAFE
12754,SAFE
8124,SAFE
8218,SAFE
1949,SAFE
16314,SAFE
16313,SAFE
1951,SAFE
6127,SAFE
2900,SAFE
4942,SAFE
102_NA_1,SAFE
11162,SAFE
11147,SAFE
40683,SAFE
NEW1690101,SAFE
NEW1690102,SAFE
NEW1690104,SAFE
NEW1690103,SAFE
NEW1690105,SAFE
14409,SAFE
16437,SAFE
30077,SAFE
34151,SAFE
37296,SAFE
26788,SAFE
14027,SAFE
11086,SAFE
4882,SAFE
17120,SAFE
2809,SAFE
4881,SAFE
13133,SAFE
11974,SAFE
7761,SAFE
5781,SAFE
5261,SAFE
11440,SAFE
49692,SAFE
10608,SAFE
12678,SAFE
10609,SAFE
13142,SAFE
9015,SAFE
6980,SAFE
48577,SAFE
13250,SAFE
15175,SAFE
4992,SAFE
2532,SAFE
6668,SAFE
8706,SAFE
8710,SAFE
11843,SAFE
9727,SAFE
11844,SAFE
13862,SAFE
7668,SAFE
8837,SAFE
2660,SAFE
2659,SAFE
15709,SAFE
13684,SAFE
4266,SAFE
10584,SAFE
14597,SAFE
14598,SAFE
5340,SAFE
3242,SAFE
17557,SAFE
9447,SAFE
18059,SAFE
16106,SAFE
5895,SAFE
16105,SAFE
9404,SAFE
5896,SAFE
4713,SAFE
4736,SAFE
6794,SAFE
30773,SAFE
"41352
",SAFE
13870,SAFE
17889,SAFE
5665,SAFE
13959,SAFE
10783,SAFE
6986,SAFE
9029,SAFE
36073,SAFE
35174,SAFE
2291,SAFE
12224,SAFE
9641,SAFE
6048,SAFE
12213,SAFE
10159,SAFE
11601,SAFE
17632,SAFE
17634,SAFE
33676,SAFE
30302,SAFE
33309,SAFE
33806,SAFE
30166,SAFE
New_W188_0248,SAFE
8510,SAFE
12874,SAFE
8517,SAFE
14701,SAFE
8518,SAFE
13237,SAFE
2913,SAFE
11168,SAFE
49896,SAFE
17922,SAFE
13888,SAFE
46839,SAFE
24805,SAFE
39953,SAFE
153rd013,SAFE
40727,SAFE
9973,SAFE
16_NEW73,SAFE
48758,SAFE
48766,SAFE
28758,SAFE
57332,SAFE
27050,SAFE
25507,SAFE
25502,SAFE
9091,SAFE
4958,SAFE
13225,SAFE
9089,SAFE
16812,SAFE
14846,SAFE
4511,SAFE
12786,SAFE
15569,SAFE
3245,SAFE
5347,SAFE
5345,SAFE
36568,SAFE
165_New_25,SAFE
38153,SAFE
13414,SAFE
3074,SAFE
13419,SAFE
3072,SAFE
3790,SAFE
34909,SAFE
34246,SAFE
36656,SAFE
39838,SAFE
NEW1690011,SAFE
40922,SAFE
37405,SAFE
39544,SAFE
48272,SAFE
48509,SAFE
48508,SAFE
48024,SAFE
48183,SAFE
48023,SAFE
48182,SAFE
48181,SAFE
48271,SAFE
48507,SAFE
48179,SAFE
33_NEW1,SAFE
50568,SAFE
37577,SAFE
37648,SAFE
44824,SAFE
6056,SAFE
3668,SAFE
3971,SAFE
197_New_8,SAFE
197_New_47,SAFE
197_New_46,SAFE
10703,SAFE
16793,SAFE
14815,SAFE
16321,SAFE
8132,SAFE
1957,SAFE
50089,SAFE
50082,SAFE
200_New_56,SAFE
48662,SAFE
48663,SAFE
27123,SAFE
95_New_13,SAFE
5875,SAFE
7892,SAFE
9605,SAFE
12161,SAFE
5982,SAFE
17435,SAFE
7250,SAFE
13461,SAFE
4885,SAFE
9014,SAFE
2819,SAFE
11090,SAFE
6973,SAFE
17070,SAFE
15102,SAFE
6915,SAFE
4819,SAFE
2759,SAFE
8946,SAFE
15098,SAFE
088_New_02_D,SAFE
14667,SAFE
3078,SAFE
16259,SAFE
10214,SAFE
1943,SAFE
16307,SAFE
11118,SAFE
13176,SAFE
13177,SAFE
11119,SAFE
7233,SAFE
26583,SAFE
2510,SAFE
16840,SAFE
2507,SAFE
7903,SAFE
2456,SAFE
4490,SAFE
123_New_6,SAFE
W192N039,SAFE
32682,SAFE
33648,SAFE
4720,SAFE
10922,SAFE
108_New_2,SAFE
15311,SAFE
11101,SAFE
W167N011,SAFE
6283,SAFE
16471,SAFE
4163,SAFE
144_New_07_D,SAFE
38491,SAFE
38023,SAFE
65037,SAFE
5441,SAFE
7894,SAFE
12244,SAFE
17320,SAFE
13333,SAFE
9207,SAFE
9561,SAFE
3906,SAFE
10962,SAFE
6876,SAFE
8833,SAFE
2712,SAFE
8937,SAFE
53363,SAFE
53362,SAFE
53515,SAFE
13563,SAFE
9463,SAFE
18007,SAFE
7373,SAFE
36172,SAFE
34763,SAFE
31121,SAFE
12284,SAFE
4015,SAFE
4016,SAFE
5099,SAFE
7167,SAFE
3809,SAFE
13514,SAFE
29591,SAFE
24464,SAFE
93_New104,SAFE
93_New105,SAFE
39545,SAFE
31820,SAFE
32866,SAFE
31052,SAFE
34533,SAFE
1910024,SAFE
38300,SAFE
1910023,SAFE
35353,SAFE
"38783
",SAFE
32301,SAFE
36062,SAFE
9359,SAFE
2695,SAFE
16871,SAFE
26_New_65,SAFE
6429,SAFE
12579,SAFE
7879,SAFE
3758,SAFE
5854,SAFE
5855,SAFE
6599,SAFE
8644,SAFE
16809,SAFE
32046,SAFE
41988,SAFE
152RD007,SAFE
50056,SAFE
W196N005,SAFE
36589,SAFE
DN184STR051,SAFE
35277,SAFE
064_NEW19,SAFE
064_NEW18,SAFE
14939,SAFE
2647,SAFE
48474,SAFE
48069,SAFE
29208,SAFE
W189ST041,SAFE
U36,SAFE
U32,SAFE
U33,SAFE
26709,SAFE
152RD041,SAFE
152RD040,SAFE
152RD016,SAFE
53578,SAFE
53404,SAFE
25531,SAFE
10222,SAFE
4046,SAFE
1963,SAFE
1964,SAFE
25395,SAFE
25326,SAFE
NEW1690006,SAFE
31366,SAFE
38225,SAFE
40776,SAFE
W149RD14,SAFE
48323,SAFE
48479,SAFE
42510,SAFE
40320,SAFE
42256,SAFE
96_New_1,SAFE
12829,SAFE
36909,SAFE
37355,SAFE
48681,SAFE
13102,SAFE
33715,SAFE
4326,SAFE
2300,SAFE
14510,SAFE
12479,SAFE
199_New_12,SAFE
199_New_14,SAFE
30123,SAFE
92_New51,SAFE
92_New136,SAFE
68252,SAFE
25154,SAFE
26502,SAFE
23652,SAFE
66725,SAFE
25249,SAFE
NEW1690022,SAFE
NEW1690023,SAFE
165_New_11,SAFE
165_New_03,SAFE
43332,SAFE
30709,SAFE
39996,SAFE
43343,SAFE
43395,SAFE
26756,SAFE
35491,SAFE
32743,SAFE
36772,SAFE
32424,SAFE
43366,SAFE
36199,SAFE
37794,SAFE
DN184STR018,SAFE
39404,SAFE
38486,SAFE
35558,SAFE
35218,SAFE
37854,SAFE
27001,SAFE
29169,SAFE
25605,SAFE
29170,SAFE
29100,SAFE
82_NEW_42,SAFE
22900,SAFE
82_NEW_75,SAFE
82_NEW_41,SAFE
82_NEW_77,SAFE
44948,SAFE
51006,SAFE
51011,SAFE
51010,SAFE
51009,SAFE
50942,SAFE
28_New_48,SAFE
53790,SAFE
28787,SAFE
23786,SAFE
24144,SAFE
12101,SAFE
10025,SAFE
15699,SAFE
16741,SAFE
12712,SAFE
37248,SAFE
29807,SAFE
31481,SAFE
33224,SAFE
37258,SAFE
38618,SAFE
31505,SAFE
30142,SAFE
4304,SAFE
3538,SAFE
7644,SAFE
9728,SAFE
5851,SAFE
16060,SAFE
18253,SAFE
7619,SAFE
16222,SAFE
5606,SAFE
16223,SAFE
5607,SAFE
14196,SAFE
18254,SAFE
5608,SAFE
3515,SAFE
15657,SAFE
13638,SAFE
11629,SAFE
5437,SAFE
13639,SAFE
35823,SAFE
9552,SAFE
17652,SAFE
45403,SAFE
37411,SAFE
25955,SAFE
24239,SAFE
183_New_72,SAFE
43268,SAFE
9304,SAFE
17707,SAFE
11661,SAFE
33196,SAFE
W193N142,SAFE
29709,SAFE
16633,SAFE
8456,SAFE
16635,SAFE
14641,SAFE
31006,SAFE
33169,SAFE
30907,SAFE
50872,SAFE
50878,SAFE
23105,SAFE
28807,SAFE
26644,SAFE
24162,SAFE
9630,SAFE
7935,SAFE
7934,SAFE
"35691
",SAFE
"33473
",SAFE
"49288
",SAFE
7548,SAFE
15773,SAFE
43829,SAFE
17774,SAFE
3479,SAFE
5526,SAFE
11752,SAFE
3431,SAFE
5573,SAFE
17261,SAFE
32882,SAFE
31280,SAFE
41973,SAFE
38952,SAFE
42309,SAFE
40182,SAFE
12794,SAFE
14850,SAFE
88_New10,SAFE
29385,SAFE
29885,SAFE
4458,SAFE
2420,SAFE
6657,SAFE
35179,SAFE
37607,SAFE
34875,SAFE
41784,SAFE
46489,SAFE
35892,SAFE
36943,SAFE
12537,SAFE
14592,SAFE
14572,SAFE
8485,SAFE
88_New12,SAFE
25918,SAFE
24970,SAFE
84_NEW5,SAFE
30928,SAFE
37942,SAFE
41343,SAFE
32014,SAFE
NEW1690044,SAFE
33696,SAFE
NEW1690035,SAFE
NEW1690043,SAFE
6251,SAFE
18812,SAFE
33610,SAFE
37469,SAFE
32179,SAFE
41484,SAFE
5937,SAFE
10054,SAFE
18188,SAFE
9516,SAFE
12117,SAFE
41991,SAFE
38356,SAFE
11347,SAFE
15402,SAFE
3055,SAFE
13412,SAFE
22813,SAFE
23429,SAFE
24117,SAFE
36278,SAFE
45253,SAFE
36655,SAFE
44546,SAFE
30107,SAFE
W196N100,SAFE
33665,SAFE
New_W188_0150,SAFE
8835,SAFE
4711,SAFE
4697,SAFE
DN080STR030,SAFE
40571,SAFE
W194N062,SAFE
W194N158,SAFE
16_NEW13,SAFE
47998,SAFE
12738,SAFE
3984,SAFE
3296,SAFE
8081,SAFE
10179,SAFE
144_New_03_D,SAFE
8775,SAFE
12914,SAFE
18_New_26,SAFE
18_NEW13,SAFE
18_New_27,SAFE
27612,SAFE
23612,SAFE
7_New24,SAFE
7_New26,SAFE
22825,SAFE
13932,SAFE
9706,SAFE
17972,SAFE
11781,SAFE
48263,SAFE
55816,SAFE
28993,SAFE
25513,SAFE
27918,SAFE
12281,SAFE
28751,SAFE
50525,SAFE
50578,SAFE
28133,SAFE
29601,SAFE
28750,SAFE
25719,SAFE
28116,SAFE
50532,SAFE
50537,SAFE
50526,SAFE
50538,SAFE
50536,SAFE
28141,SAFE
51846,SAFE
33_NEW16,SAFE
13407,SAFE
49185,SAFE
30255,SAFE
49186,SAFE
49187,SAFE
17575,SAFE
11502,SAFE
4098,SAFE
10307,SAFE
16401,SAFE
11756,SAFE
17806,SAFE
3997,SAFE
10578,SAFE
2328,SAFE
16683,SAFE
14333,SAFE
4117,SAFE
17424,SAFE
3104,SAFE
4750,SAFE
32_new,SAFE
15045,SAFE
9984,SAFE
065_NEW1,SAFE
New_W188_0099,SAFE
13139,SAFE
27707,SAFE
22989,SAFE
26941,SAFE
26942,SAFE
55154,SAFE
55822,SAFE
48484,SAFE
55167,SAFE
11638,SAFE
5454,SAFE
15667,SAFE
3356,SAFE
15668,SAFE
13652,SAFE
7476,SAFE
9565,SAFE
17666,SAFE
W190ST041,SAFE
"35351
",SAFE
19_NEW5,SAFE
48527,SAFE
25158,SAFE
23361,SAFE
26197,SAFE
23333,SAFE
26196,SAFE
24373,SAFE
27843,SAFE
65036,SAFE
64320,SAFE
10666,SAFE
4445,SAFE
3591,SAFE
17920,SAFE
3590,SAFE
7695,SAFE
6874,SAFE
4637,SAFE
8334,SAFE
14586,SAFE
4251,SAFE
17394,SAFE
8606,SAFE
2422,SAFE
12663,SAFE
6715,SAFE
14915,SAFE
17777,SAFE
5551,SAFE
15787,SAFE
9507,SAFE
15613,SAFE
34417,SAFE
35000,SAFE
11856,SAFE
30703,SAFE
9756,SAFE
16089,SAFE
14061,SAFE
14060,SAFE
New_W188_0004,SAFE
31009,SAFE
New_W188_0003,SAFE
43623,SAFE
33971,SAFE
40217,SAFE
32262,SAFE
26272,SAFE
23085,SAFE
10970,SAFE
NEW ROAD 5,SAFE
45035,SAFE
15031,SAFE
6851,SAFE
15032,SAFE
13216,SAFE
39770,SAFE
33270,SAFE
33105,SAFE
34504,SAFE
39550,SAFE
37839,SAFE
156_NEW2,SAFE
156_NEW11,SAFE
156_NEW12,SAFE
156_NEW51,SAFE
82_NEW_69,SAFE
28645,SAFE
24613,SAFE
198_New_134,SAFE
198_New_135,SAFE
46074,SAFE
080_New_01_D,SAFE
26203,SAFE
24496,SAFE
32530,SAFE
34677,SAFE
83_New_110,SAFE
23843,SAFE
15338,SAFE
37742,SAFE
38581,SAFE
27179,SAFE
27239,SAFE
W192N011,SAFE
48409,SAFE
11849,SAFE
11942,SAFE
17992,SAFE
3696,SAFE
9873,SAFE
198_New_30,SAFE
198_New_32,SAFE
198_New_150,SAFE
28742,SAFE
32_new3,SAFE
28749,SAFE
40821,SAFE
32429,SAFE
87_NEW21,SAFE
28012,SAFE
9266,SAFE
7198,SAFE
9258,SAFE
9265,SAFE
33207,SAFE
42441,SAFE
31971,SAFE
10604,SAFE
2359,SAFE
11639,SAFE
27968,SAFE
26009,SAFE
24975,SAFE
28900,SAFE
89_New2,SAFE
27287,SAFE
5291,SAFE
27857,SAFE
26209,SAFE
16_NEW34,SAFE
16_NEW35,SAFE
25452,SAFE
29500,SAFE
41334,SAFE
41200,SAFE
36364,SAFE
38787,SAFE
31223,SAFE
5833,SAFE
27865,SAFE
42535,SAFE
31051,SAFE
42319,SAFE
W167N016,SAFE
34792,SAFE
30006,SAFE
W167N014,SAFE
W194N161,SAFE
W194N050,SAFE
W194N160,SAFE
W194N188,SAFE
156_NEW57,SAFE
43827,SAFE
88_New35,SAFE
89_NA,SAFE
5403,SAFE
15625,SAFE
9523,SAFE
11590,SAFE
17622,SAFE
139_NEW2,SAFE
11592,SAFE
11591,SAFE
17623,SAFE
3316,SAFE
4954,SAFE
2905,SAFE
7047,SAFE
63W_New_15,SAFE
9240,SAFE
39354,SAFE
"DN189STR025
",SAFE
28430,SAFE
83_New_46,SAFE
27597,SAFE
83_New_51,SAFE
49523,SAFE
40757,SAFE
38254,SAFE
41892,SAFE
44902,SAFE
152RD013,SAFE
37261,SAFE
7840,SAFE
7061,SAFE
2899,SAFE
15242,SAFE
49567,SAFE
W196N046,SAFE
30442,SAFE
30543,SAFE
27192,SAFE
31412,SAFE
49669,SAFE
11991,SAFE
18053,SAFE
41958,SAFE
165_NA,SAFE
3713,SAFE
35589,SAFE
5797,SAFE
12020,SAFE
9940,SAFE
5843,SAFE
5844,SAFE
34815,SAFE
35801,SAFE
41909,SAFE
32820,SAFE
36179,SAFE
41690,SAFE
27975,SAFE
16_NEW54,SAFE
16_NEW53,SAFE
3850,SAFE
4798,SAFE
069_NEW3,SAFE
069_NEW11,SAFE
069_NA,SAFE
11429,SAFE
17465,SAFE
11916,SAFE
17970,SAFE
3626,SAFE
13928,SAFE
11992,SAFE
11879,SAFE
5713,SAFE
17968,SAFE
38392,SAFE
W143rd017,SAFE
27267,SAFE
68637,SAFE
24881,SAFE
2385,SAFE
5876,SAFE
3791,SAFE
92_New1492_New14,SAFE
28892,SAFE
15684,SAFE
15683,SAFE
38369,SAFE
30452,SAFE
31292,SAFE
15266,SAFE
87_NEW4,SAFE
25029,SAFE
6045,SAFE
10145,SAFE
10144,SAFE
14838,SAFE
58W_New_1,SAFE
5232,SAFE
6604,SAFE
11115,SAFE
9118,SAFE
4025,SAFE
12298,SAFE
38698,SAFE
W149RD13,SAFE
32999,SAFE
38850,SAFE
30818,SAFE
35209,SAFE
36522,SAFE
37249,SAFE
32414,SAFE
10279,SAFE
25516,SAFE
68570,SAFE
14769,SAFE
3409,SAFE
4288,SAFE
6433,SAFE
8433,SAFE
14630,SAFE
6431,SAFE
2463,SAFE
8632,SAFE
14822,SAFE
14975,SAFE
14976,SAFE
12946,SAFE
6789,SAFE
3421,SAFE
32265,SAFE
34314,SAFE
35655,SAFE
7350,SAFE
5325,SAFE
3214,SAFE
35821,SAFE
45901,SAFE
35318,SAFE
37419,SAFE
NEW ROAD 6,SAFE
41968,SAFE
31379,SAFE
44615,SAFE
32354,SAFE
27240,SAFE
36143,SAFE
W193N065,SAFE
W193N101,SAFE
W193N066,SAFE
44652,SAFE
91_NEW89,SAFE
17764,SAFE
5537,SAFE
3444,SAFE
2826,SAFE
6981,SAFE
4651,SAFE
14945,SAFE
12920,SAFE
4652,SAFE
31518,SAFE
38611,SAFE
40465,SAFE
25771,SAFE
40194,SAFE
33947,SAFE
41754,SAFE
27150,SAFE
37317,SAFE
39098,SAFE
41572,SAFE
39356,SAFE
31148,SAFE
16970,SAFE
4749,SAFE
156_NEW107,SAFE
32153,SAFE
67715,SAFE
48578,SAFE
"40967
",SAFE
"43765
",SAFE
"39554
",SAFE
"34023
",SAFE
"38879
",SAFE
"29945
",SAFE
"36671
",SAFE
"34780
",SAFE
"35900
",SAFE
W190ST084,SAFE
33075,SAFE
37514,SAFE
13675,SAFE
18371,SAFE
9807,SAFE
24264,SAFE
198_New_55,SAFE
28202,SAFE
26466,SAFE
91_NEW59,SAFE
25208,SAFE
16360,SAFE
39420,SAFE
152RD044,SAFE
3630,SAFE
3629,SAFE
32310,SAFE
28248,SAFE
60271,SAFE
29345,SAFE
12499,SAFE
4218,SAFE
11551,SAFE
8017,SAFE
15595,SAFE
13578,SAFE
12943,SAFE
12945,SAFE
27415,SAFE
31300,SAFE
41267,SAFE
50134,SAFE
197_New_25,SAFE
197_New_34,SAFE
49755,SAFE
49754,SAFE
49766,SAFE
197_New_33,SAFE
197_New_32,SAFE
197_New_30,SAFE
197_New_29,SAFE
197_New_28,SAFE
197_New_35,SAFE
197_New_27,SAFE
49736,SAFE
197_New_62,SAFE
New_W188_0032,SAFE
28307,SAFE
23868,SAFE
7516,SAFE
15797,SAFE
3857,SAFE
13312,SAFE
50989,SAFE
27940,SAFE
23686,SAFE
25129,SAFE
41546,SAFE
38977,SAFE
15777,SAFE
12717,SAFE
40W_New_2,SAFE
16674,SAFE
12747,SAFE
8617,SAFE
4467,SAFE
4466,SAFE
10688,SAFE
13632,SAFE
18352,SAFE
18375,SAFE
18351,SAFE
12366,SAFE
12359,SAFE
63307,SAFE
9762,SAFE
12285,SAFE
64307,SAFE
4017,SAFE
64308,SAFE
10203,SAFE
64777,SAFE
16395,SAFE
15891,SAFE
5668,SAFE
7679,SAFE
17901,SAFE
12364,SAFE
4259,SAFE
22981,SAFE
7_New22,SAFE
9901,SAFE
9899,SAFE
9900,SAFE
91_NEW113,SAFE
91_NEW129,SAFE
91_NEW86,SAFE
"30367
",SAFE
"29942
",SAFE
11245,SAFE
2990,SAFE
13294,SAFE
4495,SAFE
3705,SAFE
8631,SAFE
195_New_45,SAFE
50294,SAFE
W194N042,SAFE
W194N046,SAFE
2692,SAFE
4743,SAFE
6747,SAFE
67755,SAFE
22860,SAFE
198_New_28,SAFE
198_New_19,SAFE
198_New_33,SAFE
36783,SAFE
38547,SAFE
38304,SAFE
30191,SAFE
34722,SAFE
23971,SAFE
27881,SAFE
39627,SAFE
48194,SAFE
48122,SAFE
48366,SAFE
48280,SAFE
48034,SAFE
48443,SAFE
48033,SAFE
48593,SAFE
50071,SAFE
50017,SAFE
50073,SAFE
15411,SAFE
13425,SAFE
13424,SAFE
9307,SAFE
15415,SAFE
29513,SAFE
55059,SAFE
27858,SAFE
22719,SAFE
36720,SAFE
31521,SAFE
33577,SAFE
30228,SAFE
35654,SAFE
45574,SAFE
82_NEW_211,SAFE
40022,SAFE
48969,SAFE
30234,SAFE
36601,SAFE
9800,SAFE
7755,SAFE
38246,SAFE
39481,SAFE
26929,SAFE
17_New_3,SAFE
16705,SAFE
16695,SAFE
43462,SAFE
36133,SAFE
40371,SAFE
40252,SAFE
27220,SAFE
198_New_86,SAFE
12890,SAFE
"43683
",SAFE
NEW ROAD 34,SAFE
50272,SAFE
51523,SAFE
28359,SAFE
23015,SAFE
4106,SAFE
18080,SAFE
031_New_30_D,SAFE
36998,SAFE
35390,SAFE
5796,SAFE
8430,SAFE
12569,SAFE
42200,SAFE
11434,SAFE
3154,SAFE
7285,SAFE
15483,SAFE
7284,SAFE
17468,SAFE
7281,SAFE
13487,SAFE
16709,SAFE
44W_New_4,SAFE
10617,SAFE
53739,SAFE
53332,SAFE
53447,SAFE
53421,SAFE
32909,SAFE
40032,SAFE
50435,SAFE
4061,SAFE
8168,SAFE
12792,SAFE
2470,SAFE
6616,SAFE
12795,SAFE
6243,SAFE
16413,SAFE
10337,SAFE
14387,SAFE
10317,SAFE
6244,SAFE
10336,SAFE
41883,SAFE
33786,SAFE
25447,SAFE
29191,SAFE
24420,SAFE
55119,SAFE
45391,SAFE
161_New_4,SAFE
37484,SAFE
"32111
",SAFE
"32660
",SAFE
25640,SAFE
18_NEW17,SAFE
38723,SAFE
32953,SAFE
38440,SAFE
37999,SAFE
NEW ROAD 4,SAFE
39005,SAFE
42015,SAFE
40483,SAFE
33953,SAFE
49059,SAFE
46560,SAFE
46025,SAFE
15_NEW_4,SAFE
15_NEW_14,SAFE
28015,SAFE
29371,SAFE
26050,SAFE
92_New126,SAFE
29432,SAFE
15164,SAFE
9008,SAFE
83_New_31,SAFE
24942,SAFE
53647,SAFE
53386,SAFE
53439,SAFE
24_New_32,SAFE
27463,SAFE
24747,SAFE
26218,SAFE
9654,SAFE
18086,SAFE
7513,SAFE
14188,SAFE
14857,SAFE
55638,SAFE
27113,SAFE
"49296
",SAFE
30834,SAFE
"35364
",SAFE
2893,SAFE
17191,SAFE
15128,SAFE
11028,SAFE
2773,SAFE
31341,SAFE
40009,SAFE
24340,SAFE
22760,SAFE
22757,SAFE
25907,SAFE
5736,SAFE
13875,SAFE
17895,SAFE
11447,SAFE
31479,SAFE
32057,SAFE
40958,SAFE
31563,SAFE
37638,SAFE
37059,SAFE
39463,SAFE
36566,SAFE
42120,SAFE
25822,SAFE
33306,SAFE
30196,SAFE
26_New_22,SAFE
38660,SAFE
38467,SAFE
16393,SAFE
12367,SAFE
18242,SAFE
3924,SAFE
6003,SAFE
3716,SAFE
7822,SAFE
49018,SAFE
35128,SAFE
42W_New,SAFE
2073,SAFE
9480,SAFE
11542,SAFE
3263,SAFE
13737,SAFE
7554,SAFE
New_W188_0249,SAFE
2889,SAFE
5766,SAFE
13986,SAFE
18030,SAFE
11809,SAFE
9719,SAFE
15848,SAFE
5620,SAFE
9718,SAFE
7472,SAFE
31793,SAFE
152RD028,SAFE
38090,SAFE
30045,SAFE
34442,SAFE
153rd020,SAFE
50783,SAFE
51038,SAFE
2804,SAFE
17454,SAFE
46685,SAFE
80_New_17,SAFE
30340,SAFE
146RD025,SAFE
38891,SAFE
40156,SAFE
33674,SAFE
36883,SAFE
37618,SAFE
16887,SAFE
4355,SAFE
12875,SAFE
82_NEW_100,SAFE
82_NEW_9,SAFE
"DN189STR009
",SAFE
W189ST009,SAFE
"41382
",SAFE
10290,SAFE
26_New_45,SAFE
28347,SAFE
52029,SAFE
27089,SAFE
51561,SAFE
51562,SAFE
50393,SAFE
22996,SAFE
24711,SAFE
28761,SAFE
51847,SAFE
24540,SAFE
50603,SAFE
27417,SAFE
50608,SAFE
"40113
",SAFE
40113,SAFE
"38400
",SAFE
2207,SAFE
6362,SAFE
14372,SAFE
12290,SAFE
14789,SAFE
16751,SAFE
4139,SAFE
14777,SAFE
2970,SAFE
9177,SAFE
3053,SAFE
13388,SAFE
17381,SAFE
11343,SAFE
6061,SAFE
7775,SAFE
W192N038,SAFE
W192N044,SAFE
7409,SAFE
15789,SAFE
16016,SAFE
89_New3,SAFE
46807,SAFE
86_New53,SAFE
9705,SAFE
10527,SAFE
31709,SAFE
33258,SAFE
W196N067,SAFE
W196N060,SAFE
11939,SAFE
5663,SAFE
10165,SAFE
18009,SAFE
15750,SAFE
5866,SAFE
31263,SAFE
40471,SAFE
38543,SAFE
42285,SAFE
79_NEw_17,SAFE
79_New_14,SAFE
79_New_19,SAFE
27116,SAFE
27117,SAFE
2597,SAFE
18046,SAFE
14964,SAFE
2538,SAFE
6399,SAFE
14585,SAFE
070_NEW2,SAFE
17832,SAFE
13800,SAFE
7616,SAFE
33565,SAFE
41599,SAFE
W149RD04,SAFE
32222,SAFE
86_New24,SAFE
86_New2,SAFE
86_New27,SAFE
W194N101,SAFE
W194N023,SAFE
W194N021,SAFE
W194N019,SAFE
38488,SAFE
32143,SAFE
38507,SAFE
11810,SAFE
87_NEW17,SAFE
25026,SAFE
27789,SAFE
23028,SAFE
28009,SAFE
28074,SAFE
33407,SAFE
4850,SAFE
090_New_17_D,SAFE
090_New_19_D,SAFE
4854,SAFE
4853,SAFE
2789,SAFE
15132,SAFE
29611,SAFE
8274,SAFE
35W_New_3,SAFE
6014,SAFE
18195,SAFE
10058,SAFE
34399,SAFE
36100,SAFE
27053,SAFE
27052,SAFE
36192,SAFE
40997,SAFE
44884,SAFE
40962,SAFE
31120,SAFE
9157,SAFE
108_New_1,SAFE
11241,SAFE
2954,SAFE
3212,SAFE
5931,SAFE
3895,SAFE
5903,SAFE
15546,SAFE
12076,SAFE
13550,SAFE
5335,SAFE
17556,SAFE
23202,SAFE
24093,SAFE
28072,SAFE
23203,SAFE
50978,SAFE
2252,SAFE
10499,SAFE
23900,SAFE
55880,SAFE
5046,SAFE
9175,SAFE
14_New,SAFE
25_NEW39,SAFE
51481,SAFE
37734,SAFE
37635,SAFE
42785,SAFE
2657,SAFE
13305,SAFE
5048,SAFE
2969,SAFE
11254,SAFE
11255,SAFE
2968,SAFE
27146,SAFE
34721,SAFE
34287,SAFE
34816,SAFE
32053,SAFE
153rd031,SAFE
37087,SAFE
29743,SAFE
55069,SAFE
31713,SAFE
39538,SAFE
37431,SAFE
24954,SAFE
8076,SAFE
18079,SAFE
10173,SAFE
9909,SAFE
W190ST001,SAFE
W190ST040,SAFE
17240,SAFE
11188,SAFE
5890,SAFE
18230,SAFE
12151,SAFE
27448,SAFE
46695,SAFE
5307,SAFE
13523,SAFE
10759,SAFE
35151,SAFE
23630,SAFE
151RD001,SAFE
42235,SAFE
090_New_11_D,SAFE
090_New_06_D,SAFE
66246,SAFE
35078,SAFE
24644,SAFE
25987,SAFE
83_New_8,SAFE
"35644
",SAFE
"38662
",SAFE
"33848
",SAFE
11029,SAFE
8964,SAFE
New_W188_0038,SAFE
17_New_34,SAFE
25021,SAFE
31199,SAFE
7586,SAFE
16057,SAFE
12379,SAFE
6230,SAFE
86_New66,SAFE
23161,SAFE
53422,SAFE
53626,SAFE
53737,SAFE
27102,SAFE
26_New_35,SAFE
26_New_62,SAFE
26_New_37,SAFE
26_New_36,SAFE
26_New_39,SAFE
26_New_40,SAFE
26_New_38,SAFE
26_New_3,SAFE
26_New_41,SAFE
26_NEW_17,SAFE
26_New_81,SAFE
26_New_43,SAFE
26_New_44,SAFE
26_New_46,SAFE
27934,SAFE
55269,SAFE
29218,SAFE
12744,SAFE
10682,SAFE
24612,SAFE
28638,SAFE
6476,SAFE
8494,SAFE
35166,SAFE
7524,SAFE
7523,SAFE
9607,SAFE
14757,SAFE
12706,SAFE
14762,SAFE
14763,SAFE
84_NEW4,SAFE
23923,SAFE
23920,SAFE
10632,SAFE
14773,SAFE
8566,SAFE
4408,SAFE
16724,SAFE
16739,SAFE
16723,SAFE
NEW1690038,SAFE
22750,SAFE
4927,SAFE
38768,SAFE
12186,SAFE
18248,SAFE
83_New_76,SAFE
27595,SAFE
6128,SAFE
1950,SAFE
28804,SAFE
53916,SAFE
28047,SAFE
93_New89,SAFE
93_New91,SAFE
10479,SAFE
16578,SAFE
9639,SAFE
17773,SAFE
17755,SAFE
23_New_16,SAFE
23_New_17,SAFE
23_NEW_15,SAFE
23_New_13,SAFE
32132,SAFE
24582,SAFE
26861,SAFE
8931,SAFE
8909,SAFE
8930,SAFE
30898,SAFE
DN184STR028,SAFE
33782,SAFE
43391,SAFE
34633,SAFE
43353,SAFE
43449,SAFE
11146,SAFE
26531,SAFE
23687,SAFE
26956,SAFE
28271,SAFE
27658,SAFE
21_NEW2,SAFE
16701,SAFE
6503,SAFE
8549,SAFE
4382,SAFE
42056,SAFE
119_New_1,SAFE
29057,SAFE
29050,SAFE
27735,SAFE
26738,SAFE
39985,SAFE
35325,SAFE
38974,SAFE
39909,SAFE
38673,SAFE
34402,SAFE
35944,SAFE
45310,SAFE
48520,SAFE
48195,SAFE
67627,SAFE
030_New_04_D,SAFE
15457,SAFE
7256,SAFE
7399,SAFE
11455,SAFE
11276,SAFE
15316,SAFE
29240,SAFE
26945,SAFE
29464,SAFE
23088,SAFE
92_New10,SAFE
5188,SAFE
17414,SAFE
3095,SAFE
"33644
",SAFE
"34847
",SAFE
"39491
",SAFE
18000,SAFE
10070,SAFE
80-New_8,SAFE
26187,SAFE
29660,SAFE
195_New_29,SAFE
83_New_41,SAFE
29844,SAFE
37103,SAFE
2125,SAFE
29637,SAFE
82_NEW_46,SAFE
4205,SAFE
10421,SAFE
12478,SAFE
33628,SAFE
38549,SAFE
157_New_1,SAFE
39694,SAFE
42190,SAFE
W193N086,SAFE
13835,SAFE
7502,SAFE
28207,SAFE
91_NEW3,SAFE
91_NEW33,SAFE
8550,SAFE
4389,SAFE
16703,SAFE
14727,SAFE
5329,SAFE
155_New_08_D,SAFE
36595,SAFE
7878,SAFE
15617,SAFE
23959,SAFE
12783,SAFE
23856,SAFE
25911,SAFE
23465,SAFE
34293,SAFE
156_NEW66,SAFE
12215,SAFE
8047,SAFE
16869,SAFE
8796,SAFE
6780,SAFE
59264,SAFE
59263,SAFE
60033,SAFE
6255,SAFE
16443,SAFE
12399,SAFE
8258,SAFE
51511,SAFE
26842,SAFE
67645,SAFE
67647,SAFE
19_NEW36,SAFE
14642,SAFE
10529,SAFE
3468,SAFE
5729,SAFE
5212,SAFE
13457,SAFE
50364,SAFE
51035,SAFE
28146,SAFE
25325,SAFE
33288,SAFE
4203,SAFE
16527,SAFE
16522,SAFE
16523,SAFE
2170,SAFE
17078,SAFE
8956,SAFE
198_New_6,SAFE
6550,SAFE
4447,SAFE
53443,SAFE
5289,SAFE
31462,SAFE
36961,SAFE
86_New51,SAFE
24823,SAFE
24249,SAFE
55643,SAFE
23438,SAFE
11427,SAFE
23392,SAFE
17421,SAFE
15806,SAFE
15805,SAFE
13781,SAFE
13782,SAFE
13714,SAFE
55534,SAFE
12536,SAFE
38630,SAFE
41820,SAFE
173_NEW6,SAFE
30653,SAFE
W185ST016,SAFE
42455,SAFE
44608,SAFE
37866,SAFE
17521,SAFE
51495,SAFE
22735,SAFE
23150,SAFE
27537,SAFE
25633,SAFE
28445,SAFE
17705,SAFE
16135,SAFE
10029,SAFE
15858,SAFE
3832,SAFE
28937,SAFE
25218,SAFE
W190ST142,SAFE
W190ST091,SAFE
"34777
",SAFE
W190ST032,SAFE
W194N049,SAFE
W194N010,SAFE
W194N107,SAFE
W194N099,SAFE
W194N097,SAFE
W194N098,SAFE
W192N032,SAFE
32114,SAFE
"31222
",SAFE
"39106
",SAFE
39106,SAFE
40529,SAFE
38006,SAFE
"DN189STR021
",SAFE
"DN189STR020
",SAFE
"49287
",SAFE
"49286
",SAFE
"49285
",SAFE
55181,SAFE
25374,SAFE
10832,SAFE
14918,SAFE
7810,SAFE
6725,SAFE
42888,SAFE
34896,SAFE
156_NEW110,SAFE
25281,SAFE
87_NA,SAFE
38869,SAFE
31123,SAFE
NEW,SAFE
33214,SAFE
36454,SAFE
33051,SAFE
35086,SAFE
14804,SAFE
44941,SAFE
2264,SAFE
12118,SAFE
23288,SAFE
13604,SAFE
3272,SAFE
15506,SAFE
38637,SAFE
35747,SAFE
30747,SAFE
30650,SAFE
35597,SAFE
39015,SAFE
31851,SAFE
11908,SAFE
5703,SAFE
31627,SAFE
36000,SAFE
170_NEW11,SAFE
5376,SAFE
170_NEW10,SAFE
"38152
",SAFE
"49359
",SAFE
5788,SAFE
11985,SAFE
34329,SAFE
46595,SAFE
44752,SAFE
W193N109,SAFE
39663,SAFE
39306,SAFE
5990,SAFE
16209,SAFE
9882,SAFE
18207,SAFE
9503,SAFE
13995,SAFE
31951,SAFE
32566,SAFE
38856,SAFE
W190ST048,SAFE
W190ST051,SAFE
35737,SAFE
34273,SAFE
153_NEW1,SAFE
38510,SAFE
40231,SAFE
153rd003,SAFE
36098,SAFE
51968,SAFE
50318,SAFE
"35068
",SAFE
"40540
",SAFE
"34115
",SAFE
"49362
",SAFE
"39539
",SAFE
"37990
",SAFE
"36724
",SAFE
"33259
",SAFE
11321,SAFE
5126,SAFE
63W_New_12,SAFE
42648,SAFE
37986,SAFE
33845,SAFE
36229,SAFE
30180,SAFE
11905,SAFE
17509,SAFE
9388,SAFE
9387,SAFE
133_NEW250,SAFE
38690,SAFE
W143rd059,SAFE
37616,SAFE
30027,SAFE
30804,SAFE
37700,SAFE
9730,SAFE
16179,SAFE
82_NEW_60,SAFE
32402,SAFE
36534,SAFE
34589,SAFE
68620,SAFE
32711,SAFE
33589,SAFE
46789,SAFE
46745,SAFE
92_New21,SAFE
9676,SAFE
14745,SAFE
33485,SAFE
23473,SAFE
8559,SAFE
16715,SAFE
4399,SAFE
4402,SAFE
11996,SAFE
17969,SAFE
18055,SAFE
11004,SAFE
34284,SAFE
24457,SAFE
92_New115,SAFE
26353,SAFE
10543,SAFE
16646,SAFE
4312,SAFE
2288,SAFE
NEW1690028,SAFE
NEW1690024,SAFE
NEW1690026,SAFE
NEW1690027,SAFE
32254,SAFE
39374,SAFE
12313,SAFE
4047,SAFE
37952,SAFE
37173,SAFE
46518,SAFE
39011,SAFE
153rd017,SAFE
153rd004,SAFE
153rd002,SAFE
153rd001,SAFE
153rd021,SAFE
42119,SAFE
15480,SAFE
42646,SAFE
38563,SAFE
31808,SAFE
38939,SAFE
27369,SAFE
42460,SAFE
41733,SAFE
12993,SAFE
15025,SAFE
24940,SAFE
28425,SAFE
14469,SAFE
95_New_14,SAFE
4768,SAFE
14271,SAFE
4014,SAFE
53705,SAFE
25092,SAFE
3405,SAFE
3473,SAFE
8018,SAFE
82_NEW_92,SAFE
28383,SAFE
027_New_05_D,SAFE
29384,SAFE
4616,SAFE
50579,SAFE
29242,SAFE
51840,SAFE
37064,SAFE
NEW1690118,SAFE
10471,SAFE
8684,SAFE
10764,SAFE
11834,SAFE
15869,SAFE
13847,SAFE
15868,SAFE
5647,SAFE
50512,SAFE
26126,SAFE
33_NEW11,SAFE
31050,SAFE
37686,SAFE
88_New36,SAFE
3425,SAFE
17746,SAFE
13786,SAFE
157_New_4,SAFE
2303,SAFE
39249,SAFE
41908,SAFE
26712,SAFE
27145,SAFE
27166,SAFE
New_52_150,SAFE
36027,SAFE
40427,SAFE
36090,SAFE
33633,SAFE
35789,SAFE
24121,SAFE
16132,SAFE
5915,SAFE
7926,SAFE
25200,SAFE
8885,SAFE
15050,SAFE
39337,SAFE
37743,SAFE
39378,SAFE
39685,SAFE
42430,SAFE
35468,SAFE
59720,SAFE
59721,SAFE
58050,SAFE
12857,SAFE
16865,SAFE
7195,SAFE
5191,SAFE
9260,SAFE
36218,SAFE
35545,SAFE
42081,SAFE
4582,SAFE
60251,SAFE
57996,SAFE
60150,SAFE
8924,SAFE
8923,SAFE
17059,SAFE
2428,SAFE
25841,SAFE
38035,SAFE
6320,SAFE
14493,SAFE
4186,SAFE
17201,SAFE
W194N029,SAFE
14674,SAFE
4331,SAFE
82_NEW_164,SAFE
82_NEW_134,SAFE
82_NEW_163,SAFE
7478,SAFE
33890,SAFE
38109,SAFE
4361,SAFE
9308,SAFE
9205,SAFE
7485,SAFE
9273,SAFE
5141,SAFE
4759,SAFE
6783,SAFE
15034,SAFE
39696,SAFE
40732,SAFE
34212,SAFE
40000,SAFE
41264,SAFE
32422,SAFE
16107,SAFE
48490,SAFE
23061,SAFE
10537,SAFE
17884,SAFE
17885,SAFE
12634,SAFE
12628,SAFE
2317,SAFE
14685,SAFE
2318,SAFE
12635,SAFE
8493,SAFE
6475,SAFE
14677,SAFE
54780,SAFE
28096,SAFE
9453,SAFE
3481,SAFE
3247,SAFE
28845,SAFE
14147,SAFE
12017,SAFE
27682,SAFE
29330,SAFE
22828,SAFE
25673,SAFE
25676,SAFE
22830,SAFE
10790,SAFE
8717,SAFE
50547,SAFE
50556,SAFE
50546,SAFE
51801,SAFE
26_NEW_113,SAFE
50498,SAFE
37332,SAFE
32531,SAFE
35426,SAFE
12900,SAFE
32657,SAFE
38813,SAFE
10877,SAFE
16877,SAFE
63W_New_18,SAFE
15378,SAFE
26_NEW_118,SAFE
26837,SAFE
26_New_2,SAFE
51829,SAFE
55129,SAFE
18711,SAFE
12974,SAFE
11421,SAFE
53846,SAFE
53847,SAFE
82_NEW_65,SAFE
11083,SAFE
32918,SAFE
25960,SAFE
26043,SAFE
3_New7,SAFE
3819,SAFE
10014,SAFE
3820,SAFE
12090,SAFE
064_NEW37,SAFE
10940,SAFE
064_NEW36,SAFE
064_NEW35,SAFE
8709,SAFE
8711,SAFE
23666,SAFE
38569,SAFE
54578,SAFE
14511,SAFE
4198,SAFE
6334,SAFE
68061,SAFE
23774,SAFE
26408,SAFE
25861,SAFE
27919,SAFE
28251,SAFE
24023,SAFE
13377,SAFE
114_New,SAFE
11327,SAFE
11329,SAFE
5137,SAFE
5138,SAFE
7197,SAFE
29_New_10,SAFE
27043,SAFE
10726,SAFE
8658,SAFE
8653,SAFE
2485,SAFE
6612,SAFE
6613,SAFE
6614,SAFE
4521,SAFE
35316,SAFE
38166,SAFE
3393,SAFE
10091,SAFE
15691,SAFE
16184,SAFE
13643,SAFE
12142,SAFE
2908,SAFE
46506,SAFE
38886,SAFE
106_New,SAFE
9145,SAFE
200_New_14,SAFE
24232,SAFE
24980,SAFE
16205,SAFE
8009,SAFE
16204,SAFE
6065,SAFE
3872,SAFE
16047,SAFE
15584,SAFE
5350,SAFE
5355,SAFE
7773,SAFE
9468,SAFE
9472,SAFE
9467,SAFE
14696,SAFE
12871,SAFE
8508,SAFE
14107,SAFE
53470,SAFE
53438,SAFE
16306,SAFE
6122,SAFE
NEW1690076,SAFE
NEW1690070,SAFE
NEW1690064,SAFE
NEW1690066,SAFE
41296,SAFE
8098,SAFE
6106,SAFE
14269,SAFE
5633,SAFE
55647,SAFE
27112,SAFE
U29,SAFE
W185ST015,SAFE
156_NEW122,SAFE
25746,SAFE
32839,SAFE
41224,SAFE
156_NEW114,SAFE
30330,SAFE
31474,SAFE
53836,SAFE
53874,SAFE
40677,SAFE
35173,SAFE
11642,SAFE
9608,SAFE
7486,SAFE
5666,SAFE
7802,SAFE
11851,SAFE
5667,SAFE
17898,SAFE
12104,SAFE
14063,SAFE
49604,SAFE
New_W188_0134,SAFE
49139,SAFE
New_W188_0163,SAFE
13591,SAFE
9994,SAFE
7911,SAFE
16103,SAFE
16104,SAFE
46458,SAFE
22774,SAFE
24218,SAFE
23502,SAFE
8795,SAFE
10880,SAFE
6778,SAFE
86_New85,SAFE
25318,SAFE
25601,SAFE
51662,SAFE
51664,SAFE
49650,SAFE
49654,SAFE
50340,SAFE
27423,SAFE
3641,SAFE
17979,SAFE
5723,SAFE
13946,SAFE
7746,SAFE
13947,SAFE
11928,SAFE
8002,SAFE
5456,SAFE
38424,SAFE
36677,SAFE
30005,SAFE
36214,SAFE
45422,SAFE
"DN189STR028
",SAFE
"DN189STR027
",SAFE
"43713
",SAFE
New_W188_0260,SAFE
49087,SAFE
New_W188_0261,SAFE
3524,SAFE
13808,SAFE
40895,SAFE
45145,SAFE
35241,SAFE
51019,SAFE
12074,SAFE
3810,SAFE
12073,SAFE
51800,SAFE
18069,SAFE
16037,SAFE
18114,SAFE
3734,SAFE
7839,SAFE
142_NEW230,SAFE
18070,SAFE
18077,SAFE
142_NEW_1,SAFE
5816,SAFE
29488,SAFE
46678,SAFE
25445,SAFE
22930,SAFE
29493,SAFE
49825,SAFE
57344,SAFE
145_New_07_D,SAFE
34259,SAFE
41405,SAFE
39608,SAFE
35258,SAFE
6637,SAFE
12813,SAFE
6633,SAFE
14863,SAFE
2509,SAFE
12815,SAFE
14864,SAFE
8677,SAFE
4543,SAFE
6636,SAFE
12834,SAFE
5243,SAFE
17460,SAFE
11426,SAFE
15475,SAFE
48809,SAFE
16_NEW31,SAFE
48808,SAFE
9017,SAFE
9016,SAFE
11089,SAFE
13143,SAFE
35637,SAFE
36316,SAFE
26848,SAFE
12352,SAFE
51027,SAFE
27_New_54,SAFE
50960,SAFE
55194,SAFE
27_New_6,SAFE
4900,SAFE
2839,SAFE
42059,SAFE
"42059
",SAFE
9433,SAFE
7564,SAFE
92_New101,SAFE
92_New102,SAFE
92_New103,SAFE
146RD028,SAFE
46247,SAFE
45487,SAFE
2708,SAFE
8881,SAFE
17723,SAFE
17758,SAFE
7444,SAFE
5412,SAFE
15005,SAFE
2554,SAFE
2658,SAFE
4374,SAFE
10247,SAFE
6171,SAFE
29284,SAFE
1_New1,SAFE
13496,SAFE
13428,SAFE
66245,SAFE
25141,SAFE
64676,SAFE
37186,SAFE
38532,SAFE
16664,SAFE
9923,SAFE
5828,SAFE
5601,SAFE
7615,SAFE
17828,SAFE
11576,SAFE
22959,SAFE
26591,SAFE
12610,SAFE
40052,SAFE
41158,SAFE
New_W188_0245,SAFE
11540,SAFE
11527,SAFE
32697,SAFE
33041,SAFE
23657,SAFE
2590,SAFE
6801,SAFE
16921,SAFE
16920,SAFE
16922,SAFE
2696,SAFE
10364,SAFE
16453,SAFE
10362,SAFE
68629,SAFE
35272,SAFE
28370,SAFE
008_New_50_D,SAFE
56293,SAFE
24581,SAFE
29246,SAFE
"40132
",SAFE
"35255
",SAFE
"42503
",SAFE
93_New31,SAFE
93_New28,SAFE
93_New29,SAFE
93_New30,SAFE
57882,SAFE
23672,SAFE
007_New_51_D,SAFE
50195,SAFE
12970,SAFE
7748,SAFE
6183,SAFE
55366,SAFE
2003,SAFE
6261,SAFE
5806,SAFE
16365,SAFE
6890,SAFE
15068,SAFE
6886,SAFE
23123,SAFE
27055,SAFE
26661,SAFE
91_NEW60,SAFE
91_New68,SAFE
39434,SAFE
42313,SAFE
40552,SAFE
37953,SAFE
37345,SAFE
32945,SAFE
34077,SAFE
50035,SAFE
41716,SAFE
31674,SAFE
37268,SAFE
30139,SAFE
13492,SAFE
2722,SAFE
2723,SAFE
17053,SAFE
W194N105,SAFE
16408,SAFE
16406,SAFE
8235,SAFE
2044,SAFE
W193N051,SAFE
W193N064,SAFE
10733,SAFE
10732,SAFE
12793,SAFE
10729,SAFE
16781,SAFE
14799,SAFE
10691,SAFE
6719,SAFE
"DN189STR036
",SAFE
55907,SAFE
26598,SAFE
28396,SAFE
24327,SAFE
27893,SAFE
43649,SAFE
New_W188_0145,SAFE
New_W188_0143,SAFE
New_W188_0144,SAFE
14358,SAFE
40W_New_11,SAFE
6313,SAFE
10395,SAFE
14482,SAFE
10394,SAFE
14475,SAFE
5348,SAFE
11523,SAFE
39943,SAFE
37008,SAFE
41388,SAFE
25_NEW90,SAFE
25_NEW92,SAFE
25_NEW87,SAFE
25_NEW86,SAFE
51986,SAFE
25_NEW21,SAFE
25_NEW18,SAFE
25_NEW82,SAFE
8158,SAFE
8116,SAFE
1978,SAFE
10238,SAFE
4034,SAFE
14784,SAFE
6542,SAFE
18486,SAFE
16976,SAFE
10899,SAFE
4691,SAFE
5916,SAFE
27840,SAFE
DN184STR024,SAFE
32741,SAFE
31956,SAFE
23445,SAFE
27492,SAFE
27494,SAFE
23881,SAFE
23883,SAFE
36869,SAFE
W143rd032,SAFE
30275,SAFE
36963,SAFE
5283,SAFE
11465,SAFE
15513,SAFE
32102,SAFE
41243,SAFE
12240,SAFE
15992,SAFE
3974,SAFE
34030,SAFE
29784,SAFE
14022,SAFE
198_New_54,SAFE
42182,SAFE
36590,SAFE
17545,SAFE
15554,SAFE
13539,SAFE
15556,SAFE
106_New_10,SAFE
17274,SAFE
9147,SAFE
106_New_3,SAFE
24974,SAFE
10925,SAFE
6838,SAFE
16190,SAFE
45298,SAFE
34241,SAFE
53798,SAFE
52124,SAFE
2894,SAFE
7038,SAFE
12548,SAFE
8410,SAFE
16589,SAFE
48837,SAFE
48845,SAFE
16_NEW115,SAFE
16_NEW117,SAFE
16_NEW116,SAFE
48836,SAFE
36708,SAFE
34744,SAFE
W149RD08,SAFE
33360,SAFE
34224,SAFE
10367,SAFE
6271,SAFE
2333,SAFE
90_New30,SAFE
90_New31,SAFE
24984,SAFE
57982,SAFE
28778,SAFE
28777,SAFE
022_New_03_D,SAFE
22_New_25,SAFE
24170,SAFE
41391,SAFE
27993,SAFE
24251,SAFE
33908,SAFE
33016,SAFE
39034,SAFE
30948,SAFE
17519,SAFE
7324,SAFE
5893,SAFE
24211,SAFE
25919,SAFE
9100,SAFE
7058,SAFE
15313,SAFE
11272,SAFE
15053,SAFE
2648,SAFE
17341,SAFE
35594,SAFE
31844,SAFE
40893,SAFE
33920,SAFE
37292,SAFE
36128,SAFE
40472,SAFE
18068,SAFE
12002,SAFE
12005,SAFE
4722,SAFE
32303,SAFE
35327,SAFE
38456,SAFE
91_NEW128,SAFE
28195,SAFE
67638,SAFE
48359,SAFE
84_NEW1,SAFE
84_NEW2,SAFE
15305,SAFE
13306,SAFE
W194N017,SAFE
44765,SAFE
37520,SAFE
34870,SAFE
34483,SAFE
39810,SAFE
37494,SAFE
41072,SAFE
30996,SAFE
41226,SAFE
39742,SAFE
32011,SAFE
41319,SAFE
2231,SAFE
16574,SAFE
U23,SAFE
U22,SAFE
45060,SAFE
46013,SAFE
35881,SAFE
40356,SAFE
37878,SAFE
41325,SAFE
37705,SAFE
46783,SAFE
37344,SAFE
36680,SAFE
128_NA_1,SAFE
3400,SAFE
8029,SAFE
16145,SAFE
3231,SAFE
14278,SAFE
40305,SAFE
35175,SAFE
41245,SAFE
41903,SAFE
43444,SAFE
8345,SAFE
16525,SAFE
46708,SAFE
31430,SAFE
26_NEW135,SAFE
35099,SAFE
156_NEW117,SAFE
35335,SAFE
156_NEW174,SAFE
56297,SAFE
16385,SAFE
8326,SAFE
10284,SAFE
14366,SAFE
6607,SAFE
28176,SAFE
27926,SAFE
8823,SAFE
4704,SAFE
8825,SAFE
10908,SAFE
6809,SAFE
14996,SAFE
99999,SAFE
81_NEW,SAFE
26_NEW139,SAFE
23_NEW9,SAFE
28418,SAFE
27268,SAFE
33714,SAFE
183_New_15,SAFE
10872,SAFE
4764,SAFE
17923,SAFE
17921,SAFE
23519,SAFE
91_NEW34,SAFE
11120,SAFE
41247,SAFE
33480,SAFE
26802,SAFE
28376,SAFE
26668,SAFE
6705,SAFE
55631,SAFE
26858,SAFE
23495,SAFE
23497,SAFE
15023,SAFE
5974,SAFE
12124,SAFE
16195,SAFE
New_W186_009,SAFE
44904,SAFE
New_W186_008,SAFE
9483,SAFE
7420,SAFE
5363,SAFE
5922,SAFE
7725,SAFE
13627,SAFE
3330,SAFE
13626,SAFE
7455,SAFE
9541,SAFE
3329,SAFE
3328,SAFE
9543,SAFE
13625,SAFE
17639,SAFE
13624,SAFE
5917,SAFE
14158,SAFE
79_New_63,SAFE
24777,SAFE
49993,SAFE
50278,SAFE
49992,SAFE
50098,SAFE
34944,SAFE
12154,SAFE
5934,SAFE
7957,SAFE
11169,SAFE
4963,SAFE
7_New2,SAFE
57934,SAFE
13057,SAFE
8933,SAFE
49957,SAFE
48432,SAFE
23425,SAFE
48455,SAFE
27660,SAFE
83_New_23,SAFE
14390,SAFE
2057,SAFE
10046,SAFE
11673,SAFE
16229,SAFE
3987,SAFE
18212,SAFE
16018,SAFE
38039,SAFE
29762,SAFE
30366,SAFE
24330,SAFE
50471,SAFE
31_NEW1,SAFE
50485,SAFE
28990,SAFE
51791,SAFE
25503,SAFE
50462,SAFE
28405,SAFE
15766,SAFE
30896,SAFE
29128,SAFE
29646,SAFE
30_New_44,SAFE
15278,SAFE
23027,SAFE
28070,SAFE
24988,SAFE
40348,SAFE
065_NEW,SAFE
42770,SAFE
4689,SAFE
5699,SAFE
3297,SAFE
17367,SAFE
5128,SAFE
63W_New_3,SAFE
24665,SAFE
15296,SAFE
40773,SAFE
34640,SAFE
31357,SAFE
36279,SAFE
31827,SAFE
30042,SAFE
NEW_183_39,SAFE
NEW_183_41,SAFE
40122,SAFE
36372,SAFE
38408,SAFE
31421,SAFE
31869,SAFE
8609,SAFE
12737,SAFE
14340,SAFE
12342,SAFE
15866,SAFE
5645,SAFE
15389,SAFE
11332,SAFE
198_New_152,SAFE
198_New_25,SAFE
W192N006,SAFE
W192N004,SAFE
4923,SAFE
13184,SAFE
5478,SAFE
11824,SAFE
3539,SAFE
13837,SAFE
17872,SAFE
16792,SAFE
14811,SAFE
2445,SAFE
15658,SAFE
11631,SAFE
7466,SAFE
5440,SAFE
3343,SAFE
7465,SAFE
9553,SAFE
2487,SAFE
82_NEW_71,SAFE
13989,SAFE
34573,SAFE
34139,SAFE
38728,SAFE
59900,SAFE
59698,SAFE
59901,SAFE
55781,SAFE
25349,SAFE
82_NEW_113,SAFE
46418,SAFE
14108,SAFE
7931,SAFE
18157,SAFE
3384,SAFE
14402,SAFE
8248,SAFE
6240,SAFE
12373,SAFE
13603,SAFE
17614,SAFE
17617,SAFE
9515,SAFE
15619,SAFE
5397,SAFE
34741,SAFE
41067,SAFE
2315,SAFE
10828,SAFE
14619,SAFE
11859,SAFE
9278,SAFE
15390,SAFE
14970,SAFE
6782,SAFE
8801,SAFE
49539,SAFE
W196N093,SAFE
5550,SAFE
17961,SAFE
5118,SAFE
9369,SAFE
24072,SAFE
14977,SAFE
9314,SAFE
New_W188_0174,SAFE
New_W188_0177,SAFE
11575,SAFE
17613,SAFE
7871,SAFE
7873,SAFE
3302,SAFE
17835,SAFE
17615,SAFE
15961,SAFE
3754,SAFE
4765,SAFE
33733,SAFE
10139,SAFE
6018,SAFE
37745,SAFE
28773,SAFE
26623,SAFE
28774,SAFE
27917,SAFE
29552,SAFE
25512,SAFE
51509,SAFE
28868,SAFE
27099,SAFE
28869,SAFE
32369,SAFE
45036,SAFE
29420,SAFE
46218,SAFE
30664,SAFE
37543,SAFE
37805,SAFE
32426,SAFE
41068,SAFE
41671,SAFE
40139,SAFE
W192N050,SAFE
38212,SAFE
37897,SAFE
W192N049,SAFE
41386,SAFE
53822,SAFE
W189ST019,SAFE
W189ST020,SAFE
40106,SAFE
39049,SAFE
30587,SAFE
9286,SAFE
11348,SAFE
3058,SAFE
37150,SAFE
42124,SAFE
30320,SAFE
11330,SAFE
9276,SAFE
10619,SAFE
10618,SAFE
14750,SAFE
22746,SAFE
25347,SAFE
14724,SAFE
197_New_11,SAFE
10148,SAFE
18243,SAFE
4627,SAFE
8690,SAFE
42678,SAFE
35639,SAFE
40694,SAFE
30550,SAFE
8459,SAFE
5869,SAFE
34654,SAFE
064_NEW15,SAFE
064_NEW14,SAFE
064_NEW13,SAFE
064_NEW12,SAFE
28_New_42,SAFE
37538,SAFE
41256,SAFE
31014,SAFE
34054,SAFE
5845,SAFE
7861,SAFE
14036,SAFE
30770,SAFE
33777,SAFE
40593,SAFE
W194N144,SAFE
W194N154,SAFE
W194N151,SAFE
W194N152,SAFE
W194N150,SAFE
91_NEW102,SAFE
91_NEW103,SAFE
28208,SAFE
37429,SAFE
36757,SAFE
33691,SAFE
38670,SAFE
25810,SAFE
36687,SAFE
13485,SAFE
3029,SAFE
35625,SAFE
14958,SAFE
8789,SAFE
29207,SAFE
23372,SAFE
24148,SAFE
14537,SAFE
59201,SAFE
18235,SAFE
W190ST139,SAFE
16435,SAFE
8202,SAFE
16_NEW43,SAFE
16_NEW41,SAFE
16_NEW44,SAFE
16_NEW39,SAFE
4285,SAFE
4286,SAFE
25274,SAFE
11253,SAFE
11252,SAFE
40665,SAFE
36562,SAFE
17442,SAFE
128_NEW1,SAFE
128_NEW15,SAFE
W143rd001,SAFE
12227,SAFE
5811,SAFE
11758,SAFE
68275,SAFE
24194,SAFE
198_New_132,SAFE
183_New_60,SAFE
82_NEW_223,SAFE
49942,SAFE
10263,SAFE
14284,SAFE
85_NEW38,SAFE
27313,SAFE
14916,SAFE
10829,SAFE
4544,SAFE
4545,SAFE
32511,SAFE
34372,SAFE
32578,SAFE
35657,SAFE
44472,SAFE
33531,SAFE
28111,SAFE
28110,SAFE
11611,SAFE
3327,SAFE
7452,SAFE
10645,SAFE
10640,SAFE
6527,SAFE
10952,SAFE
16993,SAFE
24733,SAFE
2412,SAFE
17760,SAFE
13709,SAFE
9621,SAFE
5508,SAFE
50741,SAFE
48035,SAFE
200_New_60,SAFE
10339,SAFE
8161,SAFE
6161,SAFE
31091,SAFE
30493,SAFE
W143rd004,SAFE
4340,SAFE
10602,SAFE
42500,SAFE
W194N081,SAFE
W194N080,SAFE
W194N084,SAFE
W194N085,SAFE
195_New_3,SAFE
44686,SAFE
9402,SAFE
17512,SAFE
15059,SAFE
10868,SAFE
16948,SAFE
95_New_12,SAFE
15616,SAFE
16121,SAFE
18130,SAFE
10010,SAFE
18151,SAFE
"DN189STR012
",SAFE
36986,SAFE
39297,SAFE
137_new2,SAFE
13824,SAFE
44305,SAFE
W194N012,SAFE
45133,SAFE
4350,SAFE
26581,SAFE
198_New_100,SAFE
29381,SAFE
27025,SAFE
28179,SAFE
28178,SAFE
25870,SAFE
53779,SAFE
26418,SAFE
25354,SAFE
38783,SAFE
"DN189STR003
",SAFE
13477,SAFE
7268,SAFE
23290,SAFE
197_New_71,SAFE
198_New_17,SAFE
41312,SAFE
32868,SAFE
41241,SAFE
40795,SAFE
38964,SAFE
151RD006,SAFE
35540,SAFE
24_New_7,SAFE
16210,SAFE
200_New_48,SAFE
2214,SAFE
10455,SAFE
147_New_05_D,SAFE
40781,SAFE
5189,SAFE
9318,SAFE
8663,SAFE
12796,SAFE
12797,SAFE
6622,SAFE
9386,SAFE
2159,SAFE
14504,SAFE
6331,SAFE
10414,SAFE
51617,SAFE
195_New_33,SAFE
10323,SAFE
12381,SAFE
50517,SAFE
51822,SAFE
37205,SAFE
44753,SAFE
41032,SAFE
17208,SAFE
17207,SAFE
157_New_19,SAFE
91_NEW1,SAFE
27827,SAFE
6126,SAFE
8122,SAFE
18181,SAFE
18024,SAFE
16112,SAFE
49975,SAFE
49956,SAFE
50269,SAFE
49974,SAFE
50270,SAFE
48784,SAFE
48794,SAFE
48787,SAFE
16_NEW57,SAFE
48785,SAFE
48697,SAFE
40640,SAFE
"40640
",SAFE
W189ST021,SAFE
12189,SAFE
33538,SAFE
30538,SAFE
37083,SAFE
18308,SAFE
7978,SAFE
3736,SAFE
35254,SAFE
45580,SAFE
16981,SAFE
46683,SAFE
49898,SAFE
New_19_150,SAFE
34303,SAFE
50457,SAFE
51790,SAFE
50452,SAFE
2977,SAFE
17297,SAFE
17293,SAFE
2976,SAFE
30521,SAFE
39199,SAFE
39260,SAFE
34165,SAFE
7305,SAFE
3176,SAFE
3175,SAFE
3300,SAFE
6536,SAFE
8592,SAFE
4081,SAFE
14352,SAFE
82_NEW_221,SAFE
45622,SAFE
W189ST029,SAFE
W189ST028,SAFE
W194N090,SAFE
28531,SAFE
23167,SAFE
27755,SAFE
13802,SAFE
17840,SAFE
3388,SAFE
15833,SAFE
2852,SAFE
24332,SAFE
49633,SAFE
31529,SAFE
40627,SAFE
10594,SAFE
26962,SAFE
50581,SAFE
55707,SAFE
55708,SAFE
31208,SAFE
38652,SAFE
34564,SAFE
34341,SAFE
6090,SAFE
12269,SAFE
10193,SAFE
37404,SAFE
38407,SAFE
6198,SAFE
44810,SAFE
55475,SAFE
9593,SAFE
6960,SAFE
26764,SAFE
42386,SAFE
W194N002,SAFE
W194N003,SAFE
W194N004,SAFE
New_W188_0180,SAFE
4120,SAFE
12378,SAFE
14398,SAFE
6236,SAFE
39299,SAFE
8724,SAFE
5_EW2,SAFE
60430,SAFE
24877,SAFE
"36387
",SAFE
"37766
",SAFE
3002,SAFE
3001,SAFE
41284,SAFE
36771,SAFE
16908,SAFE
2578,SAFE
29670,SAFE
29691,SAFE
23969,SAFE
8665,SAFE
16825,SAFE
8664,SAFE
25323,SAFE
26118,SAFE
26117,SAFE
15682,SAFE
11646,SAFE
123_NA_3,SAFE
5217,SAFE
"49240
",SAFE
"49237
",SAFE
5868,SAFE
46534,SAFE
34820,SAFE
49060,SAFE
6440,SAFE
10524,SAFE
8446,SAFE
16632,SAFE
49988,SAFE
49987,SAFE
50275,SAFE
49959,SAFE
5132,SAFE
7326,SAFE
2118,SAFE
4170,SAFE
7674,SAFE
125_99999_1,SAFE
12763,SAFE
6583,SAFE
2448,SAFE
26763,SAFE
W193N018,SAFE
85_NEW54,SAFE
86_New41,SAFE
28004,SAFE
26039,SAFE
24255,SAFE
29143,SAFE
DN080STR049,SAFE
9540,SAFE
9539,SAFE
7703,SAFE
18837,SAFE
50044,SAFE
15193,SAFE
2874,SAFE
32635,SAFE
38002,SAFE
6854,SAFE
6864,SAFE
12903,SAFE
8870,SAFE
17426,SAFE
7244,SAFE
9324,SAFE
6568,SAFE
2424,SAFE
16775,SAFE
6567,SAFE
16774,SAFE
16773,SAFE
83_New_40,SAFE
153rd009,SAFE
153rd029,SAFE
26725,SAFE
40555,SAFE
38669,SAFE
2553,SAFE
2650,SAFE
10905,SAFE
18108,SAFE
8197,SAFE
14195,SAFE
3930,SAFE
6007,SAFE
5624,SAFE
9724,SAFE
30_NEW59,SAFE
59191,SAFE
5975,SAFE
8277,SAFE
39426,SAFE
41888,SAFE
40911,SAFE
W167N022,SAFE
30141,SAFE
4981,SAFE
9000,SAFE
41494,SAFE
34070,SAFE
183_New_67,SAFE
183_New_68,SAFE
165_New_15,SAFE
34609,SAFE
40278,SAFE
163_New_7,SAFE
37599,SAFE
39702,SAFE
32587,SAFE
41611,SAFE
5813,SAFE
13609,SAFE
9914,SAFE
6734,SAFE
26660,SAFE
030_New_52_D,SAFE
15121,SAFE
8962,SAFE
17088,SAFE
25027,SAFE
87_NEW6,SAFE
27757,SAFE
40858,SAFE
31836,SAFE
32714,SAFE
30371,SAFE
"49415
",SAFE
W190ST072,SAFE
W190ST073,SAFE
W190ST075,SAFE
W190ST067,SAFE
"49443
",SAFE
W190ST131,SAFE
W190ST068,SAFE
W190ST069,SAFE
W190ST070,SAFE
W190ST087,SAFE
9275,SAFE
17374,SAFE
15898,SAFE
5170,SAFE
39890,SAFE
157_New_8,SAFE
27995,SAFE
26023,SAFE
24242,SAFE
9697,SAFE
7642,SAFE
41522,SAFE
31018,SAFE
New_W186_018,SAFE
32533,SAFE
W193N024,SAFE
7199,SAFE
3042,SAFE
13612,SAFE
5399,SAFE
25849,SAFE
NEW1690093,SAFE
25137,SAFE
23706,SAFE
28286,SAFE
9731,SAFE
17873,SAFE
12095,SAFE
7500,SAFE
7499,SAFE
7624,SAFE
15844,SAFE
3521,SAFE
3572,SAFE
13868,SAFE
7676,SAFE
17894,SAFE
46367,SAFE
NEW1690059,SAFE
W196N038,SAFE
W196N040,SAFE
W196N037,SAFE
41927,SAFE
W196N048,SAFE
W196N032,SAFE
15723,SAFE
7522,SAFE
17709,SAFE
17708,SAFE
3403,SAFE
48109,SAFE
15294,SAFE
17283,SAFE
9160,SAFE
13293,SAFE
108_New_4,SAFE
W194N183,SAFE
W194N167,SAFE
NEW8,SAFE
35389,SAFE
13853,SAFE
3108,SAFE
199_New_21,SAFE
40150,SAFE
37091,SAFE
45677,SAFE
44517,SAFE
43324,SAFE
17317,SAFE
9202,SAFE
49855,SAFE
34062,SAFE
50222,SAFE
51521,SAFE
51519,SAFE
15148,SAFE
NEW_183_56,SAFE
33791,SAFE
34100,SAFE
9753,SAFE
13863,SAFE
17887,SAFE
13833,SAFE
7654,SAFE
44924,SAFE
W193N020,SAFE
39493,SAFE
"49276
",SAFE
16926,SAFE
16924,SAFE
16925,SAFE
14995,SAFE
2453,SAFE
077_NEW3,SAFE
14818,SAFE
2455,SAFE
4486,SAFE
14817,SAFE
16795,SAFE
12771,SAFE
2444,SAFE
15660,SAFE
6737,SAFE
10841,SAFE
8804,SAFE
36056,SAFE
9799,SAFE
18668,SAFE
5242,SAFE
190_New_04_D,SAFE
190_New_03_D,SAFE
2911,SAFE
2910,SAFE
64670,SAFE
101_New_1,SAFE
7027,SAFE
48870,SAFE
9500,SAFE
5960,SAFE
14025,SAFE
16045,SAFE
5835,SAFE
9881,SAFE
33672,SAFE
30_New_5,SAFE
28557,SAFE
23117,SAFE
27958,SAFE
27047,SAFE
30_New_3,SAFE
40558,SAFE
41453,SAFE
15_NEW_12,SAFE
36260,SAFE
46237,SAFE
"DN185STR010
",SAFE
40714,SAFE
36691,SAFE
34060,SAFE
51535,SAFE
51536,SAFE
52020,SAFE
28_New_33,SAFE
28_NEW_17,SAFE
14841,SAFE
4510,SAFE
10719,SAFE
48205,SAFE
48456,SAFE
48204,SAFE
50882,SAFE
50883,SAFE
15669,SAFE
17671,SAFE
13657,SAFE
3719,SAFE
46705,SAFE
23225,SAFE
93_New116,SAFE
24_New_48,SAFE
55009,SAFE
8149,SAFE
1967,SAFE
14214,SAFE
16240,SAFE
9617,SAFE
3410,SAFE
13707,SAFE
5506,SAFE
13742,SAFE
14224,SAFE
7558,SAFE
91_NEW107,SAFE
23253,SAFE
28938,SAFE
2794,SAFE
11056,SAFE
8990,SAFE
24494,SAFE
54581,SAFE
3467,SAFE
50715,SAFE
51921,SAFE
10549,SAFE
16655,SAFE
W196N054,SAFE
18_NEW19,SAFE
18_NEW20,SAFE
18_NEW18,SAFE
49724,SAFE
35372,SAFE
36457,SAFE
38076,SAFE
46334,SAFE
7258,SAFE
3379,SAFE
39053,SAFE
27842,SAFE
29120,SAFE
155_NEW1,SAFE
33286,SAFE
41787,SAFE
38449,SAFE
41463,SAFE
41218,SAFE
NEW5,SAFE
NEW1,SAFE
40398,SAFE
42490,SAFE
58440,SAFE
42847,SAFE
8888,SAFE
29774,SAFE
2501,SAFE
16826,SAFE
2500,SAFE
197_New_14,SAFE
197_New_21,SAFE
153rd019,SAFE
39518,SAFE
25427,SAFE
11800,SAFE
8556,SAFE
2377,SAFE
14749,SAFE
16712,SAFE
16713,SAFE
16754,SAFE
4395,SAFE
10620,SAFE
6518,SAFE
6515,SAFE
14742,SAFE
16722,SAFE
4409,SAFE
4410,SAFE
44W_New_5,SAFE
6517,SAFE
9681,SAFE
W193N022,SAFE
38956,SAFE
8976,SAFE
6944,SAFE
31958,SAFE
35109,SAFE
33317,SAFE
36916,SAFE
34842,SAFE
39342,SAFE
44618,SAFE
49949,SAFE
16493,SAFE
24715,SAFE
24542,SAFE
26121,SAFE
26123,SAFE
26125,SAFE
50490,SAFE
50497,SAFE
16750,SAFE
16749,SAFE
12715,SAFE
41926,SAFE
35817,SAFE
38422,SAFE
W194N133,SAFE
W194N136,SAFE
10654,SAFE
2394,SAFE
50469,SAFE
10211,SAFE
16727,SAFE
8564,SAFE
8583,SAFE
7339,SAFE
17534,SAFE
7593,SAFE
17945,SAFE
18452,SAFE
4043,SAFE
6142,SAFE
8137,SAFE
16325,SAFE
8105,SAFE
1960,SAFE
24230,SAFE
9804,SAFE
9851,SAFE
23769,SAFE
22752,SAFE
22_New_19,SAFE
28771,SAFE
10860,SAFE
12832,SAFE
10859,SAFE
10863,SAFE
93_New73,SAFE
27535,SAFE
3357,SAFE
3358,SAFE
67593,SAFE
4599,SAFE
8886,SAFE
8802,SAFE
15091,SAFE
2739,SAFE
6907,SAFE
36676,SAFE
14463,SAFE
6302,SAFE
28606,SAFE
7838,SAFE
14013,SAFE
12003,SAFE
18234,SAFE
10106,SAFE
W1680013,SAFE
195_New_13,SAFE
51944,SAFE
14264,SAFE
16758,SAFE
2399,SAFE
22777,SAFE
55036,SAFE
55025,SAFE
55037,SAFE
39524,SAFE
32208,SAFE
29815,SAFE
41436,SAFE
W190ST010,SAFE
W190ST009,SAFE
15395,SAFE
15396,SAFE
11861,SAFE
3579,SAFE
15393,SAFE
3052,SAFE
15392,SAFE
50575,SAFE
50576,SAFE
51852,SAFE
51834,SAFE
50569,SAFE
35685,SAFE
2019,SAFE
6200,SAFE
14368,SAFE
10286,SAFE
27253,SAFE
83_New_3,SAFE
3395,SAFE
11657,SAFE
7507,SAFE
5481,SAFE
15929,SAFE
18511,SAFE
48745,SAFE
48748,SAFE
48743,SAFE
48742,SAFE
82_NEW_34,SAFE
82_NEW_33,SAFE
7446,SAFE
38157,SAFE
33954,SAFE
13712,SAFE
10363,SAFE
13790,SAFE
52870,SAFE
25_NEW49,SAFE
"DN189STR044
",SAFE
190_New_01_D,SAFE
9585,SAFE
3672,SAFE
3721,SAFE
83_New_70,SAFE
83_New_71,SAFE
83_New_17,SAFE
New_70,SAFE
"37505
",SAFE
"35713
",SAFE
"36748
",SAFE
18397,SAFE
18268,SAFE
8045,SAFE
93_New27,SAFE
10138,SAFE
68079,SAFE
68404,SAFE
26275,SAFE
67745,SAFE
48267,SAFE
19_NEW25,SAFE
19_NEW1,SAFE
26642,SAFE
13660,SAFE
3365,SAFE
9102,SAFE
13239,SAFE
8558,SAFE
7126,SAFE
29776,SAFE
38963,SAFE
35765,SAFE
28573,SAFE
13577,SAFE
15590,SAFE
49067,SAFE
49066,SAFE
41066,SAFE
49068,SAFE
7721,SAFE
13561,SAFE
W194N120,SAFE
34186,SAFE
25855,SAFE
35818,SAFE
36948,SAFE
38274,SAFE
W194N121,SAFE
35976,SAFE
5477,SAFE
32134,SAFE
W192N014,SAFE
13619,SAFE
16_NEW47,SAFE
44999,SAFE
34433,SAFE
32527,SAFE
39025,SAFE
7791,SAFE
13983,SAFE
9870,SAFE
5768,SAFE
6063,SAFE
59659,SAFE
2474,SAFE
4990,SAFE
17562,SAFE
5228,SAFE
12621,SAFE
17_New_27,SAFE
6386,SAFE
070_NEW1,SAFE
131_NEW220,SAFE
17846,SAFE
15841,SAFE
5615,SAFE
11803,SAFE
11802,SAFE
14300,SAFE
4036,SAFE
82_NEW_131,SAFE
27425,SAFE
12185,SAFE
50363,SAFE
51764,SAFE
51042,SAFE
51039,SAFE
51040,SAFE
156_NEW112,SAFE
39697,SAFE
83_New_114,SAFE
83_New_87,SAFE
38806,SAFE
31_New_17,SAFE
28407,SAFE
13965,SAFE
4499,SAFE
7808,SAFE
8640,SAFE
40638,SAFE
39505,SAFE
35757,SAFE
37200,SAFE
25795,SAFE
31689,SAFE
W193N112,SAFE
11780,SAFE
26_New_21,SAFE
26833,SAFE
23478,SAFE
42602,SAFE
7214,SAFE
17385,SAFE
17383,SAFE
93_New16,SAFE
93_New10,SAFE
93_New13,SAFE
6943,SAFE
13103,SAFE
156_NEW28,SAFE
156_NEW27,SAFE
12416,SAFE
17366,SAFE
92_New86,SAFE
92_New88,SAFE
3784,SAFE
17198,SAFE
15228,SAFE
15628,SAFE
33171,SAFE
30909,SAFE
30377,SAFE
5610,SAFE
5609,SAFE
17683,SAFE
13801,SAFE
15832,SAFE
18491,SAFE
New_W188_0113,SAFE
New_W188_0123,SAFE
31293,SAFE
41257,SAFE
40738,SAFE
W155N007,SAFE
37470,SAFE
40016,SAFE
10270,SAFE
29152,SAFE
25405,SAFE
26156,SAFE
46699,SAFE
55641,SAFE
27114,SAFE
29244,SAFE
5386,SAFE
3298,SAFE
105_99999_3,SAFE
2988,SAFE
7732,SAFE
3627,SAFE
9771,SAFE
15953,SAFE
190_New_07_D,SAFE
31755,SAFE
37447,SAFE
26100,SAFE
24516,SAFE
27741,SAFE
2718,SAFE
4665,SAFE
10969,SAFE
7843,SAFE
12256,SAFE
10074,SAFE
6074,SAFE
17600,SAFE
50142,SAFE
198_New_120,SAFE
49781,SAFE
35110,SAFE
68628,SAFE
17033,SAFE
15047,SAFE
32877,SAFE
29993,SAFE
16032,SAFE
12637,SAFE
37307,SAFE
17839,SAFE
10452,SAFE
8380,SAFE
13646,SAFE
14165,SAFE
3346,SAFE
9560,SAFE
7313,SAFE
25479,SAFE
29511,SAFE
16_NEW2,SAFE
030_New_28_D,SAFE
030_New_35_D,SAFE
030_New_38_D,SAFE
030_New_33_D,SAFE
39477,SAFE
30129,SAFE
32934,SAFE
45074,SAFE
2469,SAFE
8388,SAFE
42388,SAFE
163_New_01_D,SAFE
40669,SAFE
33347,SAFE
23_New_24,SAFE
26363,SAFE
26364,SAFE
25483,SAFE
38062,SAFE
37492,SAFE
37765,SAFE
36050,SAFE
30_New_13,SAFE
30_New_12,SAFE
13633,SAFE
3620,SAFE
7118,SAFE
13295,SAFE
16832,SAFE
15993,SAFE
7829,SAFE
4682,SAFE
8890,SAFE
5885,SAFE
9456,SAFE
3178,SAFE
156_NEW133,SAFE
32992,SAFE
40987,SAFE
23949,SAFE
36202,SAFE
30089,SAFE
35548,SAFE
33123,SAFE
39937,SAFE
33887,SAFE
13589,SAFE
3606,SAFE
5585,SAFE
17406,SAFE
3081,SAFE
49702,SAFE
49706,SAFE
49703,SAFE
34251,SAFE
W149RD23,SAFE
25801,SAFE
18_NEW2,SAFE
48545,SAFE
18_NEW1,SAFE
48307,SAFE
W143rd029,SAFE
33675,SAFE
W143rd046,SAFE
23125,SAFE
55092,SAFE
24682,SAFE
22784,SAFE
W189ST037,SAFE
W189ST035,SAFE
3469,SAFE
15788,SAFE
28106,SAFE
50726,SAFE
22706,SAFE
23352,SAFE
27483,SAFE
3249,SAFE
18829,SAFE
38081,SAFE
32881,SAFE
6810,SAFE
4702,SAFE
42288,SAFE
41123,SAFE
36482,SAFE
30527,SAFE
32980,SAFE
NEW1690109,SAFE
25_NEW79,SAFE
39892,SAFE
39500,SAFE
W189ST003,SAFE
2699,SAFE
17028,SAFE
15038,SAFE
14880,SAFE
16860,SAFE
14342,SAFE
7423,SAFE
16370,SAFE
13606,SAFE
5359,SAFE
7392,SAFE
9478,SAFE
6962,SAFE
38305,SAFE
38607,SAFE
42114,SAFE
30243,SAFE
39163,SAFE
27193,SAFE
35740,SAFE
33180,SAFE
34565,SAFE
42452,SAFE
New_W188_0029,SAFE
New_W188_0028,SAFE
40082,SAFE
2467,SAFE
17422,SAFE
16604,SAFE
18597,SAFE
17015,SAFE
4729,SAFE
17014,SAFE
New_W188_0192,SAFE
49058,SAFE
New_W188_0187,SAFE
64292,SAFE
8021,SAFE
3476,SAFE
53364,SAFE
53659,SAFE
53365,SAFE
12405,SAFE
41796,SAFE
36003,SAFE
37534,SAFE
4303,SAFE
2292,SAFE
15728,SAFE
12603,SAFE
14088,SAFE
16116,SAFE
45768,SAFE
45769,SAFE
36763,SAFE
26720,SAFE
5427,SAFE
7458,SAFE
5428,SAFE
7819,SAFE
11778,SAFE
92_New59,SAFE
24278,SAFE
92_New60,SAFE
92_New61,SAFE
46439,SAFE
15504,SAFE
17479,SAFE
3165,SAFE
17409,SAFE
35W_New_2,SAFE
31907,SAFE
42030,SAFE
34786,SAFE
41838,SAFE
31812,SAFE
New_W188_0156,SAFE
New_W188_0159,SAFE
9180,SAFE
030_New_34_D,SAFE
30_New_42,SAFE
030_New_32_D,SAFE
030_New_27_D,SAFE
30478,SAFE
2636,SAFE
6661,SAFE
2376,SAFE
14183,SAFE
12174,SAFE
13434,SAFE
5301,SAFE
4863,SAFE
17102,SAFE
8991,SAFE
11057,SAFE
13145,SAFE
33240,SAFE
23460,SAFE
25979,SAFE
NEW ROAD 14,SAFE
13396,SAFE
3064,SAFE
15405,SAFE
13397,SAFE
7208,SAFE
3067,SAFE
170_NEW12,SAFE
3909,SAFE
13993,SAFE
7805,SAFE
38206,SAFE
30105,SAFE
23077,SAFE
55155,SAFE
10034,SAFE
10032,SAFE
13874,SAFE
17893,SAFE
30598,SAFE
35095,SAFE
37105,SAFE
165_New_05,SAFE
156_NEW125,SAFE
156_NEW153,SAFE
42375,SAFE
49601,SAFE
W196N050,SAFE
W196N051,SAFE
W196N036,SAFE
33_NEW6,SAFE
27404,SAFE
34732,SAFE
42260,SAFE
15945,SAFE
199_New_15,SAFE
12357,SAFE
10216,SAFE
12308,SAFE
10295,SAFE
28671,SAFE
17417,SAFE
5298,SAFE
15538,SAFE
9419,SAFE
7327,SAFE
5338,SAFE
7813,SAFE
3565,SAFE
7671,SAFE
23086,SAFE
16_NEW8,SAFE
6470,SAFE
4324,SAFE
9575,SAFE
9574,SAFE
4383,SAFE
2356,SAFE
12673,SAFE
8541,SAFE
5438,SAFE
3341,SAFE
6008,SAFE
5762,SAFE
140_NEW240,SAFE
5763,SAFE
3679,SAFE
5761,SAFE
"DN190STR042
",SAFE
13346,SAFE
9214,SAFE
34914,SAFE
33687,SAFE
49749,SAFE
31_New_7,SAFE
60009,SAFE
31_New_6,SAFE
14771,SAFE
38396,SAFE
30092,SAFE
26424,SAFE
29029,SAFE
9001,SAFE
50081,SAFE
50079,SAFE
33701,SAFE
41093,SAFE
33649,SAFE
30165,SAFE
41744,SAFE
8156,SAFE
1953,SAFE
8157,SAFE
14316,SAFE
4058,SAFE
27948,SAFE
51765,SAFE
23113,SAFE
51032,SAFE
51034,SAFE
50375,SAFE
28_New_43,SAFE
8215,SAFE
48506,SAFE
48018,SAFE
23284,SAFE
27428,SAFE
29204,SAFE
26667,SAFE
2593,SAFE
8867,SAFE
14935,SAFE
2595,SAFE
2594,SAFE
4642,SAFE
12907,SAFE
24_New_29,SAFE
23739,SAFE
22726,SAFE
43651,SAFE
New_W188_0196,SAFE
New_W188_0190,SAFE
New_W188_0191,SAFE
29636,SAFE
38019,SAFE
6716,SAFE
29998,SAFE
41528,SAFE
5190,SAFE
38388,SAFE
36366,SAFE
15258,SAFE
3861,SAFE
28615,SAFE
5_New8,SAFE
59012,SAFE
23996,SAFE
26851,SAFE
15058,SAFE
10897,SAFE
14978,SAFE
172_New_5,SAFE
41441,SAFE
43548,SAFE
30670,SAFE
31964,SAFE
40910,SAFE
33231,SAFE
38425,SAFE
37401,SAFE
27208,SAFE
26723,SAFE
157_New_2,SAFE
40087,SAFE
39022,SAFE
30719,SAFE
16779,SAFE
12745,SAFE
8616,SAFE
2426,SAFE
4464,SAFE
7211,SAFE
W193N014,SAFE
29878,SAFE
32978,SAFE
11405,SAFE
15460,SAFE
8200,SAFE
New_W188_0014,SAFE
41272,SAFE
44478,SAFE
30081,SAFE
38339,SAFE
32050,SAFE
6156,SAFE
12322,SAFE
27510,SAFE
28647,SAFE
6816,SAFE
10802,SAFE
2655,SAFE
15001,SAFE
10961,SAFE
45885,SAFE
23809,SAFE
28980,SAFE
82_NEW_147,SAFE
12788,SAFE
4509,SAFE
3574,SAFE
41580,SAFE
39957,SAFE
40360,SAFE
37097,SAFE
29392,SAFE
4925,SAFE
2879,SAFE
13580,SAFE
17589,SAFE
3814,SAFE
17797,SAFE
45684,SAFE
157_New_01_D,SAFE
26724,SAFE
38619,SAFE
24574,SAFE
27106,SAFE
27912,SAFE
12446,SAFE
15663,SAFE
3352,SAFE
3351,SAFE
5450,SAFE
5449,SAFE
17660,SAFE
17659,SAFE
20_NEW1,SAFE
48504,SAFE
16696,SAFE
100_New_4,SAFE
86_New52,SAFE
86_New54,SAFE
152RD031,SAFE
41736,SAFE
42599,SAFE
26336,SAFE
28433,SAFE
85_NEW41,SAFE
85_NEW40,SAFE
85_NEW39,SAFE
26304,SAFE
53677,SAFE
53569,SAFE
53565,SAFE
53302,SAFE
53875,SAFE
28806,SAFE
156_NEW72,SAFE
156_NEW71,SAFE
40404,SAFE
155_New_06_D,SAFE
41261,SAFE
37589,SAFE
36532,SAFE
166_NEW15,SAFE
35486,SAFE
166_NEW1,SAFE
83_New_5,SAFE
12418,SAFE
5139,SAFE
49345,SAFE
"DN189STR057
",SAFE
NEW ROAD 3,SAFE
29781,SAFE
147_New_06_D,SAFE
37303,SAFE
17228,SAFE
4977,SAFE
50491,SAFE
50508,SAFE
23279,SAFE
33_NEW13,SAFE
65840,SAFE
25682,SAFE
66301,SAFE
28293,SAFE
31482,SAFE
14226,SAFE
197_New_3,SAFE
197_New_48,SAFE
197_New_49,SAFE
197_New_50,SAFE
16040,SAFE
34304,SAFE
38932,SAFE
8957,SAFE
2768,SAFE
2767,SAFE
5656,SAFE
13861,SAFE
45396,SAFE
44635,SAFE
41050,SAFE
50038,SAFE
49533,SAFE
9489,SAFE
13581,SAFE
17220,SAFE
17217,SAFE
27260,SAFE
27330,SAFE
27587,SAFE
83_New_111,SAFE
23846,SAFE
25069,SAFE
14588,SAFE
W149RD28,SAFE
39571,SAFE
27517,SAFE
55870,SAFE
55871,SAFE
55866,SAFE
55865,SAFE
55864,SAFE
14062,SAFE
18244,SAFE
9978,SAFE
6004,SAFE
16091,SAFE
3927,SAFE
16219,SAFE
16085,SAFE
7519,SAFE
7397,SAFE
003_New_03-D,SAFE
19_NEW7,SAFE
35362,SAFE
26053,SAFE
27745,SAFE
28008,SAFE
87_NEW,SAFE
87_NEW1,SAFE
87_NEW2,SAFE
87_NEW3,SAFE
38361,SAFE
37311,SAFE
14759,SAFE
12703,SAFE
12704,SAFE
25246,SAFE
66606,SAFE
DN189STR030,SAFE
"49365
",SAFE
33792,SAFE
45081,SAFE
16845,SAFE
12821,SAFE
12822,SAFE
12823,SAFE
2512,SAFE
11865,SAFE
15407,SAFE
88_New17,SAFE
12456,SAFE
14478,SAFE
42116,SAFE
8041,SAFE
8042,SAFE
16234,SAFE
10140,SAFE
14207,SAFE
066_NEW1,SAFE
12640,SAFE
8500,SAFE
42704,SAFE
50047,SAFE
49689,SAFE
5171,SAFE
3068,SAFE
6662,SAFE
4575,SAFE
8697,SAFE
3730,SAFE
34509,SAFE
30570,SAFE
155_New_07_D,SAFE
48707,SAFE
42021,SAFE
41137,SAFE
39503,SAFE
30701,SAFE
198_New_140,SAFE
31042,SAFE
35365,SAFE
50141,SAFE
23158,SAFE
25005,SAFE
13950,SAFE
13913,SAFE
3703,SAFE
11978,SAFE
9885,SAFE
17788,SAFE
68194,SAFE
68218,SAFE
68192,SAFE
W143rd019,SAFE
46679,SAFE
W143rd018,SAFE
36686,SAFE
32871,SAFE
18202,SAFE
17833,SAFE
17834,SAFE
17064,SAFE
13089,SAFE
13505,SAFE
12769,SAFE
11773,SAFE
132_NEW235,SAFE
17821,SAFE
7605,SAFE
17823,SAFE
3256,SAFE
13797,SAFE
26878,SAFE
18580,SAFE
9929,SAFE
23_NEW29,SAFE
27080,SAFE
23147,SAFE
10355,SAFE
12200,SAFE
2095,SAFE
5554,SAFE
7967,SAFE
13006,SAFE
24263,SAFE
25973,SAFE
87_NEW24,SAFE
26052,SAFE
28010,SAFE
29369,SAFE
24261,SAFE
24260,SAFE
27765,SAFE
28952,SAFE
27748,SAFE
28906,SAFE
U31,SAFE
U35,SAFE
U34,SAFE
82_NEW_193,SAFE
28679,SAFE
53781,SAFE
53782,SAFE
28356,SAFE
23482,SAFE
31435,SAFE
40855,SAFE
53457,SAFE
26058,SAFE
33399,SAFE
25749,SAFE
30333,SAFE
12454,SAFE
12543,SAFE
10387,SAFE
91_NEW11,SAFE
W143rd050,SAFE
86_New113,SAFE
7283,SAFE
5248,SAFE
3153,SAFE
5512,SAFE
16637,SAFE
9011,SAFE
40W_New_4,SAFE
40W_New_7,SAFE
55476,SAFE
11046,SAFE
56230,SAFE
55472,SAFE
40W_New_6,SAFE
56228,SAFE
55379,SAFE
55386,SAFE
50495,SAFE
51798,SAFE
10956,SAFE
10955,SAFE
15640,SAFE
5413,SAFE
3363,SAFE
18704,SAFE
7484,SAFE
13658,SAFE
7752,SAFE
46532,SAFE
2824,SAFE
4378,SAFE
37489,SAFE
39741,SAFE
155_New_01_D,SAFE
3213,SAFE
14173,SAFE
135_New1,SAFE
7543,SAFE
11692,SAFE
2380,SAFE
45372,SAFE
"39144
",SAFE
38453,SAFE
34943,SAFE
48216,SAFE
48388,SAFE
86_New17,SAFE
86_New16,SAFE
86_New15,SAFE
86_New14,SAFE
26020,SAFE
2921,SAFE
40352,SAFE
43677,SAFE
"49281
",SAFE
67639,SAFE
48028,SAFE
3289,SAFE
11560,SAFE
22_New_15,SAFE
17965,SAFE
9832,SAFE
17982,SAFE
17966,SAFE
7731,SAFE
5_New5,SAFE
60275,SAFE
57920,SAFE
26806,SAFE
28546,SAFE
50962,SAFE
60005,SAFE
14451,SAFE
42606,SAFE
29607,SAFE
25732,SAFE
28094,SAFE
29471,SAFE
27015,SAFE
31130,SAFE
38864,SAFE
38949,SAFE
6640,SAFE
4548,SAFE
7854,SAFE
14003,SAFE
16188,SAFE
23837,SAFE
25579,SAFE
27254,SAFE
4109,SAFE
16303,SAFE
35153,SAFE
39771,SAFE
27683,SAFE
23046,SAFE
2902,SAFE
34172,SAFE
32494,SAFE
18223,SAFE
16186,SAFE
3885,SAFE
129_NEW-3,SAFE
7569,SAFE
45725,SAFE
36881,SAFE
44382,SAFE
8574,SAFE
11018,SAFE
New_W188_0169,SAFE
New_W188_0185,SAFE
14243,SAFE
16139,SAFE
34131,SAFE
45726,SAFE
31547,SAFE
30040,SAFE
26871,SAFE
82_NEW_70,SAFE
26163,SAFE
53455,SAFE
066_NEW2,SAFE
16472,SAFE
6286,SAFE
6287,SAFE
14448,SAFE
12523,SAFE
16563,SAFE
W196N012,SAFE
13030,SAFE
9375,SAFE
11872,SAFE
7691,SAFE
48063,SAFE
24129,SAFE
28704,SAFE
48600,SAFE
48128,SAFE
26940,SAFE
26939,SAFE
23511,SAFE
93_New18,SAFE
23245,SAFE
New_12-150,SAFE
35386,SAFE
4787,SAFE
2727,SAFE
6900,SAFE
8919,SAFE
2729,SAFE
8918,SAFE
2743,SAFE
173_NA,SAFE
156_NEW26,SAFE
156_NEW148,SAFE
51594,SAFE
50297,SAFE
50310,SAFE
50298,SAFE
51596,SAFE
W190ST136,SAFE
34681,SAFE
37989,SAFE
41060,SAFE
086_New_01_D,SAFE
86_NEW295,SAFE
10292,SAFE
42007,SAFE
17502,SAFE
25000,SAFE
24256,SAFE
14071,SAFE
9988,SAFE
156_NEW151,SAFE
41609,SAFE
9457,SAFE
7379,SAFE
17677,SAFE
3370,SAFE
3807,SAFE
3177,SAFE
106_New_4,SAFE
106_New_1,SAFE
W194N148,SAFE
W194N149,SAFE
194_NEW01,SAFE
36271,SAFE
17971,SAFE
6266,SAFE
198_New_112,SAFE
W194N024,SAFE
W194N102,SAFE
39488,SAFE
New_W188_0222,SAFE
35513,SAFE
41070,SAFE
11537,SAFE
7459,SAFE
7282,SAFE
13718,SAFE
17466,SAFE
5121,SAFE
15586,SAFE
113_New_3,SAFE
11975,SAFE
17991,SAFE
7844,SAFE
12057,SAFE
14117,SAFE
16095,SAFE
3698,SAFE
18156,SAFE
5740,SAFE
56249,SAFE
153rd059,SAFE
153rd043,SAFE
33636,SAFE
51022,SAFE
51021,SAFE
50947,SAFE
50946,SAFE
32135,SAFE
137_NEW210,SAFE
33216,SAFE
31849,SAFE
155_New_02_D,SAFE
31623,SAFE
38034,SAFE
3267,SAFE
11541,SAFE
W194N075,SAFE
13524,SAFE
38731,SAFE
36525,SAFE
12044,SAFE
88_New27,SAFE
88_New26,SAFE
38724,SAFE
31775,SAFE
43422,SAFE
19_New_3_D,SAFE
NEW_183_27,SAFE
33381,SAFE
5176,SAFE
18457,SAFE
18460,SAFE
9432,SAFE
37837,SAFE
3039,SAFE
3040,SAFE
15381,SAFE
9499,SAFE
23_New_3,SAFE
23_NEW3,SAFE
2838,SAFE
11106,SAFE
6990,SAFE
36231,SAFE
36312,SAFE
17140,SAFE
17141,SAFE
6_New_001_D,SAFE
68264,SAFE
23041,SAFE
22826,SAFE
68266,SAFE
23039,SAFE
12419,SAFE
16458,SAFE
2100,SAFE
4157,SAFE
8780,SAFE
6762,SAFE
6224,SAFE
10200,SAFE
50034,SAFE
56307,SAFE
55159,SAFE
55158,SAFE
11375,SAFE
7347,SAFE
17541,SAFE
16_NEW17,SAFE
12400,SAFE
10431,SAFE
2179,SAFE
46168,SAFE
46038,SAFE
U17,SAFE
7515,SAFE
128_NA_2,SAFE
7457,SAFE
14008,SAFE
5630,SAFE
18343,SAFE
10077,SAFE
5629,SAFE
7611,SAFE
2289,SAFE
12209,SAFE
14508,SAFE
16517,SAFE
6326,SAFE
31593,SAFE
39101,SAFE
34068,SAFE
U16,SAFE
36134,SAFE
U9,SAFE
39081,SAFE
34407,SAFE
33028,SAFE
38151,SAFE
44697,SAFE
49097,SAFE
4994,SAFE
7071,SAFE
102_New_11,SAFE
15229,SAFE
165_New_13,SAFE
37974,SAFE
3631,SAFE
18317,SAFE
15908,SAFE
7690,SAFE
48579,SAFE
25712,SAFE
42984,SAFE
4542,SAFE
28_New_39,SAFE
176_NEW 3,SAFE
5880,SAFE
29145,SAFE
28152,SAFE
DN080STR019,SAFE
28153,SAFE
40361,SAFE
1910021,SAFE
1910022,SAFE
29888,SAFE
34895,SAFE
9559,SAFE
7468,SAFE
7425,SAFE
3308,SAFE
5457,SAFE
17674,SAFE
15671,SAFE
17673,SAFE
11612,SAFE
11520,SAFE
10519,SAFE
6435,SAFE
68640,SAFE
50196,SAFE
36315,SAFE
50234,SAFE
W192N036,SAFE
6949,SAFE
5026,SAFE
7100,SAFE
16757,SAFE
6541,SAFE
10661,SAFE
92_New87,SAFE
29378,SAFE
92_New82,SAFE
64496,SAFE
68217,SAFE
23650,SAFE
68191,SAFE
66634,SAFE
23648,SAFE
15141,SAFE
2795,SAFE
33367,SAFE
156_NEW104,SAFE
68373,SAFE
68374,SAFE
68377,SAFE
51843,SAFE
33_NEW,SAFE
33_NEW14,SAFE
15835,SAFE
3344,SAFE
25711,SAFE
68082,SAFE
7701,SAFE
11703,SAFE
New_W188_0041,SAFE
15172,SAFE
13150,SAFE
13069,SAFE
24521,SAFE
23869,SAFE
28377,SAFE
33986,SAFE
39381,SAFE
W194N014,SAFE
27713,SAFE
68228,SAFE
35085,SAFE
23132,SAFE
68166,SAFE
14459,SAFE
14458,SAFE
16481,SAFE
3008,SAFE
13344,SAFE
5085,SAFE
17338,SAFE
13345,SAFE
11625,SAFE
8192,SAFE
16549,SAFE
6260,SAFE
16366,SAFE
67618,SAFE
14738,SAFE
14729,SAFE
14741,SAFE
16717,SAFE
44W_New_7,SAFE
7257,SAFE
6235,SAFE
8243,SAFE
29367,SAFE
86_New20,SAFE
25_NEW56,SAFE
25_NEW51,SAFE
10424,SAFE
13455,SAFE
11383,SAFE
18771,SAFE
8757,SAFE
067_NEW,SAFE
10834,SAFE
33509,SAFE
37376,SAFE
68587,SAFE
37062,SAFE
30797,SAFE
44703,SAFE
31398,SAFE
39607,SAFE
3122,SAFE
15926,SAFE
17941,SAFE
37672,SAFE
38371,SAFE
7860,SAFE
9941,SAFE
58116,SAFE
6648,SAFE
4552,SAFE
46W_New_4,SAFE
27684,SAFE
153rd062,SAFE
21_NEW1,SAFE
27723,SAFE
23087,SAFE
54448,SAFE
54329,SAFE
54376,SAFE
51510,SAFE
36069,SAFE
39302,SAFE
2008,SAFE
6189,SAFE
"43714
",SAFE
87_NEW_202,SAFE
15335,SAFE
7154,SAFE
29270,SAFE
12010,SAFE
85_NEW,SAFE
48113,SAFE
48516,SAFE
48362,SAFE
48112,SAFE
48515,SAFE
48440,SAFE
48587,SAFE
39975,SAFE
37770,SAFE
31191,SAFE
82_NEW_99,SAFE
24409,SAFE
15017,SAFE
8848,SAFE
24094,SAFE
23204,SAFE
24912,SAFE
28066,SAFE
89_New9,SAFE
25608,SAFE
32889,SAFE
39250,SAFE
11040,SAFE
17095,SAFE
31954,SAFE
8225,SAFE
14346,SAFE
152RD035,SAFE
152RD034,SAFE
152RD036,SAFE
152RD033,SAFE
41654,SAFE
49761,SAFE
41486,SAFE
198_New_83,SAFE
11231,SAFE
15282,SAFE
7101,SAFE
41582,SAFE
31758,SAFE
NEW1690025,SAFE
33027,SAFE
48025,SAFE
3046,SAFE
17373,SAFE
26574,SAFE
23384,SAFE
9216,SAFE
121_New_2,SAFE
11292,SAFE
18297,SAFE
121_New_4,SAFE
New_W188_0092,SAFE
7877,SAFE
90_New33,SAFE
90_New34,SAFE
90_New37,SAFE
90_New36,SAFE
90_New29,SAFE
39747,SAFE
15271,SAFE
9009,SAFE
7087,SAFE
7086,SAFE
5013,SAFE
11213,SAFE
13270,SAFE
11212,SAFE
11211,SAFE
9128,SAFE
7085,SAFE
9127,SAFE
9126,SAFE
9125,SAFE
11210,SAFE
9124,SAFE
13269,SAFE
6354,SAFE
"49332
",SAFE
50703,SAFE
50702,SAFE
6835,SAFE
12979,SAFE
6834,SAFE
5439,SAFE
New_W188_0080,SAFE
33300,SAFE
17146,SAFE
13171,SAFE
4910,SAFE
59738,SAFE
59736,SAFE
60279,SAFE
24878,SAFE
4209,SAFE
8260,SAFE
12486,SAFE
2180,SAFE
14403,SAFE
2043,SAFE
16431,SAFE
14203,SAFE
4127,SAFE
156_NEW143,SAFE
156_NEW171,SAFE
86_New88,SAFE
New_01,SAFE
190_New_05_D,SAFE
"DN189STR052
",SAFE
"DN189STR053
",SAFE
"31306
",SAFE
W190ST097,SAFE
W190ST096,SAFE
82_NEW_106,SAFE
82_NEW_105,SAFE
36392,SAFE
32440,SAFE
34802,SAFE
37559,SAFE
15685,SAFE
11608,SAFE
37397,SAFE
38287,SAFE
41408,SAFE
10168,SAFE
3975,SAFE
12157,SAFE
18232,SAFE
9018,SAFE
8907,SAFE
17051,SAFE
4774,SAFE
15069,SAFE
10974,SAFE
17049,SAFE
25845,SAFE
41957,SAFE
33798,SAFE
40436,SAFE
34756,SAFE
30476,SAFE
48206,SAFE
5568,SAFE
7355,SAFE
48200,SAFE
68068,SAFE
11569,SAFE
9504,SAFE
15610,SAFE
11568,SAFE
9693,SAFE
12423,SAFE
14441,SAFE
2103,SAFE
4160,SAFE
33_NEW19,SAFE
51828,SAFE
51532,SAFE
51533,SAFE
50550,SAFE
26_NEW143,SAFE
24560,SAFE
55130,SAFE
58122,SAFE
29010,SAFE
37522,SAFE
31739,SAFE
42211,SAFE
28447,SAFE
83_New_82,SAFE
7060,SAFE
17219,SAFE
9103,SAFE
10628,SAFE
12693,SAFE
14740,SAFE
8555,SAFE
42584,SAFE
4393,SAFE
16710,SAFE
8554,SAFE
44W_New_3,SAFE
10616,SAFE
44W_New_2,SAFE
16708,SAFE
44W_New,SAFE
8552,SAFE
7847,SAFE
16054,SAFE
16051,SAFE
NEW_183_23,SAFE
15867,SAFE
8523,SAFE
37127,SAFE
30436,SAFE
33841,SAFE
17603,SAFE
5385,SAFE
25547,SAFE
55877,SAFE
55773,SAFE
27487,SAFE
24611,SAFE
34493,SAFE
30864,SAFE
41557,SAFE
30122,SAFE
15631,SAFE
5693,SAFE
153rd014,SAFE
33578,SAFE
40831,SAFE
37560,SAFE
W149RD12,SAFE
35246,SAFE
4528,SAFE
2495,SAFE
18434,SAFE
7581,SAFE
28329,SAFE
W143rd014,SAFE
5612,SAFE
53437,SAFE
53441,SAFE
53648,SAFE
23811,SAFE
68298,SAFE
12517,SAFE
12435,SAFE
11037,SAFE
24228,SAFE
17264,SAFE
2944,SAFE
17267,SAFE
92_New41,SAFE
25284,SAFE
5539,SAFE
146RD018,SAFE
146RD019,SAFE
30696,SAFE
31515,SAFE
8548,SAFE
17665,SAFE
37346,SAFE
33213,SAFE
29785,SAFE
40037,SAFE
31093,SAFE
32509,SAFE
W196N070,SAFE
W196N072,SAFE
New_W188_0146,SAFE
New_W188_0141,SAFE
12809,SAFE
6729,SAFE
95_New_3,SAFE
15010,SAFE
11994,SAFE
33018,SAFE
7821,SAFE
14004,SAFE
13546,SAFE
7357,SAFE
5366,SAFE
28626,SAFE
23499,SAFE
24437,SAFE
39033,SAFE
12849,SAFE
3141,SAFE
7266,SAFE
15468,SAFE
9351,SAFE
11418,SAFE
3140,SAFE
17451,SAFE
8618,SAFE
3162,SAFE
17476,SAFE
3163,SAFE
7754,SAFE
11933,SAFE
15915,SAFE
45412,SAFE
12691,SAFE
55091,SAFE
"DN190STR018
",SAFE
"34866
",SAFE
14650,SAFE
15565,SAFE
9989,SAFE
11200,SAFE
15262,SAFE
13261,SAFE
11198,SAFE
4997,SAFE
7165,SAFE
9227,SAFE
17245,SAFE
32087,SAFE
41327,SAFE
2760,SAFE
93_New55,SAFE
68288,SAFE
24385,SAFE
12948,SAFE
32800,SAFE
W143rd040,SAFE
33555,SAFE
39979,SAFE
New_25_150,SAFE
38511,SAFE
35915,SAFE
40748,SAFE
39752,SAFE
48670,SAFE
53848,SAFE
53884,SAFE
87_NEW7,SAFE
87_NEW8,SAFE
87_NEW9,SAFE
87_NEW25,SAFE
22969,SAFE
6770,SAFE
6769,SAFE
14900,SAFE
30736,SAFE
170_NEW5,SAFE
7404,SAFE
37109,SAFE
7235,SAFE
4507,SAFE
10322,SAFE
5362,SAFE
11544,SAFE
2466,SAFE
23166,SAFE
87_NEW19,SAFE
45964,SAFE
49907,SAFE
46516,SAFE
9367,SAFE
9368,SAFE
24086,SAFE
82_NEW_123,SAFE
82_NEW_124,SAFE
10935,SAFE
4738,SAFE
6807,SAFE
16982,SAFE
2688,SAFE
16983,SAFE
16992,SAFE
51512,SAFE
8481,SAFE
10557,SAFE
2302,SAFE
8480,SAFE
50088,SAFE
9962,SAFE
14171,SAFE
8108,SAFE
6190,SAFE
27768,SAFE
030_New_21_D,SAFE
29389,SAFE
14656,SAFE
8473,SAFE
14654,SAFE
8465,SAFE
2285,SAFE
6897,SAFE
128_NA_6,SAFE
13047,SAFE
16230,SAFE
6022,SAFE
6028,SAFE
124_New_2,SAFE
124_New_3,SAFE
7354,SAFE
41729,SAFE
3283,SAFE
5374,SAFE
13586,SAFE
7403,SAFE
17593,SAFE
46852,SAFE
52848,SAFE
53911,SAFE
6592,SAFE
23586,SAFE
23684,SAFE
93_New94,SAFE
93_New95,SAFE
W190ST111,SAFE
23592,SAFE
26533,SAFE
13248,SAFE
15412,SAFE
16943,SAFE
6767,SAFE
7_New20,SAFE
60404,SAFE
59894,SAFE
4967,SAFE
17987,SAFE
15881,SAFE
077_NEW,SAFE
077_NEW1,SAFE
3604,SAFE
11762,SAFE
17813,SAFE
34084,SAFE
38620,SAFE
200_New_28,SAFE
17150,SAFE
2858,SAFE
3085,SAFE
12760,SAFE
55857,SAFE
56354,SAFE
5741,SAFE
85_New65,SAFE
10596,SAFE
2346,SAFE
41246,SAFE
11445,SAFE
11443,SAFE
3160,SAFE
9374,SAFE
16731,SAFE
8575,SAFE
39913,SAFE
40474,SAFE
39708,SAFE
16434,SAFE
2069,SAFE
25785,SAFE
28315,SAFE
6730,SAFE
7267,SAFE
3144,SAFE
3142,SAFE
37556,SAFE
8441,SAFE
2284,SAFE
12595,SAFE
7537,SAFE
8445,SAFE
8449,SAFE
16625,SAFE
2272,SAFE
14961,SAFE
30573,SAFE
9173,SAFE
9341,SAFE
7117,SAFE
15269,SAFE
2634,SAFE
39382,SAFE
35666,SAFE
36914,SAFE
New_W186_007,SAFE
New_W186_006,SAFE
New_W186_005,SAFE
New_W186_003,SAFE
New_W186_002,SAFE
New_W186_001,SAFE
W193N013,SAFE
12964,SAFE
42771,SAFE
13001,SAFE
4695,SAFE
13000,SAFE
13080,SAFE
13082,SAFE
17077,SAFE
2746,SAFE
13963,SAFE
9586,SAFE
28772,SAFE
44468,SAFE
40551,SAFE
29293,SAFE
58754,SAFE
41041,SAFE
37815,SAFE
34762,SAFE
30173,SAFE
"49294
",SAFE
37221,SAFE
"41004
",SAFE
40834,SAFE
15157,SAFE
6808,SAFE
14955,SAFE
15000,SAFE
10902,SAFE
16972,SAFE
4694,SAFE
10901,SAFE
6792,SAFE
8765,SAFE
8865,SAFE
23988,SAFE
28747,SAFE
29418,SAFE
13490,SAFE
50387,SAFE
27037,SAFE
11697,SAFE
5547,SAFE
15752,SAFE
26636,SAFE
30_New_6,SAFE
38558,SAFE
NEW1690056,SAFE
NEW1690137,SAFE
NEW1690119,SAFE
67799,SAFE
19_NEW43,SAFE
25592,SAFE
29059,SAFE
24071,SAFE
23795,SAFE
83_New_36,SAFE
23443,SAFE
83_New_38,SAFE
23455,SAFE
4128,SAFE
7113,SAFE
2960,SAFE
13616,SAFE
11595,SAFE
7437,SAFE
5405,SAFE
24471,SAFE
28901,SAFE
27793,SAFE
89_NEW210,SAFE
W190ST043,SAFE
15257,SAFE
16805,SAFE
5360,SAFE
11068,SAFE
6961,SAFE
35088,SAFE
40839,SAFE
39129,SAFE
39807,SAFE
37939,SAFE
151RD011,SAFE
39619,SAFE
57914,SAFE
29449,SAFE
60425,SAFE
8297,SAFE
8299,SAFE
16514,SAFE
4189,SAFE
4187,SAFE
10410,SAFE
4192,SAFE
8336,SAFE
4256,SAFE
14506,SAFE
14497,SAFE
42625,SAFE
23834,SAFE
34835,SAFE
33723,SAFE
27860,SAFE
29517,SAFE
11492,SAFE
34657,SAFE
35289,SAFE
10782,SAFE
14881,SAFE
200_New_23,SAFE
200_New_22,SAFE
92_New33,SAFE
92_New30,SAFE
4987,SAFE
15249,SAFE
9108,SAFE
6603,SAFE
14839,SAFE
9517,SAFE
31925,SAFE
41333,SAFE
39944,SAFE
37673,SAFE
14141,SAFE
7972,SAFE
39325,SAFE
34152,SAFE
33418,SAFE
148_New_01_D,SAFE
31815,SAFE
36629,SAFE
36174,SAFE
41548,SAFE
32372,SAFE
40210,SAFE
33204,SAFE
36365,SAFE
30293,SAFE
37557,SAFE
39815,SAFE
33856,SAFE
33173,SAFE
13482,SAFE
13483,SAFE
7270,SAFE
43W_New_12,SAFE
8095,SAFE
7887,SAFE
18118,SAFE
18117,SAFE
3222,SAFE
8129,SAFE
8127,SAFE
1955,SAFE
16317,SAFE
68193,SAFE
68219,SAFE
"43688
",SAFE
8953,SAFE
57910,SAFE
3_New1,SAFE
7692,SAFE
17918,SAFE
14786,SAFE
152RD030,SAFE
152RD024,SAFE
123_New_3,SAFE
12274,SAFE
4648,SAFE
W194N034,SAFE
W194N036,SAFE
W194N037,SAFE
W194N038,SAFE
W194N039,SAFE
W194N041,SAFE
38078,SAFE
7286,SAFE
15206,SAFE
9686,SAFE
18411,SAFE
46101,SAFE
39575,SAFE
32573,SAFE
26990,SAFE
029_NEW_1_D,SAFE
44341,SAFE
44658,SAFE
45153,SAFE
35649,SAFE
42242,SAFE
35392,SAFE
39278,SAFE
8960,SAFE
8958,SAFE
7168,SAFE
7169,SAFE
16979,SAFE
16978,SAFE
16206,SAFE
5989,SAFE
16207,SAFE
12167,SAFE
51830,SAFE
50559,SAFE
50561,SAFE
45447,SAFE
36125,SAFE
46771,SAFE
34571,SAFE
51567,SAFE
51549,SAFE
52031,SAFE
51568,SAFE
30973,SAFE
8267,SAFE
2127,SAFE
2128,SAFE
16490,SAFE
2129,SAFE
2233,SAFE
14578,SAFE
14470,SAFE
12455,SAFE
6307,SAFE
23776,SAFE
29539,SAFE
27921,SAFE
29558,SAFE
29793,SAFE
34503,SAFE
7130,SAFE
12887,SAFE
12886,SAFE
42776,SAFE
2840,SAFE
11403,SAFE
15180,SAFE
31748,SAFE
14440,SAFE
6276,SAFE
12420,SAFE
8284,SAFE
10722,SAFE
24618,SAFE
49958,SAFE
50095,SAFE
NEW1690115,SAFE
80_NEW301,SAFE
27460,SAFE
29434,SAFE
28580,SAFE
27067,SAFE
60181,SAFE
55705,SAFE
55706,SAFE
23707,SAFE
23224,SAFE
83_New_102,SAFE
26296,SAFE
29037,SAFE
84_NEW21,SAFE
53676,SAFE
53679,SAFE
New_08_150,SAFE
36190,SAFE
"DN189STR024
",SAFE
45959,SAFE
24381,SAFE
26571,SAFE
25_NEW106,SAFE
68263,SAFE
7730,SAFE
11903,SAFE
14985,SAFE
16799,SAFE
12576,SAFE
10508,SAFE
4281,SAFE
14625,SAFE
4284,SAFE
4493,SAFE
12520,SAFE
8376,SAFE
45307,SAFE
45902,SAFE
6976,SAFE
13056,SAFE
17062,SAFE
55646,SAFE
55645,SAFE
24798,SAFE
3768,SAFE
17145,SAFE
11108,SAFE
4054,SAFE
12319,SAFE
16334,SAFE
16335,SAFE
14311,SAFE
12757,SAFE
12758,SAFE
16790,SAFE
44230,SAFE
44919,SAFE
4676,SAFE
7431,SAFE
5402,SAFE
3313,SAFE
8242,SAFE
12011,SAFE
5821,SAFE
3732,SAFE
5820,SAFE
5819,SAFE
5818,SAFE
7837,SAFE
26257,SAFE
25105,SAFE
26258,SAFE
1910037,SAFE
1910032,SAFE
4344,SAFE
6478,SAFE
15487,SAFE
11444,SAFE
39486,SAFE
14984,SAFE
New_W186_040,SAFE
New_W186_032,SAFE
14739,SAFE
34687,SAFE
38029,SAFE
38764,SAFE
32802,SAFE
W194N143,SAFE
49428,SAFE
W189ST017,SAFE
42916,SAFE
065_NEW6,SAFE
065_NEW3,SAFE
29547,SAFE
42687,SAFE
31308,SAFE
W196N075,SAFE
W196N097,SAFE
W196N076,SAFE
34355,SAFE
33912,SAFE
35329,SAFE
10028,SAFE
3656,SAFE
8643,SAFE
7634,SAFE
10406,SAFE
45353,SAFE
38481,SAFE
3226,SAFE
15557,SAFE
11506,SAFE
9428,SAFE
17572,SAFE
7920,SAFE
10009,SAFE
13930,SAFE
13931,SAFE
28581,SAFE
New_W188_0225,SAFE
New_W188_0226,SAFE
38815,SAFE
23830,SAFE
29040,SAFE
23391,SAFE
48970,SAFE
11599,SAFE
53636,SAFE
27886,SAFE
2273,SAFE
37572,SAFE
25853,SAFE
44417,SAFE
36664,SAFE
2464,SAFE
10712,SAFE
3938,SAFE
6591,SAFE
3752,SAFE
31_New_21,SAFE
31_New_20,SAFE
23764,SAFE
29760,SAFE
37870,SAFE
31610,SAFE
7131,SAFE
195_New_23,SAFE
51977,SAFE
13828,SAFE
199_New_24,SAFE
11489,SAFE
15410,SAFE
5306,SAFE
3202,SAFE
51564,SAFE
51566,SAFE
51565,SAFE
25878,SAFE
2313,SAFE
12629,SAFE
10563,SAFE
12630,SAFE
2314,SAFE
198_New_121,SAFE
198_New_124,SAFE
5976,SAFE
7964,SAFE
31566,SAFE
37533,SAFE
8671,SAFE
12808,SAFE
12643,SAFE
35869,SAFE
33351,SAFE
31219,SAFE
45W_New_1,SAFE
11274,SAFE
17313,SAFE
7136,SAFE
11275,SAFE
17312,SAFE
38836,SAFE
32692,SAFE
34219,SAFE
30518,SAFE
37149,SAFE
39528,SAFE
156_NEW49,SAFE
37892,SAFE
13_New1,SAFE
22815,SAFE
5510,SAFE
14688,SAFE
40620,SAFE
14159,SAFE
41421,SAFE
53623,SAFE
53420,SAFE
26896,SAFE
27514,SAFE
26895,SAFE
2203,SAFE
8353,SAFE
18656,SAFE
4758,SAFE
8866,SAFE
18741,SAFE
2557,SAFE
8814,SAFE
10898,SAFE
NEW ROAD 2,SAFE
144_New_04_D,SAFE
37478,SAFE
50888,SAFE
16362,SAFE
14425,SAFE
6181,SAFE
10133,SAFE
12377,SAFE
50048,SAFE
44699,SAFE
29635,SAFE
25074,SAFE
27283,SAFE
24300,SAFE
23932,SAFE
79_New_73,SAFE
15144,SAFE
49196,SAFE
33923,SAFE
DN184STR019,SAFE
4213,SAFE
4214,SAFE
10443,SAFE
33_NEW10,SAFE
44895,SAFE
24202,SAFE
22_New_16,SAFE
51808,SAFE
93_New83,SAFE
28925,SAFE
24431,SAFE
28_New_38,SAFE
26646,SAFE
26645,SAFE
28551,SAFE
28810,SAFE
25375,SAFE
26434,SAFE
24195,SAFE
32579,SAFE
34010,SAFE
34974,SAFE
35306,SAFE
41291,SAFE
4135,SAFE
16440,SAFE
6252,SAFE
12021,SAFE
14037,SAFE
9942,SAFE
17825,SAFE
178_NEW4,SAFE
51819,SAFE
26983,SAFE
29190,SAFE
14348,SAFE
64315,SAFE
17319,SAFE
7223,SAFE
48324,SAFE
29320,SAFE
29149,SAFE
29155,SAFE
31230,SAFE
29736,SAFE
43759,SAFE
40543,SAFE
84_NEW3,SAFE
3903,SAFE
3841,SAFE
10040,SAFE
18037,SAFE
39993,SAFE
34862,SAFE
156_NEW80,SAFE
41443,SAFE
32727,SAFE
34262,SAFE
4658,SAFE
4657,SAFE
2330,SAFE
8511,SAFE
16682,SAFE
14717,SAFE
NEW1690091,SAFE
32473,SAFE
7174,SAFE
17350,SAFE
13356,SAFE
5109,SAFE
50092,SAFE
16914,SAFE
6628,SAFE
153rd018,SAFE
5604,SAFE
11658,SAFE
11633,SAFE
5448,SAFE
5578,SAFE
7589,SAFE
9678,SAFE
9647,SAFE
2938,SAFE
11214,SAFE
9130,SAFE
36112,SAFE
37237,SAFE
55014,SAFE
24_New_53,SAFE
36074,SAFE
49609,SAFE
42208,SAFE
41826,SAFE
65838,SAFE
26546,SAFE
12863,SAFE
2548,SAFE
8720,SAFE
16489,SAFE
8333,SAFE
2235,SAFE
26844,SAFE
26_NEW89,SAFE
55045,SAFE
24_New_21,SAFE
6654,SAFE
6750,SAFE
16850,SAFE
48706,SAFE
48709,SAFE
48708,SAFE
46231,SAFE
23094,SAFE
24529,SAFE
51838,SAFE
23269,SAFE
24133,SAFE
29126,SAFE
27408,SAFE
27724,SAFE
23090,SAFE
23430,SAFE
6311,SAFE
14322,SAFE
3918,SAFE
12177,SAFE
8014,SAFE
5994,SAFE
5995,SAFE
3919,SAFE
12178,SAFE
14184,SAFE
14627,SAFE
12577,SAFE
6096,SAFE
31442,SAFE
35936,SAFE
38115,SAFE
5001,SAFE
11295,SAFE
3013,SAFE
24367,SAFE
16_NEW9,SAFE
4_New8,SAFE
58024,SAFE
28395,SAFE
26597,SAFE
23754,SAFE
10221,SAFE
26006,SAFE
24979,SAFE
29362,SAFE
37027,SAFE
157_New_18,SAFE
15740,SAFE
16679,SAFE
7430,SAFE
9865,SAFE
26714,SAFE
38193,SAFE
35847,SAFE
40817,SAFE
55632,SAFE
55621,SAFE
41396,SAFE
41462,SAFE
32883,SAFE
34256,SAFE
41351,SAFE
29953,SAFE
32090,SAFE
37787,SAFE
"30915
",SAFE
"49258
",SAFE
32627,SAFE
30532,SAFE
2415,SAFE
8689,SAFE
41467,SAFE
12929,SAFE
8787,SAFE
10875,SAFE
26993,SAFE
49704,SAFE
50120,SAFE
49705,SAFE
50119,SAFE
3610,SAFE
9868,SAFE
7789,SAFE
7788,SAFE
156_NEW68,SAFE
156_NEW67,SAFE
198_New_8,SAFE
198_New_15,SAFE
53524,SAFE
W192N042,SAFE
4_New5,SAFE
25344,SAFE
25492,SAFE
56150,SAFE
59704,SAFE
"38657
",SAFE
"33452
",SAFE
"31236
",SAFE
"49357
",SAFE
38282,SAFE
39161,SAFE
37305,SAFE
5936,SAFE
12062,SAFE
18187,SAFE
35243,SAFE
17843,SAFE
13810,SAFE
17844,SAFE
91_NEW124,SAFE
24274,SAFE
91_NEW122,SAFE
79_New_56,SAFE
37976,SAFE
38475,SAFE
39084,SAFE
W192N020,SAFE
92_New78,SAFE
92_New83,SAFE
11244,SAFE
12234,SAFE
15991,SAFE
16250,SAFE
31949,SAFE
39940,SAFE
17635,SAFE
50573,SAFE
51850,SAFE
9075,SAFE
44809,SAFE
45286,SAFE
29094,SAFE
44374,SAFE
82_NEW_50,SAFE
10413,SAFE
4191,SAFE
14509,SAFE
67610,SAFE
6422,SAFE
2199,SAFE
10439,SAFE
12480,SAFE
14520,SAFE
8412,SAFE
14304,SAFE
1958,SAFE
6141,SAFE
45029,SAFE
38404,SAFE
3812,SAFE
14082,SAFE
10050,SAFE
14080,SAFE
31733,SAFE
146RD026,SAFE
11463,SAFE
5280,SAFE
18_NEW16,SAFE
25131,SAFE
25698,SAFE
27722,SAFE
14353,SAFE
2101,SAFE
11003,SAFE
4810,SAFE
8952,SAFE
15125,SAFE
11026,SAFE
13077,SAFE
15109,SAFE
17090,SAFE
15110,SAFE
6931,SAFE
2753,SAFE
15318,SAFE
18348,SAFE
13670,SAFE
15690,SAFE
3497,SAFE
37637,SAFE
32649,SAFE
24482,SAFE
W143rd034,SAFE
5235,SAFE
7264,SAFE
8058,SAFE
6821,SAFE
17_New_36,SAFE
10610,SAFE
16702,SAFE
"DN185STR005
",SAFE
38875,SAFE
199_New_19,SAFE
39073,SAFE
41618,SAFE
8610,SAFE
16768,SAFE
16767,SAFE
16766,SAFE
26556,SAFE
25688,SAFE
49710,SAFE
49709,SAFE
W196N089,SAFE
43W_New_13,SAFE
197_New_63,SAFE
197_New_51,SAFE
15576,SAFE
39072,SAFE
36249,SAFE
34472,SAFE
22_New_11,SAFE
22710,SAFE
16079,SAFE
10_New03,SAFE
28308,SAFE
10_New04,SAFE
24844,SAFE
27752,SAFE
11368,SAFE
13426,SAFE
28603,SAFE
W196N096,SAFE
W196N094,SAFE
"49305
",SAFE
18107,SAFE
26377,SAFE
23737,SAFE
27890,SAFE
13012,SAFE
15043,SAFE
9163,SAFE
9164,SAFE
2961,SAFE
11247,SAFE
4438,SAFE
10657,SAFE
50544,SAFE
22915,SAFE
50545,SAFE
10522,SAFE
4293,SAFE
10521,SAFE
15980,SAFE
46473,SAFE
45002,SAFE
35457,SAFE
16379,SAFE
6280,SAFE
15470,SAFE
31717,SAFE
29964,SAFE
41870,SAFE
6680,SAFE
44262,SAFE
48646,SAFE
48625,SAFE
46224,SAFE
NEW1690046,SAFE
2275,SAFE
16626,SAFE
18495,SAFE
37524,SAFE
1910004,SAFE
14640,SAFE
12593,SAFE
4296,SAFE
27334,SAFE
10849,SAFE
2586,SAFE
14927,SAFE
10889,SAFE
51036,SAFE
28820,SAFE
2196,SAFE
2582,SAFE
23827,SAFE
16465,SAFE
6746,SAFE
3806,SAFE
17988,SAFE
12226,SAFE
12271,SAFE
16282,SAFE
12270,SAFE
49676,SAFE
4804,SAFE
32033,SAFE
39314,SAFE
34775,SAFE
83_New_48,SAFE
83_New_47,SAFE
4581,SAFE
2534,SAFE
6670,SAFE
12855,SAFE
16862,SAFE
40756,SAFE
39845,SAFE
50552,SAFE
91_NEW105,SAFE
28931,SAFE
34773,SAFE
36922,SAFE
New_11-150,SAFE
35876,SAFE
15327,SAFE
16486,SAFE
12441,SAFE
32797,SAFE
31446,SAFE
26314,SAFE
8691,SAFE
12847,SAFE
4573,SAFE
4574,SAFE
14914,SAFE
14443,SAFE
6195,SAFE
10271,SAFE
6281,SAFE
16378,SAFE
17897,SAFE
28140,SAFE
29647,SAFE
24710,SAFE
23278,SAFE
24709,SAFE
55385,SAFE
55382,SAFE
4840,SAFE
4841,SAFE
6938,SAFE
36111,SAFE
2480,SAFE
29414,SAFE
85_New52,SAFE
23835,SAFE
39814,SAFE
5453,SAFE
13651,SAFE
33748,SAFE
26141,SAFE
48628,SAFE
48627,SAFE
28862,SAFE
43420,SAFE
4922,SAFE
2869,SAFE
6932,SAFE
16977,SAFE
18611,SAFE
7441,SAFE
5998,SAFE
11318,SAFE
13391,SAFE
115_New_1,SAFE
13390,SAFE
5156,SAFE
5154,SAFE
17912,SAFE
114_New_2,SAFE
9277,SAFE
40102,SAFE
15552,SAFE
15551,SAFE
198_New_5,SAFE
198_New_11,SAFE
198_New_3,SAFE
6310,SAFE
2068,SAFE
10390,SAFE
10477,SAFE
16588,SAFE
16577,SAFE
14518,SAFE
U41,SAFE
2135,SAFE
10399,SAFE
13267,SAFE
7084,SAFE
9119,SAFE
48462,SAFE
15_NEW_5,SAFE
9004,SAFE
9985,SAFE
15154,SAFE
9229,SAFE
14032,SAFE
9935,SAFE
9936,SAFE
37454,SAFE
36302,SAFE
29860,SAFE
39427,SAFE
36081,SAFE
33802,SAFE
32919,SAFE
25793,SAFE
33005,SAFE
38176,SAFE
30485,SAFE
42369,SAFE
34373,SAFE
36514,SAFE
39471,SAFE
13028,SAFE
42798,SAFE
23660,SAFE
60260,SAFE
28398,SAFE
8969,SAFE
23590,SAFE
48354,SAFE
48581,SAFE
67598,SAFE
67636,SAFE
28444,SAFE
10096,SAFE
18224,SAFE
12194,SAFE
36813,SAFE
30742,SAFE
5024,SAFE
9139,SAFE
13278,SAFE
2946,SAFE
17263,SAFE
9140,SAFE
11230,SAFE
4568,SAFE
14693,SAFE
42803,SAFE
53545,SAFE
53691,SAFE
45600,SAFE
30905,SAFE
38150,SAFE
17181,SAFE
11135,SAFE
15208,SAFE
7022,SAFE
128_NEW17,SAFE
5330,SAFE
127_NEW7,SAFE
6895,SAFE
13754,SAFE
5575,SAFE
3438,SAFE
NEW ROAD 21,SAFE
33001,SAFE
39224,SAFE
10383,SAFE
7652,SAFE
18_NEW9,SAFE
23079,SAFE
26936,SAFE
23072,SAFE
39674,SAFE
38894,SAFE
93_New113,SAFE
93_New100,SAFE
93_New114,SAFE
24319,SAFE
24324,SAFE
26459,SAFE
93_New6,SAFE
10297,SAFE
49816,SAFE
6742,SAFE
16918,SAFE
8762,SAFE
12899,SAFE
35838,SAFE
40643,SAFE
41130,SAFE
38717,SAFE
45774,SAFE
50440,SAFE
6380,SAFE
6461,SAFE
10552,SAFE
11109,SAFE
9040,SAFE
11111,SAFE
15298,SAFE
11112,SAFE
11250,SAFE
13166,SAFE
15184,SAFE
9174,SAFE
9034,SAFE
12410,SAFE
12826,SAFE
5059,SAFE
064_NEW22,SAFE
064_NEW21,SAFE
4890,SAFE
13148,SAFE
103_New_9,SAFE
27753,SAFE
26349,SAFE
28527,SAFE
89_New22,SAFE
92_New135,SAFE
089_New_03_D,SAFE
089_New_01_D,SAFE
46799,SAFE
3367,SAFE
W193N153,SAFE
16464,SAFE
2104,SAFE
38374,SAFE
35721,SAFE
31103,SAFE
53869,SAFE
53857,SAFE
53699,SAFE
53462,SAFE
10505,SAFE
4239,SAFE
12578,SAFE
16616,SAFE
6427,SAFE
16618,SAFE
16617,SAFE
14624,SAFE
10507,SAFE
8370,SAFE
14547,SAFE
12511,SAFE
26794,SAFE
46032,SAFE
NEW_183_29,SAFE
33200,SAFE
43540,SAFE
35887,SAFE
43495,SAFE
W185ST033,SAFE
29944,SAFE
W185ST017,SAFE
25877,SAFE
27936,SAFE
8160,SAFE
4131,SAFE
11827,SAFE
45073,SAFE
5293,SAFE
3191,SAFE
5_New9,SAFE
34351,SAFE
"32860
",SAFE
29391,SAFE
16193,SAFE
15440,SAFE
3105,SAFE
31058,SAFE
41697,SAFE
43404,SAFE
55477,SAFE
55381,SAFE
14884,SAFE
24535,SAFE
51825,SAFE
New_1,SAFE
40377,SAFE
10775,SAFE
16942,SAFE
28_New_31,SAFE
50913,SAFE
50914,SAFE
50730,SAFE
28_New_30,SAFE
50004,SAFE
49960,SAFE
50005,SAFE
123_New_1,SAFE
3434,SAFE
3433,SAFE
15413,SAFE
14579,SAFE
4249,SAFE
4864,SAFE
8993,SAFE
11666,SAFE
7572,SAFE
15577,SAFE
9242,SAFE
28097,SAFE
22881,SAFE
29605,SAFE
24401,SAFE
28099,SAFE
29604,SAFE
35658,SAFE
41934,SAFE
48145,SAFE
13751,SAFE
17801,SAFE
17858,SAFE
40324,SAFE
32540,SAFE
32684,SAFE
42103,SAFE
34033,SAFE
41286,SAFE
34800,SAFE
38641,SAFE
31900,SAFE
66300,SAFE
40296,SAFE
40904,SAFE
33378,SAFE
25758,SAFE
11841,SAFE
17886,SAFE
9120,SAFE
11304,SAFE
2924,SAFE
W189ST038,SAFE
W189ST039,SAFE
36361,SAFE
25_NEW95,SAFE
190_New_31_D,SAFE
"40380
",SAFE
"34582
",SAFE
"36845
",SAFE
34410,SAFE
17237,SAFE
81_NEW13,SAFE
29110,SAFE
13820,SAFE
43202,SAFE
5050,SAFE
82_NEW_107,SAFE
"33981
",SAFE
"41732
",SAFE
12535,SAFE
13522,SAFE
7925,SAFE
18155,SAFE
14101,SAFE
7551,SAFE
13732,SAFE
19087,SAFE
10756,SAFE
36966,SAFE
6953,SAFE
6952,SAFE
11050,SAFE
8985,SAFE
9383,SAFE
12866,SAFE
8864,SAFE
8862,SAFE
8723,SAFE
6675,SAFE
14888,SAFE
4589,SAFE
2542,SAFE
W190ST105,SAFE
"49433
",SAFE
"49432
",SAFE
24965,SAFE
25936,SAFE
22764,SAFE
49038,SAFE
17398,SAFE
9302,SAFE
11355,SAFE
17399,SAFE
13410,SAFE
11356,SAFE
3070,SAFE
156_NEW63,SAFE
15276,SAFE
17257,SAFE
48712,SAFE
10894,SAFE
16967,SAFE
2471,SAFE
4501,SAFE
10230,SAFE
10943,SAFE
5738,SAFE
9758,SAFE
4614,SAFE
"31183
",SAFE
42722,SAFE
8751,SAFE
8901,SAFE
17046,SAFE
7601,SAFE
18498,SAFE
68074,SAFE
68058,SAFE
68059,SAFE
11441,SAFE
7275,SAFE
34699,SAFE
35593,SAFE
8676,SAFE
53444,SAFE
82_NEW_210,SAFE
30561,SAFE
40091,SAFE
13529,SAFE
5308,SAFE
2577,SAFE
6453,SAFE
14658,SAFE
10542,SAFE
6452,SAFE
8247,SAFE
6229,SAFE
New_45_150,SAFE
35090,SAFE
1968,SAFE
8147,SAFE
10409,SAFE
16507,SAFE
6250,SAFE
40W_New_8,SAFE
W192N023,SAFE
32092,SAFE
3873,SAFE
12137,SAFE
18206,SAFE
13912,SAFE
86_NEW155,SAFE
50898,SAFE
38190,SAFE
41880,SAFE
24545,SAFE
80_New_19,SAFE
41836,SAFE
34935,SAFE
NEW ROAD 25,SAFE
44397,SAFE
2757,SAFE
17390,SAFE
19093,SAFE
11350,SAFE
28760,SAFE
197_New_41,SAFE
197_New_45,SAFE
197_New_44,SAFE
197_New_39,SAFE
197_New_43,SAFE
197_New_42,SAFE
24_New_49,SAFE
55023,SAFE
7992,SAFE
7492,SAFE
34274,SAFE
50127,SAFE
W196N090,SAFE
50021,SAFE
23234,SAFE
28034,SAFE
26095,SAFE
93_New97,SAFE
7598,SAFE
NEW1690139,SAFE
NEW1690051,SAFE
197_New_4,SAFE
197_New_5,SAFE
DN079STR163,SAFE
29480,SAFE
29186,SAFE
18473,SAFE
175_new-1,SAFE
175_new-3,SAFE
17948,SAFE
14033,SAFE
30727,SAFE
39626,SAFE
32381,SAFE
37058,SAFE
29832,SAFE
33739,SAFE
32940,SAFE
32538,SAFE
28786,SAFE
26414,SAFE
26420,SAFE
24336,SAFE
26415,SAFE
28175,SAFE
26416,SAFE
26632,SAFE
27927,SAFE
28790,SAFE
24145,SAFE
23787,SAFE
28789,SAFE
25868,SAFE
13491,SAFE
5266,SAFE
17472,SAFE
8179,SAFE
16447,SAFE
W193N053,SAFE
17013,SAFE
15022,SAFE
12990,SAFE
NEW1690125,SAFE
NEW1690126,SAFE
39240,SAFE
3723,SAFE
18058,SAFE
13975,SAFE
198_New_34,SAFE
198_New_36,SAFE
2714,SAFE
6880,SAFE
5393,SAFE
9956,SAFE
2715,SAFE
35355,SAFE
41617,SAFE
46075,SAFE
1936,SAFE
6024,SAFE
8037,SAFE
6025,SAFE
16237,SAFE
25_NEW62,SAFE
27079,SAFE
25_NEW72,SAFE
25_NEW63,SAFE
16211,SAFE
11819,SAFE
3232,SAFE
109_99999,SAFE
9343,SAFE
6671,SAFE
8712,SAFE
51008,SAFE
86_New142,SAFE
86_New164,SAFE
90_New35,SAFE
6858,SAFE
16923,SAFE
24075,SAFE
24929,SAFE
25225,SAFE
23831,SAFE
41959,SAFE
36059,SAFE
34376,SAFE
"37081
",SAFE
31580,SAFE
38000,SAFE
41488,SAFE
28601,SAFE
90_New12,SAFE
6400,SAFE
12545,SAFE
6397,SAFE
5623,SAFE
39202,SAFE
5685,SAFE
156_NEW46,SAFE
27888,SAFE
24_New_62,SAFE
27889,SAFE
46121,SAFE
11484,SAFE
5303,SAFE
11490,SAFE
15537,SAFE
NEW1690080,SAFE
NEW1690120,SAFE
NEW1690068,SAFE
New_W188_0053,SAFE
New_W188_0064,SAFE
30558,SAFE
33805,SAFE
32128,SAFE
17440,SAFE
16284,SAFE
15918,SAFE
W189ST026,SAFE
26698,SAFE
W189ST023,SAFE
37928,SAFE
156_NEW65,SAFE
35037,SAFE
16373,SAFE
10267,SAFE
92_New15,SAFE
92_New13,SAFE
27787,SAFE
3288,SAFE
3287,SAFE
W196N081,SAFE
12391,SAFE
6245,SAFE
35672,SAFE
40971,SAFE
39210,SAFE
069_NEW,SAFE
10821,SAFE
8740,SAFE
51981,SAFE
91_NEW40,SAFE
24447,SAFE
91_New7,SAFE
27_New_13,SAFE
27072,SAFE
44907,SAFE
102_New_12,SAFE
17185,SAFE
15211,SAFE
45204,SAFE
New_W188_0125,SAFE
New_W188_0071,SAFE
55124,SAFE
55809,SAFE
9321,SAFE
13448,SAFE
9320,SAFE
3106,SAFE
6078,SAFE
12261,SAFE
59583,SAFE
24586,SAFE
36930,SAFE
W192N018,SAFE
35504,SAFE
22850,SAFE
16828,SAFE
16003,SAFE
26823,SAFE
27086,SAFE
25_NEW110,SAFE
40050,SAFE
42492,SAFE
45804,SAFE
12560,SAFE
16601,SAFE
12561,SAFE
14607,SAFE
8421,SAFE
29516,SAFE
41400,SAFE
42121,SAFE
W189ST008,SAFE
"36135
",SAFE
30_New_4,SAFE
27634,SAFE
28245,SAFE
38638,SAFE
069_NEW2,SAFE
12882,SAFE
16901,SAFE
15588,SAFE
29542,SAFE
2295,SAFE
49945,SAFE
25_NEW26,SAFE
25_NEW29,SAFE
25_NEW28,SAFE
25_NEW115,SAFE
25_NEW24,SAFE
12093,SAFE
10026,SAFE
51488,SAFE
23981,SAFE
53849,SAFE
5785,SAFE
16017,SAFE
11738,SAFE
55644,SAFE
35296,SAFE
4686,SAFE
8809,SAFE
16957,SAFE
8808,SAFE
46W_New_9,SAFE
30498,SAFE
41275,SAFE
51427,SAFE
25_NEW99,SAFE
39389,SAFE
"34475
",SAFE
30181,SAFE
W167N008,SAFE
44355,SAFE
39258,SAFE
165_New_22,SAFE
5106,SAFE
6617,SAFE
27636,SAFE
29333,SAFE
25112,SAFE
13689,SAFE
7512,SAFE
5485,SAFE
41387,SAFE
W196N024,SAFE
66293,SAFE
32827,SAFE
30858,SAFE
2947,SAFE
15280,SAFE
9155,SAFE
15283,SAFE
11744,SAFE
5831,SAFE
11365,SAFE
"DN189STR082
",SAFE
"DN189STR034
",SAFE
39040,SAFE
46513,SAFE
45182,SAFE
10127,SAFE
170_NEW4,SAFE
9530,SAFE
88_New32,SAFE
25931,SAFE
13437,SAFE
7232,SAFE
13436,SAFE
28156,SAFE
46777,SAFE
5251,SAFE
10835,SAFE
39572,SAFE
31312,SAFE
27955,SAFE
18587,SAFE
7323,SAFE
13516,SAFE
14891,SAFE
30037,SAFE
37552,SAFE
42037,SAFE
31614,SAFE
8241,SAFE
2053,SAFE
10321,SAFE
4118,SAFE
4119,SAFE
10324,SAFE
7389,SAFE
9479,SAFE
13568,SAFE
40163,SAFE
42162,SAFE
49915,SAFE
183_New_17,SAFE
3228,SAFE
25730,SAFE
8475,SAFE
2005,SAFE
8212,SAFE
4073,SAFE
7965,SAFE
3896,SAFE
37184,SAFE
6186,SAFE
14386,SAFE
4114,SAFE
6242,SAFE
6227,SAFE
16410,SAFE
8236,SAFE
10316,SAFE
6228,SAFE
16808,SAFE
14835,SAFE
53516,SAFE
W190ST034,SAFE
28192,SAFE
17212,SAFE
4962,SAFE
29959,SAFE
W193N127,SAFE
W193N106,SAFE
41966,SAFE
38803,SAFE
40376,SAFE
12670,SAFE
2375,SAFE
66614,SAFE
25658,SAFE
7_New19,SAFE
7_New16,SAFE
11470,SAFE
13854,SAFE
128_NEW18,SAFE
3931,SAFE
13610,SAFE
7428,SAFE
5398,SAFE
9519,SAFE
7427,SAFE
53584,SAFE
53453,SAFE
32152,SAFE
41415,SAFE
156_NEW109,SAFE
31197,SAFE
14778,SAFE
2401,SAFE
4322,SAFE
2391,SAFE
7836,SAFE
36825,SAFE
29834,SAFE
50253,SAFE
19_NEW44,SAFE
26301,SAFE
28420,SAFE
28423,SAFE
28469,SAFE
24845,SAFE
29424,SAFE
27965,SAFE
28389,SAFE
50291,SAFE
35125,SAFE
50604,SAFE
50601,SAFE
24541,SAFE
50520,SAFE
29653,SAFE
34710,SAFE
38227,SAFE
41607,SAFE
33939,SAFE
38918,SAFE
32535,SAFE
42243,SAFE
8394,SAFE
41088,SAFE
24568,SAFE
55259,SAFE
55258,SAFE
53650,SAFE
24_New_42,SAFE
53475,SAFE
53434,SAFE
40467,SAFE
37843,SAFE
14969,SAFE
2640,SAFE
14309,SAFE
12923,SAFE
10920,SAFE
12984,SAFE
6831,SAFE
15016,SAFE
6825,SAFE
15014,SAFE
8842,SAFE
2665,SAFE
7765,SAFE
3548,SAFE
198_New_72,SAFE
37554,SAFE
38121,SAFE
32256,SAFE
7242,SAFE
9814,SAFE
New_W188_0219,SAFE
18138,SAFE
18139,SAFE
W189ST011,SAFE
24725,SAFE
23002,SAFE
11413,SAFE
15466,SAFE
3802,SAFE
7902,SAFE
4740,SAFE
4688,SAFE
13002,SAFE
17252,SAFE
17249,SAFE
23608,SAFE
18005,SAFE
7370,SAFE
31195,SAFE
W167N009,SAFE
W167N010,SAFE
30072,SAFE
24949,SAFE
"DN189STR015
",SAFE
"40556
",SAFE
"35863
",SAFE
5034,SAFE
41941,SAFE
6998,SAFE
W194N011,SAFE
24659,SAFE
29036,SAFE
27261,SAFE
27571,SAFE
24697,SAFE
39901,SAFE
41184,SAFE
16102,SAFE
7241,SAFE
5207,SAFE
59734,SAFE
59652,SAFE
15481,SAFE
16753,SAFE
41383,SAFE
16584,SAFE
11937,SAFE
6405,SAFE
6776,SAFE
10960,SAFE
15052,SAFE
15235,SAFE
4974,SAFE
7062,SAFE
4973,SAFE
11170,SAFE
2916,SAFE
4972,SAFE
4971,SAFE
17222,SAFE
4969,SAFE
4970,SAFE
2914,SAFE
13238,SAFE
102_New_3,SAFE
15237,SAFE
15241,SAFE
4968,SAFE
7059,SAFE
4966,SAFE
13240,SAFE
53879,SAFE
53851,SAFE
53841,SAFE
12202,SAFE
8057,SAFE
12203,SAFE
139_NEW268,SAFE
18115,SAFE
41491,SAFE
36319,SAFE
W194N169,SAFE
7489,SAFE
14471,SAFE
10459,SAFE
14932,SAFE
16975,SAFE
55474,SAFE
56229,SAFE
14559,SAFE
14558,SAFE
2107,SAFE
6285,SAFE
6284,SAFE
49069,SAFE
W190ST005,SAFE
W190ST002,SAFE
W190ST134,SAFE
12033,SAFE
12032,SAFE
14041,SAFE
9954,SAFE
14045,SAFE
3755,SAFE
9953,SAFE
9952,SAFE
9951,SAFE
9950,SAFE
5853,SAFE
14536,SAFE
35955,SAFE
44750,SAFE
161_NEW101,SAFE
30842,SAFE
30175,SAFE
161_New_6,SAFE
5041,SAFE
17285,SAFE
9498,SAFE
5381,SAFE
15607,SAFE
3530,SAFE
17849,SAFE
38933,SAFE
38295,SAFE
40647,SAFE
41764,SAFE
38534,SAFE
40815,SAFE
36189,SAFE
5443,SAFE
17838,SAFE
9557,SAFE
3345,SAFE
7620,SAFE
8307,SAFE
30427,SAFE
37029,SAFE
36116,SAFE
18067,SAFE
DN184STR011,SAFE
29733,SAFE
39153,SAFE
New_W188_0172,SAFE
34948,SAFE
36684,SAFE
37309,SAFE
41125,SAFE
38892,SAFE
199_New_9,SAFE
49638,SAFE
49639,SAFE
37036,SAFE
39480,SAFE
New_W186_012,SAFE
25030,SAFE
27751,SAFE
146RD016,SAFE
31636,SAFE
146RD023,SAFE
41150,SAFE
34118,SAFE
42049,SAFE
22_New_2,SAFE
53795,SAFE
5944,SAFE
3824,SAFE
27359,SAFE
90_New57,SAFE
16053,SAFE
16052,SAFE
18088,SAFE
129_NEW-4,SAFE
17704,SAFE
129_NEW205,SAFE
170_NEW3,SAFE
5988,SAFE
5987,SAFE
10109,SAFE
026_New_15_D,SAFE
026_New_11_D,SAFE
25444,SAFE
153rd071,SAFE
25802,SAFE
3_New39,SAFE
3_New18,SAFE
3_New10,SAFE
37473,SAFE
50502,SAFE
23093,SAFE
27412,SAFE
26_New_34,SAFE
8578,SAFE
36W_New_2,SAFE
32430,SAFE
157_New_7,SAFE
36041,SAFE
50990,SAFE
50933,SAFE
28549,SAFE
27941,SAFE
3006,SAFE
7336,SAFE
9417,SAFE
9546,SAFE
15423,SAFE
3090,SAFE
3805,SAFE
7228,SAFE
10803,SAFE
15943,SAFE
82_NEW_63,SAFE
4944,SAFE
17169,SAFE
17205,SAFE
9092,SAFE
2901,SAFE
11157,SAFE
17206,SAFE
4945,SAFE
6867,SAFE
2697,SAFE
13011,SAFE
9812,SAFE
10098,SAFE
5978,SAFE
3902,SAFE
8498,SAFE
12726,SAFE
82_NEW_31,SAFE
24591,SAFE
22907,SAFE
9612,SAFE
36637,SAFE
35245,SAFE
W143rd070,SAFE
30362,SAFE
39054,SAFE
53925,SAFE
50981,SAFE
55087,SAFE
53922,SAFE
53921,SAFE
6304,SAFE
14460,SAFE
13338,SAFE
17330,SAFE
5075,SAFE
93_New126,SAFE
27818,SAFE
8182,SAFE
16368,SAFE
10242,SAFE
8166,SAFE
11696,SAFE
5524,SAFE
17745,SAFE
34532,SAFE
28764,SAFE
50582,SAFE
50580,SAFE
27008,SAFE
22916,SAFE
50623,SAFE
11020,SAFE
15117,SAFE
11019,SAFE
27435,SAFE
38643,SAFE
NEW1690100,SAFE
NEW1690107,SAFE
9293,SAFE
7206,SAFE
3113,SAFE
16340,SAFE
9235,SAFE
33017,SAFE
17957,SAFE
13020,SAFE
31154,SAFE
30745,SAFE
7826,SAFE
8596,SAFE
4456,SAFE
8035,SAFE
32025,SAFE
34542,SAFE
35449,SAFE
26325,SAFE
5349,SAFE
3250,SAFE
7368,SAFE
3246,SAFE
14328,SAFE
6169,SAFE
9450,SAFE
39533,SAFE
NEW1690083,SAFE
59746,SAFE
59748,SAFE
60442,SAFE
56328,SAFE
55720,SAFE
28242,SAFE
68277,SAFE
23558,SAFE
25668,SAFE
25677,SAFE
27626,SAFE
15714,SAFE
14190,SAFE
10125,SAFE
25930,SAFE
86_New133,SAFE
27731,SAFE
86_New125,SAFE
25952,SAFE
86_New122,SAFE
28720,SAFE
50516,SAFE
50518,SAFE
26964,SAFE
50519,SAFE
37283,SAFE
4872,SAFE
12180,SAFE
12183,SAFE
17706,SAFE
18492,SAFE
53503,SAFE
53505,SAFE
55020,SAFE
55022,SAFE
55019,SAFE
49691,SAFE
48624,SAFE
48618,SAFE
48644,SAFE
48619,SAFE
24761,SAFE
82_NEW_57,SAFE
14913,SAFE
27639,SAFE
25826,SAFE
37539,SAFE
36261,SAFE
42003,SAFE
31705,SAFE
33477,SAFE
41833,SAFE
34994,SAFE
41940,SAFE
41173,SAFE
42017,SAFE
48783,SAFE
48793,SAFE
22957,SAFE
54284,SAFE
2530,SAFE
10415,SAFE
4204,SAFE
14512,SAFE
14516,SAFE
14513,SAFE
4200,SAFE
W196N110,SAFE
W196N111,SAFE
49690,SAFE
W196N020,SAFE
42306,SAFE
35704,SAFE
38625,SAFE
NEW_183_24,SAFE
183_New_70,SAFE
NEW_183_25,SAFE
29338,SAFE
28239,SAFE
26501,SAFE
31884,SAFE
12149,SAFE
12018,SAFE
7463,SAFE
17655,SAFE
18226,SAFE
3886,SAFE
29193,SAFE
3621,SAFE
14465,SAFE
4234,SAFE
28_New_50,SAFE
28814,SAFE
50728,SAFE
26440,SAFE
25862,SAFE
27920,SAFE
29556,SAFE
50912,SAFE
50870,SAFE
16859,SAFE
10779,SAFE
170_NEW8,SAFE
30520,SAFE
9181,SAFE
2979,SAFE
2980,SAFE
9182,SAFE
11259,SAFE
13311,SAFE
13309,SAFE
13310,SAFE
17299,SAFE
87_NEW27,SAFE
29370,SAFE
87_NEW28,SAFE
24914,SAFE
14581,SAFE
14428,SAFE
8083,SAFE
180_New_11,SAFE
7713,SAFE
180_NEW10,SAFE
25654,SAFE
17303,SAFE
5055,SAFE
26662,SAFE
24189,SAFE
10702,SAFE
6290,SAFE
8377,SAFE
8378,SAFE
16562,SAFE
7298,SAFE
9309,SAFE
7297,SAFE
16553,SAFE
14544,SAFE
10433,SAFE
New_W186_043,SAFE
42268,SAFE
New_W186_042,SAFE
29926,SAFE
36505,SAFE
34466,SAFE
32129,SAFE
31852,SAFE
15933,SAFE
180_NEW7,SAFE
2656,SAFE
6817,SAFE
15002,SAFE
46430,SAFE
39615,SAFE
31886,SAFE
16288,SAFE
14263,SAFE
16289,SAFE
28088,SAFE
22873,SAFE
28726,SAFE
25728,SAFE
28087,SAFE
32984,SAFE
38887,SAFE
4430,SAFE
12605,SAFE
6432,SAFE
8469,SAFE
16645,SAFE
"49295
",SAFE
40717,SAFE
30642,SAFE
32070,SAFE
31266,SAFE
13653,SAFE
7744,SAFE
5717,SAFE
5721,SAFE
17976,SAFE
11926,SAFE
15965,SAFE
6552,SAFE
6477,SAFE
4452,SAFE
14795,SAFE
28840,SAFE
28842,SAFE
4964,SAFE
50121,SAFE
27295,SAFE
13385,SAFE
DN184STR027,SAFE
32323,SAFE
46004,SAFE
W190ST093,SAFE
W190ST079,SAFE
W190ST092,SAFE
"35136
",SAFE
30617,SAFE
14831,SAFE
32489,SAFE
42177,SAFE
42110,SAFE
18_NEW8,SAFE
41214,SAFE
32517,SAFE
6279,SAFE
4082,SAFE
16467,SAFE
46130,SAFE
33704,SAFE
31085,SAFE
31726,SAFE
W196N069,SAFE
51613,SAFE
195_New_25,SAFE
39995,SAFE
31685,SAFE
40201,SAFE
35380,SAFE
31153,SAFE
40176,SAFE
33119,SAFE
1910001,SAFE
1910002,SAFE
197_New_59,SAFE
26807,SAFE
1997,SAFE
1988,SAFE
1996,SAFE
12336,SAFE
11346,SAFE
9285,SAFE
2268,SAFE
10007,SAFE
24737,SAFE
22693,SAFE
25328,SAFE
37325,SAFE
37172,SAFE
36558,SAFE
3485,SAFE
17807,SAFE
10160,SAFE
6051,SAFE
3966,SAFE
6050,SAFE
3965,SAFE
24879,SAFE
28909,SAFE
23197,SAFE
28042,SAFE
27979,SAFE
10792,SAFE
16389,SAFE
10285,SAFE
8204,SAFE
14365,SAFE
8203,SAFE
14367,SAFE
28465,SAFE
10915,SAFE
12976,SAFE
2662,SAFE
10916,SAFE
50629,SAFE
50540,SAFE
50606,SAFE
9192,SAFE
2987,SAFE
11270,SAFE
43118,SAFE
10607,SAFE
16700,SAFE
9348,SAFE
7263,SAFE
15433,SAFE
7329,SAFE
13469,SAFE
W149RD26,SAFE
41581,SAFE
31930,SAFE
7299,SAFE
DN184STR014,SAFE
7607,SAFE
41685,SAFE
W193N050,SAFE
W193N052,SAFE
W193N054,SAFE
W193N055,SAFE
W193N063,SAFE
45079,SAFE
12492,SAFE
2185,SAFE
3005,SAFE
17332,SAFE
13637,SAFE
3342,SAFE
"39147
",SAFE
"30750
",SAFE
"38164
",SAFE
172_NEW1,SAFE
15782,SAFE
New_W188_0231,SAFE
32971,SAFE
40316,SAFE
38031,SAFE
58320,SAFE
13655,SAFE
11584,SAFE
18062,SAFE
34774,SAFE
26752,SAFE
24578,SAFE
13313,SAFE
17929,SAFE
172_NEW12,SAFE
7872,SAFE
15962,SAFE
9821,SAFE
13831,SAFE
17861,SAFE
5431,SAFE
5598,SAFE
3012,SAFE
40223,SAFE
45339,SAFE
46055,SAFE
3595,SAFE
40198,SAFE
064_NEW31,SAFE
12972,SAFE
64593,SAFE
8965,SAFE
11015,SAFE
15113,SAFE
2747,SAFE
44633,SAFE
6375,SAFE
16560,SAFE
180_NEW3,SAFE
10811,SAFE
10035,SAFE
3838,SAFE
48749,SAFE
12835,SAFE
14869,SAFE
7082,SAFE
5102,SAFE
9234,SAFE
5005,SAFE
5101,SAFE
49714,SAFE
49557,SAFE
39002,SAFE
50123,SAFE
39684,SAFE
23107,SAFE
24240,SAFE
86_New190,SAFE
22802,SAFE
10181,SAFE
11806,SAFE
9715,SAFE
13814,SAFE
11805,SAFE
55017,SAFE
4943,SAFE
13217,SAFE
13212,SAFE
38568,SAFE
15062,SAFE
8898,SAFE
30356,SAFE
8577,SAFE
10739,SAFE
27391,SAFE
26982,SAFE
23349,SAFE
27848,SAFE
26206,SAFE
8444,SAFE
6436,SAFE
14638,SAFE
12530,SAFE
2219,SAFE
2294,SAFE
198_New_115,SAFE
198_New_113,SAFE
7137,SAFE
40395,SAFE
40315,SAFE
43390,SAFE
17787,SAFE
5593,SAFE
7575,SAFE
11737,SAFE
68532,SAFE
25631,SAFE
5368,SAFE
5367,SAFE
3258,SAFE
9475,SAFE
5358,SAFE
3261,SAFE
17278,SAFE
50852,SAFE
59668,SAFE
11793,SAFE
9674,SAFE
NEW1690116,SAFE
36491,SAFE
NEW1690098,SAFE
NEW1690084,SAFE
44W_New_1,SAFE
7360,SAFE
48451,SAFE
45742,SAFE
39744,SAFE
17663,SAFE
11637,SAFE
17662,SAFE
5452,SAFE
7475,SAFE
35630,SAFE
146RD003,SAFE
37042,SAFE
16344,SAFE
12329,SAFE
6741,SAFE
10847,SAFE
10892,SAFE
11267,SAFE
17301,SAFE
2981,SAFE
11268,SAFE
16658,SAFE
14825,SAFE
2486,SAFE
4497,SAFE
4498,SAFE
14127,SAFE
15592,SAFE
7952,SAFE
18186,SAFE
18185,SAFE
10055,SAFE
2158,SAFE
40905,SAFE
32140,SAFE
10888,SAFE
14066,SAFE
32408,SAFE
35730,SAFE
4099,SAFE
8209,SAFE
8210,SAFE
16842,SAFE
12824,SAFE
93_New63,SAFE
93_New59,SAFE
45146,SAFE
NEW1690037,SAFE
49111,SAFE
44317,SAFE
23409,SAFE
16_NEW6,SAFE
26253,SAFE
48821,SAFE
16_NEW23,SAFE
16_NEW24,SAFE
14170,SAFE
16191,SAFE
3893,SAFE
2884,SAFE
2883,SAFE
17171,SAFE
197_New_38,SAFE
36919,SAFE
3211,SAFE
2933,SAFE
37513,SAFE
10462,SAFE
13409,SAFE
200_New_51,SAFE
17731,SAFE
14270,SAFE
34W_New_2,SAFE
4022,SAFE
14344,SAFE
14345,SAFE
27625,SAFE
28729,SAFE
17503,SAFE
W185ST019,SAFE
37562,SAFE
45564,SAFE
7984,SAFE
7497,SAFE
40791,SAFE
39171,SAFE
10269,SAFE
8190,SAFE
10268,SAFE
8191,SAFE
4076,SAFE
10312,SAFE
14039,SAFE
11888,SAFE
16058,SAFE
9199,SAFE
19_NEW11,SAFE
New_W188_0295,SAFE
New_W188_0017,SAFE
14335,SAFE
16411,SAFE
12414,SAFE
2096,SAFE
4483,SAFE
6489,SAFE
42871,SAFE
7122,SAFE
7110,SAFE
11240,SAFE
46435,SAFE
36954,SAFE
26859,SAFE
33241,SAFE
"36910
",SAFE
"34039
",SAFE
14338,SAFE
152RD027,SAFE
152RD025,SAFE
14879,SAFE
10771,SAFE
10770,SAFE
86_New115,SAFE
14084,SAFE
9998,SAFE
134_NEW245,SAFE
10039,SAFE
176_NEW,SAFE
92_New134,SAFE
31586,SAFE
85_NEW27,SAFE
85_NEW13,SAFE
2734,SAFE
4791,SAFE
8921,SAFE
17925,SAFE
15910,SAFE
11874,SAFE
36835,SAFE
34169,SAFE
081_New_04_D,SAFE
24754,SAFE
29108,SAFE
49973,SAFE
68229,SAFE
66536,SAFE
2378,SAFE
8570,SAFE
8295,SAFE
17389,SAFE
17482,SAFE
11448,SAFE
13503,SAFE
165_New_07,SAFE
44602,SAFE
27991,SAFE
22805,SAFE
4585,SAFE
4584,SAFE
32831,SAFE
36028,SAFE
9922,SAFE
5827,SAFE
10623,SAFE
W167N042,SAFE
92_New118,SAFE
8752,SAFE
10992,SAFE
8928,SAFE
2821,SAFE
4794,SAFE
10991,SAFE
2279,SAFE
4302,SAFE
14645,SAFE
12597,SAFE
14113,SAFE
17958,SAFE
5702,SAFE
30679,SAFE
11647,SAFE
29544,SAFE
30_NEW55,SAFE
27910,SAFE
W185ST002,SAFE
31374,SAFE
37222,SAFE
46564,SAFE
32204,SAFE
46537,SAFE
46382,SAFE
22737,SAFE
4_NA,SAFE
5032,SAFE
9152,SAFE
9735,SAFE
36407,SAFE
39644,SAFE
064_NEW32,SAFE
10911,SAFE
28762,SAFE
11860,SAFE
10518,SAFE
55714,SAFE
23135,SAFE
5086,SAFE
10170,SAFE
68519,SAFE
22961,SAFE
39507,SAFE
45342,SAFE
31548,SAFE
49986,SAFE
92_New36,SAFE
26066,SAFE
8245,SAFE
45841,SAFE
28602,SAFE
25899,SAFE
24289,SAFE
92_New123,SAFE
48514,SAFE
32617,SAFE
33611,SAFE
8032,SAFE
14223,SAFE
18285,SAFE
12201,SAFE
6016,SAFE
4166,SAFE
15523,SAFE
5297,SAFE
9403,SAFE
3192,SAFE
9995,SAFE
3011,SAFE
4588,SAFE
37449,SAFE
26750,SAFE
40848,SAFE
41338,SAFE
147_NEW1,SAFE
33732,SAFE
45313,SAFE
31830,SAFE
38598,SAFE
195_New_30,SAFE
16421,SAFE
50437,SAFE
25882,SAFE
79_NEw_16,SAFE
40753,SAFE
172_NEW14,SAFE
24939,SAFE
26305,SAFE
29066,SAFE
11559,SAFE
5370,SAFE
1956,SAFE
"49401
",SAFE
13421,SAFE
7217,SAFE
7215,SAFE
15263,SAFE
"34083
",SAFE
36429,SAFE
40947,SAFE
30585,SAFE
40984,SAFE
30859,SAFE
39776,SAFE
27321,SAFE
25223,SAFE
27538,SAFE
27328,SAFE
25046,SAFE
23874,SAFE
9509,SAFE
4123,SAFE
5388,SAFE
4335,SAFE
4334,SAFE
12636,SAFE
14683,SAFE
45112,SAFE
3878,SAFE
11623,SAFE
48176,SAFE
85_NEW18,SAFE
29412,SAFE
6049,SAFE
13538,SAFE
55858,SAFE
23897,SAFE
11134,SAFE
17170,SAFE
38320,SAFE
5483,SAFE
9595,SAFE
15708,SAFE
13685,SAFE
13686,SAFE
10233,SAFE
10232,SAFE
34213,SAFE
14059,SAFE
35975,SAFE
12840,SAFE
14872,SAFE
41999,SAFE
38661,SAFE
17869,SAFE
17871,SAFE
9729,SAFE
17870,SAFE
36215,SAFE
40802,SAFE
165_New_26,SAFE
27891,SAFE
22733,SAFE
17783,SAFE
13730,SAFE
DN080STR042,SAFE
46256,SAFE
45087,SAFE
3169,SAFE
15224,SAFE
4947,SAFE
13203,SAFE
17178,SAFE
4949,SAFE
9115,SAFE
29331,SAFE
28234,SAFE
23644,SAFE
6855,SAFE
28918,SAFE
13300,SAFE
9917,SAFE
171_NEW5,SAFE
59643,SAFE
60153,SAFE
59644,SAFE
59693,SAFE
24479,SAFE
27798,SAFE
17458,SAFE
5238,SAFE
12084,SAFE
17566,SAFE
3255,SAFE
7374,SAFE
3254,SAFE
18006,SAFE
9816,SAFE
86_New187,SAFE
86_New160,SAFE
86_New182,SAFE
4457,SAFE
24069,SAFE
89_New21,SAFE
New_40_150,SAFE
New_39_150,SAFE
8942,SAFE
8941,SAFE
11748,SAFE
36280,SAFE
30352,SAFE
32318,SAFE
38889,SAFE
3759,SAFE
6906,SAFE
31434,SAFE
33940,SAFE
29978,SAFE
NEW_183_57,SAFE
18718,SAFE
29536,SAFE
23394,SAFE
11918,SAFE
11995,SAFE
13925,SAFE
16151,SAFE
7328,SAFE
25_NEW48,SAFE
25_NEW47,SAFE
12431,SAFE
6377,SAFE
13775,SAFE
14029,SAFE
38822,SAFE
24337,SAFE
48371,SAFE
30312,SAFE
38315,SAFE
56231,SAFE
17036,SAFE
17130,SAFE
17065,SAFE
9057,SAFE
8320,SAFE
40W_New_10,SAFE
4646,SAFE
25256,SAFE
79_New_50,SAFE
9356,SAFE
6076,SAFE
7776,SAFE
16270,SAFE
27_New_35,SAFE
11034,SAFE
15131,SAFE
11770,SAFE
2027,SAFE
27783,SAFE
46677,SAFE
25253,SAFE
29447,SAFE
8767,SAFE
8769,SAFE
14936,SAFE
83_New_43,SAFE
10857,SAFE
14963,SAFE
66529,SAFE
34917,SAFE
41168,SAFE
37014,SAFE
101_NA_1,SAFE
23168,SAFE
25971,SAFE
88_NEW270,SAFE
25921,SAFE
2075,SAFE
17030,SAFE
10564,SAFE
6006,SAFE
161_NEW100,SAFE
162_New_05,SAFE
30099,SAFE
6537,SAFE
13003,SAFE
17076,SAFE
26419,SAFE
27929,SAFE
7809,SAFE
2506,SAFE
8674,SAFE
W193N096,SAFE
45515,SAFE
W193N015,SAFE
84_NEW15,SAFE
23029,SAFE
14644,SAFE
55642,SAFE
24943,SAFE
35748,SAFE
34095,SAFE
"41358
",SAFE
"43687
",SAFE
42080,SAFE
3264,SAFE
10498,SAFE
16608,SAFE
16613,SAFE
14621,SAFE
4271,SAFE
165_New_20,SAFE
165_New_21,SAFE
166_NEW10,SAFE
27_New_66,SAFE
27_New_59,SAFE
83_New_125,SAFE
55719,SAFE
15916,SAFE
073_NEW1,SAFE
4269,SAFE
8424,SAFE
42945,SAFE
11452,SAFE
17408,SAFE
15505,SAFE
7002,SAFE
15742,SAFE
12701,SAFE
4411,SAFE
9233,SAFE
10218,SAFE
81_NEW28,SAFE
23308,SAFE
81_NEW29,SAFE
93_New133,SAFE
11930,SAFE
"DN185STR004
",SAFE
49918,SAFE
34789,SAFE
36797,SAFE
30947,SAFE
50734,SAFE
24858,SAFE
26093,SAFE
28916,SAFE
93_New122,SAFE
28055,SAFE
36228,SAFE
18454,SAFE
17944,SAFE
14129,SAFE
200_New_35,SAFE
13476,SAFE
17459,SAFE
65846,SAFE
28199,SAFE
33237,SAFE
44688,SAFE
49850,SAFE
46523,SAFE
44338,SAFE
W192N046,SAFE
37771,SAFE
12445,SAFE
45213,SAFE
New_W188_0034,SAFE
New_W188_0035,SAFE
60264,SAFE
24476,SAFE
23183,SAFE
44541,SAFE
183_New_10,SAFE
24915,SAFE
29054,SAFE
7994,SAFE
12158,SAFE
2299,SAFE
11459,SAFE
42105,SAFE
41979,SAFE
36545,SAFE
40909,SAFE
35776,SAFE
31233,SAFE
41703,SAFE
16714,SAFE
2370,SAFE
10822,SAFE
12619,SAFE
10954,SAFE
11386,SAFE
11385,SAFE
42943,SAFE
NEW ROAD 7,SAFE
7417,SAFE
13038,SAFE
14946,SAFE
8784,SAFE
10874,SAFE
12926,SAFE
2744,SAFE
5754,SAFE
16732,SAFE
2354,SAFE
37464,SAFE
33862,SAFE
31193,SAFE
33935,SAFE
37110,SAFE
29982,SAFE
16_NEW21,SAFE
11820,SAFE
25_NEW3,SAFE
4772,SAFE
8778,SAFE
8938,SAFE
25966,SAFE
26049,SAFE
26885,SAFE
8125,SAFE
10225,SAFE
6124,SAFE
6154,SAFE
15620,SAFE
46450,SAFE
59673,SAFE
60244,SAFE
39540,SAFE
48588,SAFE
48513,SAFE
67604,SAFE
67640,SAFE
16933,SAFE
6754,SAFE
48437,SAFE
48273,SAFE
37114,SAFE
30414,SAFE
43565,SAFE
43566,SAFE
10994,SAFE
43430,SAFE
90_New18,SAFE
90_New19,SAFE
90_New17,SAFE
37541,SAFE
35311,SAFE
13567,SAFE
4739,SAFE
39353,SAFE
17002,SAFE
2666,SAFE
15012,SAFE
14026,SAFE
6102,SAFE
17333,SAFE
26_New_23,SAFE
15911,SAFE
11877,SAFE
5332,SAFE
15560,SAFE
4136,SAFE
4144,SAFE
4929,SAFE
39228,SAFE
30276,SAFE
29910,SAFE
15712,SAFE
3397,SAFE
10401,SAFE
11690,SAFE
60147,SAFE
60221,SAFE
60240,SAFE
60465,SAFE
4018,SAFE
8219,SAFE
11366,SAFE
15416,SAFE
7221,SAFE
14178,SAFE
42576,SAFE
51029,SAFE
58W_NA_7,SAFE
35309,SAFE
26468,SAFE
91_NEW116,SAFE
15725,SAFE
17715,SAFE
3369,SAFE
15724,SAFE
5501,SAFE
13695,SAFE
18279,SAFE
8053,SAFE
18278,SAFE
12216,SAFE
28855,SAFE
27091,SAFE
26_New_50,SAFE
31991,SAFE
195_New_9,SAFE
33387,SAFE
38010,SAFE
35419,SAFE
17653,SAFE
50704,SAFE
50699,SAFE
11515,SAFE
11522,SAFE
5804,SAFE
11811,SAFE
54778,SAFE
3200,SAFE
13519,SAFE
29693,SAFE
28165,SAFE
"DN189STR014
",SAFE
"36065
",SAFE
156_NEW159,SAFE
16027,SAFE
16026,SAFE
15140,SAFE
"DN189STR064
",SAFE
"DN189STR063
",SAFE
DN189STR064,SAFE
030_New_07_D,SAFE
2413,SAFE
2810,SAFE
128_NA_4,SAFE
128_NA_5,SAFE
8987,SAFE
15142,SAFE
17109,SAFE
6969,SAFE
4802,SAFE
23785,SAFE
3373,SAFE
11643,SAFE
43816,SAFE
53416,SAFE
26483,SAFE
53809,SAFE
53588,SAFE
28946,SAFE
53828,SAFE
53496,SAFE
7919,SAFE
16111,SAFE
5901,SAFE
5902,SAFE
50080,SAFE
43287,SAFE
6448,SAFE
2283,SAFE
4_New6,SAFE
25252,SAFE
6832,SAFE
6833,SAFE
34766,SAFE
31438,SAFE
164_New_1,SAFE
W189ST022,SAFE
W189ST027,SAFE
64776,SAFE
14339,SAFE
16372,SAFE
55829,SAFE
55193,SAFE
15073,SAFE
127_NEW11,SAFE
127_NEW6,SAFE
28203,SAFE
26108,SAFE
34109,SAFE
39589,SAFE
"40584
",SAFE
New_W188_0109,SAFE
New_W188_0107,SAFE
32096,SAFE
30577,SAFE
32167,SAFE
28006,SAFE
7396,SAFE
7304,SAFE
38755,SAFE
36325,SAFE
35991,SAFE
34908,SAFE
3037,SAFE
15879,SAFE
5787,SAFE
5786,SAFE
18043,SAFE
24183,SAFE
W167N044,SAFE
33497,SAFE
60431,SAFE
59733,SAFE
14241,SAFE
13889,SAFE
15934,SAFE
7599,SAFE
9690,SAFE
W194N007,SAFE
15749,SAFE
16438,SAFE
7052,SAFE
13224,SAFE
7053,SAFE
9707,SAFE
3511,SAFE
3512,SAFE
19_NEW6,SAFE
99_99999_4,SAFE
99_99999_2,SAFE
New_W188_0059,SAFE
13127,SAFE
13126,SAFE
4062,SAFE
35W_New_6,SAFE
35W_New_5,SAFE
93_New135,SAFE
24291,SAFE
38980,SAFE
33375,SAFE
41084,SAFE
32339,SAFE
37139,SAFE
30631,SAFE
9012,SAFE
4362,SAFE
29451,SAFE
23663,SAFE
26512,SAFE
W189ST006,SAFE
"33698
",SAFE
53334,SAFE
53831,SAFE
25825,SAFE
40672,SAFE
36871,SAFE
48562,SAFE
26490,SAFE
24706,SAFE
10846,SAFE
6788,SAFE
10893,SAFE
13084,SAFE
17079,SAFE
6933,SAFE
DN080STR009,SAFE
41254,SAFE
33688,SAFE
51490,SAFE
16930,SAFE
10858,SAFE
50000,SAFE
50003,SAFE
50281,SAFE
50001,SAFE
22_NEW_18,SAFE
88_New23,SAFE
14538,SAFE
8364,SAFE
16551,SAFE
12504,SAFE
16550,SAFE
36119,SAFE
34072,SAFE
29886,SAFE
156_NEW96,SAFE
156_NEW113,SAFE
40475,SAFE
31211,SAFE
W149RD20,SAFE
30998,SAFE
37750,SAFE
34805,SAFE
34540,SAFE
W167N003,SAFE
183_New_14,SAFE
14993,SAFE
16962,SAFE
14980,SAFE
170_NEW17,SAFE
48026,SAFE
67601,SAFE
19_NEW35,SAFE
48438,SAFE
12451,SAFE
6301,SAFE
43579,SAFE
17528,SAFE
13521,SAFE
11488,SAFE
39194,SAFE
32888,SAFE
New_W188_0277,SAFE
7694,SAFE
27432,SAFE
2454,SAFE
4487,SAFE
4485,SAFE
6585,SAFE
12770,SAFE
23747,SAFE
NEW_183_30,SAFE
7196,SAFE
14433,SAFE
7009,SAFE
8854,SAFE
New_W188_0154,SAFE
25702,SAFE
23591,SAFE
7609,SAFE
W194N026,SAFE
8187,SAFE
10265,SAFE
2556,SAFE
8725,SAFE
8882,SAFE
7584,SAFE
7568,SAFE
7585,SAFE
13996,SAFE
6699,SAFE
16885,SAFE
82_NEW_234,SAFE
82_NEW_1,SAFE
82_NEW_2,SAFE
30465,SAFE
39687,SAFE
12491,SAFE
34563,SAFE
16780,SAFE
53689,SAFE
53714,SAFE
26_NEW_121,SAFE
18142,SAFE
16115,SAFE
6576,SAFE
2438,SAFE
10751,SAFE
34698,SAFE
88_New39,SAFE
25928,SAFE
55097,SAFE
55098,SAFE
59192,SAFE
8099,SAFE
65035,SAFE
13393,SAFE
3056,SAFE
33167,SAFE
91_NEW91,SAFE
91_NEW90,SAFE
91_NEW130,SAFE
7561,SAFE
5536,SAFE
15767,SAFE
17762,SAFE
33070,SAFE
10989,SAFE
14680,SAFE
18399,SAFE
8046,SAFE
4474,SAFE
6573,SAFE
2435,SAFE
10697,SAFE
2436,SAFE
10698,SAFE
13716,SAFE
5315,SAFE
5834,SAFE
48019,SAFE
4379,SAFE
2351,SAFE
16706,SAFE
2350,SAFE
10593,SAFE
12681,SAFE
36572,SAFE
7083,SAFE
51849,SAFE
50610,SAFE
18689,SAFE
4748,SAFE
25435,SAFE
24423,SAFE
16157,SAFE
14133,SAFE
10053,SAFE
10002,SAFE
3897,SAFE
12155,SAFE
7998,SAFE
7999,SAFE
12159,SAFE
14135,SAFE
10057,SAFE
16196,SAFE
5973,SAFE
18231,SAFE
16197,SAFE
12152,SAFE
7996,SAFE
3898,SAFE
15688,SAFE
7496,SAFE
11649,SAFE
11675,SAFE
15726,SAFE
17716,SAFE
5503,SAFE
9584,SAFE
36866,SAFE
40060,SAFE
35222,SAFE
38092,SAFE
33567,SAFE
4367,SAFE
7742,SAFE
5655,SAFE
9825,SAFE
5719,SAFE
28860,SAFE
25442,SAFE
82_NEW_194,SAFE
82_NEW_72,SAFE
11917,SAFE
3628,SAFE
9773,SAFE
16114,SAFE
40923,SAFE
44621,SAFE
9172,SAFE
12055,SAFE
16469,SAFE
3540,SAFE
41115,SAFE
35822,SAFE
8049,SAFE
12214,SAFE
14167,SAFE
12089,SAFE
10012,SAFE
42443,SAFE
30237,SAFE
32327,SAFE
W194N053,SAFE
W194N051,SAFE
39568,SAFE
41675,SAFE
25772,SAFE
158_New_03,SAFE
38417,SAFE
23413,SAFE
23647,SAFE
25251,SAFE
29629,SAFE
17939,SAFE
9065,SAFE
13198,SAFE
11129,SAFE
23938,SAFE
W194N016,SAFE
45997,SAFE
8460,SAFE
12599,SAFE
8461,SAFE
11682,SAFE
57642,SAFE
60463,SAFE
16357,SAFE
3702,SAFE
7807,SAFE
42846,SAFE
88_New18,SAFE
31530,SAFE
New_W186_020,SAFE
35866,SAFE
45858,SAFE
45274,SAFE
29557,SAFE
17559,SAFE
18191,SAFE
16156,SAFE
16159,SAFE
135_New_1,SAFE
42867,SAFE
14899,SAFE
5873,SAFE
25431,SAFE
81_NEW20,SAFE
81_NEW22,SAFE
81_NEW21,SAFE
29112,SAFE
2626,SAFE
49509,SAFE
68216,SAFE
49507,SAFE
14912,SAFE
2569,SAFE
4612,SAFE
16893,SAFE
4607,SAFE
42304,SAFE
68589,SAFE
12862,SAFE
10793,SAFE
15721,SAFE
13692,SAFE
2857,SAFE
13174,SAFE
9042,SAFE
83_New_54,SAFE
83_New_55,SAFE
8746,SAFE
9910,SAFE
12727,SAFE
15651,SAFE
53521,SAFE
53663,SAFE
31809,SAFE
40602,SAFE
30796,SAFE
40332,SAFE
35764,SAFE
30578,SAFE
39541,SAFE
14247,SAFE
9669,SAFE
14086,SAFE
18183,SAFE
13355,SAFE
3016,SAFE
23512,SAFE
3846,SAFE
14124,SAFE
12506,SAFE
12906,SAFE
4746,SAFE
14934,SAFE
30238,SAFE
18210,SAFE
8636,SAFE
10327,SAFE
11701,SAFE
17805,SAFE
"DN189STR081
",SAFE
1910026,SAFE
W196N085,SAFE
49579,SAFE
50054,SAFE
6543,SAFE
14785,SAFE
14564,SAFE
153rd040,SAFE
NEW ROAD 20,SAFE
37563,SAFE
32643,SAFE
W1680010,SAFE
8246,SAFE
7874,SAFE
3750,SAFE
16062,SAFE
12029,SAFE
17616,SAFE
5850,SAFE
18104,SAFE
6398,SAFE
3_New15,SAFE
3_New40,SAFE
3_New14,SAFE
3_New42,SAFE
53800,SAFE
53827,SAFE
53806,SAFE
18782,SAFE
15885,SAFE
3569,SAFE
9757,SAFE
11847,SAFE
7672,SAFE
11846,SAFE
5661,SAFE
15886,SAFE
7758,SAFE
24130,SAFE
2396,SAFE
16755,SAFE
29183,SAFE
29475,SAFE
37094,SAFE
33132,SAFE
16969,SAFE
14972,SAFE
6869,SAFE
6859,SAFE
10958,SAFE
12060,SAFE
14929,SAFE
3913,SAFE
5991,SAFE
3275,SAFE
11555,SAFE
3276,SAFE
5369,SAFE
9487,SAFE
9486,SAFE
15597,SAFE
3933,SAFE
3932,SAFE
9187,SAFE
17307,SAFE
5057,SAFE
13321,SAFE
27197,SAFE
46594,SAFE
190_New_22_D,SAFE
190_New_29_D,SAFE
"36873
",SAFE
"35622
",SAFE
53924,SAFE
33112,SAFE
22804,SAFE
28513,SAFE
86_New99,SAFE
10945,SAFE
83_New_22,SAFE
29022,SAFE
5544,SAFE
3478,SAFE
2326,SAFE
68278,SAFE
25515,SAFE
6_New2,SAFE
9391,SAFE
29253,SAFE
28622,SAFE
57790,SAFE
26860,SAFE
60528,SAFE
48374,SAFE
3080,SAFE
15414,SAFE
3084,SAFE
11367,SAFE
16998,SAFE
6820,SAFE
4710,SAFE
26188,SAFE
29201,SAFE
29187,SAFE
22694,SAFE
23344,SAFE
24418,SAFE
2898,SAFE
30_NEW52,SAFE
30949,SAFE
156_NEW119,SAFE
31390,SAFE
53850,SAFE
53885,SAFE
50941,SAFE
28_NA,SAFE
7534,SAFE
127_NEW2,SAFE
15730,SAFE
127_NEW1,SAFE
4799,SAFE
7582,SAFE
4800,SAFE
27138,SAFE
36248,SAFE
39929,SAFE
48996,SAFE
17753,SAFE
8954,SAFE
13081,SAFE
36622,SAFE
36867,SAFE
52010,SAFE
33746,SAFE
6974,SAFE
11473,SAFE
5296,SAFE
15526,SAFE
15525,SAFE
12938,SAFE
2653,SAFE
6873,SAFE
9960,SAFE
14047,SAFE
9919,SAFE
53870,SAFE
53856,SAFE
15474,SAFE
7278,SAFE
49719,SAFE
W196N108,SAFE
10341,SAFE
50282,SAFE
59449,SAFE
59630,SAFE
13998,SAFE
064_NEW23,SAFE
11984,SAFE
49847,SAFE
W192N043,SAFE
49844,SAFE
4055,SAFE
9532,SAFE
11603,SAFE
12317,SAFE
4029,SAFE
29225,SAFE
27716,SAFE
33692,SAFE
17868,SAFE
5476,SAFE
11651,SAFE
37289,SAFE
W194N020,SAFE
4597,SAFE
6773,SAFE
156_NEW94,SAFE
4860,SAFE
6951,SAFE
4859,SAFE
22800,SAFE
106_New_2,SAFE
11233,SAFE
9146,SAFE
23_New_1,SAFE
23374,SAFE
68511,SAFE
68516,SAFE
12286,SAFE
10204,SAFE
16297,SAFE
17718,SAFE
15727,SAFE
41825,SAFE
40915,SAFE
42354,SAFE
30091,SAFE
49531,SAFE
48276,SAFE
10107,SAFE
12166,SAFE
53454,SAFE
11401,SAFE
15455,SAFE
17438,SAFE
9436,SAFE
44648,SAFE
"DN189STR058
",SAFE
49327,SAFE
51833,SAFE
50565,SAFE
28117,SAFE
8237,SAFE
5951,SAFE
5867,SAFE
12037,SAFE
26019,SAFE
27992,SAFE
24245,SAFE
25003,SAFE
33_NEW5,SAFE
38008,SAFE
36445,SAFE
W193N141,SAFE
24919,SAFE
23252,SAFE
7018,SAFE
26448,SAFE
39559,SAFE
32223,SAFE
27271,SAFE
42493,SAFE
48171,SAFE
15702,SAFE
8087,SAFE
8088,SAFE
24432,SAFE
15634,SAFE
15633,SAFE
"49256
",SAFE
42044,SAFE
7870,SAFE
11923,SAFE
13938,SAFE
55390,SAFE
48807,SAFE
16_NEW45,SAFE
16_NEW30,SAFE
8615,SAFE
10684,SAFE
7656,SAFE
24510,SAFE
4753,SAFE
8875,SAFE
38312,SAFE
14492,SAFE
37582,SAFE
45168,SAFE
32753,SAFE
44393,SAFE
44395,SAFE
31131,SAFE
44974,SAFE
49889,SAFE
40618,SAFE
144_New_01_D,SAFE
13739,SAFE
7848,SAFE
13740,SAFE
18730,SAFE
3440,SAFE
2664,SAFE
10917,SAFE
12978,SAFE
156_NEW52,SAFE
10649,SAFE
42229,SAFE
36297,SAFE
35787,SAFE
32636,SAFE
34196,SAFE
33823,SAFE
48640,SAFE
48621,SAFE
48642,SAFE
48622,SAFE
48643,SAFE
29794,SAFE
5772,SAFE
16002,SAFE
5_New6,SAFE
45561,SAFE
195_New_24,SAFE
48032,SAFE
40926,SAFE
7608,SAFE
12056,SAFE
9980,SAFE
25324,SAFE
29134,SAFE
29659,SAFE
23292,SAFE
24717,SAFE
27433,SAFE
68113,SAFE
16_NEW,SAFE
28107,SAFE
28114,SAFE
17190,SAFE
86_New151,SAFE
22801,SAFE
17447,SAFE
9349,SAFE
13475,SAFE
11411,SAFE
15465,SAFE
3136,SAFE
2282,SAFE
12600,SAFE
6439,SAFE
33552,SAFE
38843,SAFE
39039,SAFE
3516,SAFE
6956,SAFE
4861,SAFE
12312,SAFE
4048,SAFE
32467,SAFE
18441,SAFE
9184,SAFE
13314,SAFE
9183,SAFE
37084,SAFE
5799,SAFE
14_New1,SAFE
182_New14,SAFE
12139,SAFE
14152,SAFE
10891,SAFE
28966,SAFE
24834,SAFE
28907,SAFE
5447,SAFE
5444,SAFE
5445,SAFE
13644,SAFE
3394,SAFE
12143,SAFE
17563,SAFE
2_New10,SAFE
14584,SAFE
9592,SAFE
5356,SAFE
17137,SAFE
"DN190STR020
",SAFE
9582,SAFE
2307,SAFE
59675,SAFE
60243,SAFE
5977,SAFE
8106,SAFE
6446,SAFE
10528,SAFE
8463,SAFE
27593,SAFE
15342,SAFE
5089,SAFE
13349,SAFE
17340,SAFE
15344,SAFE
16415,SAFE
68162,SAFE
83_New_95,SAFE
13566,SAFE
12024,SAFE
18102,SAFE
25049,SAFE
25950,SAFE
32064,SAFE
54904,SAFE
26335,SAFE
NEW_183_34,SAFE
37696,SAFE
40569,SAFE
17_New_15,SAFE
39726,SAFE
34464,SAFE
35929,SAFE
46694,SAFE
W149RD02,SAFE
35496,SAFE
59677,SAFE
11303,SAFE
11300,SAFE
39455,SAFE
9742,SAFE
5640,SAFE
31097,SAFE
7547,SAFE
43830,SAFE
53796,SAFE
25293,SAFE
27811,SAFE
93_New23,SAFE
24455,SAFE
W190ST137,SAFE
W190ST025,SAFE
11222,SAFE
17271,SAFE
26040,SAFE
18497,SAFE
3488,SAFE
82_NEW_126,SAFE
27561,SAFE
82_NEW_128,SAFE
36613,SAFE
31168,SAFE
40920,SAFE
34912,SAFE
17725,SAFE
173_NEW10,SAFE
173_NEW9,SAFE
31813,SAFE
35076,SAFE
34235,SAFE
53602,SAFE
53381,SAFE
16_NEW38,SAFE
53160,SAFE
31226,SAFE
16980,SAFE
16874,SAFE
6681,SAFE
2783,SAFE
5839,SAFE
12356,SAFE
23732,SAFE
42597,SAFE
35367,SAFE
44308,SAFE
6736,SAFE
55855,SAFE
28653,SAFE
55840,SAFE
2638,SAFE
16021,SAFE
200_New_32,SAFE
4752,SAFE
41473,SAFE
35754,SAFE
50188,SAFE
18409,SAFE
40396,SAFE
41604,SAFE
8193,SAFE
12369,SAFE
6191,SAFE
2034,SAFE
8224,SAFE
16375,SAFE
4075,SAFE
15738,SAFE
9624,SAFE
14287,SAFE
64591,SAFE
29569,SAFE
24473,SAFE
22789,SAFE
34174,SAFE
New_W186_026,SAFE
32834,SAFE
41696,SAFE
30482,SAFE
33873,SAFE
48641,SAFE
48620,SAFE
W143rd049,SAFE
13520,SAFE
13164,SAFE
11110,SAFE
31114,SAFE
79_New_52,SAFE
24778,SAFE
8685,SAFE
4559,SAFE
38021,SAFE
93_New69,SAFE
9350,SAFE
10752,SAFE
15130,SAFE
10568,SAFE
4343,SAFE
5162,SAFE
153rd026,SAFE
31502,SAFE
23483,SAFE
27499,SAFE
40266,SAFE
33444,SAFE
40230,SAFE
30297,SAFE
34954,SAFE
41111,SAFE
39196,SAFE
53813,SAFE
53814,SAFE
48580,SAFE
48157,SAFE
48586,SAFE
48111,SAFE
12344,SAFE
42521,SAFE
46142,SAFE
New_W188_0031,SAFE
New_W188_0015,SAFE
"35337
",SAFE
"49261
",SAFE
"49262
",SAFE
30347,SAFE
New_37_150,SAFE
39089,SAFE
37039,SAFE
23488,SAFE
7973,SAFE
10068,SAFE
40269,SAFE
40020,SAFE
28306,SAFE
7358,SAFE
48279,SAFE
26615,SAFE
7207,SAFE
13400,SAFE
33472,SAFE
32439,SAFE
8067,SAFE
41321,SAFE
27455,SAFE
24766,SAFE
17714,SAFE
11668,SAFE
5466,SAFE
3374,SAFE
12965,SAFE
14998,SAFE
6811,SAFE
6860,SAFE
8826,SAFE
15033,SAFE
New_W188_0027,SAFE
44709,SAFE
3015,SAFE
11208,SAFE
13266,SAFE
48658,SAFE
48657,SAFE
29082,SAFE
23037,SAFE
25619,SAFE
8010,SAFE
10113,SAFE
10114,SAFE
33160,SAFE
41961,SAFE
37631,SAFE
30463,SAFE
37093,SAFE
W143rd054,SAFE
42368,SAFE
W143rd053,SAFE
W143rd066,SAFE
W143rd065,SAFE
7798,SAFE
16144,SAFE
38720,SAFE
46470,SAFE
44863,SAFE
40375,SAFE
15019,SAFE
17016,SAFE
8856,SAFE
7930,SAFE
089_New_02_D,SAFE
26069,SAFE
92_New89,SAFE
92_New47,SAFE
92_New90,SAFE
92_New91,SAFE
12187,SAFE
9604,SAFE
DN184STR010,SAFE
W189ST001,SAFE
33048,SAFE
6206,SAFE
64316,SAFE
5407,SAFE
9526,SAFE
10386,SAFE
46773,SAFE
84_NEW24,SAFE
New_W188_0084,SAFE
New_W188_0085,SAFE
28970,SAFE
22878,SAFE
8934,SAFE
15095,SAFE
15094,SAFE
10996,SAFE
15093,SAFE
24558,SAFE
23467,SAFE
4475,SAFE
2433,SAFE
3324,SAFE
8064,SAFE
8359,SAFE
27280,SAFE
25319,SAFE
23806,SAFE
28120,SAFE
14489,SAFE
8327,SAFE
90_New56,SAFE
90_New55,SAFE
39716,SAFE
48964,SAFE
48278,SAFE
14676,SAFE
4332,SAFE
W196N026,SAFE
W196N017,SAFE
13559,SAFE
16956,SAFE
10209,SAFE
10293,SAFE
16302,SAFE
31_New_18,SAFE
28986,SAFE
24806,SAFE
24922,SAFE
5774,SAFE
5775,SAFE
14449,SAFE
9798,SAFE
55265,SAFE
8980,SAFE
15137,SAFE
13106,SAFE
16001,SAFE
13984,SAFE
6691,SAFE
6690,SAFE
12275,SAFE
7245,SAFE
"49480
",SAFE
"34357
",SAFE
49480,SAFE
1985,SAFE
1986,SAFE
10241,SAFE
16_NEW51,SAFE
16_NEW28,SAFE
48806,SAFE
027_New_04_D,SAFE
48350,SAFE
50979,SAFE
68073,SAFE
68057,SAFE
3884,SAFE
12027,SAFE
11656,SAFE
12779,SAFE
9741,SAFE
11831,SAFE
4503,SAFE
12766,SAFE
12765,SAFE
8641,SAFE
5113,SAFE
15361,SAFE
15363,SAFE
18246,SAFE
18247,SAFE
5870,SAFE
30456,SAFE
33352,SAFE
38219,SAFE
26975,SAFE
7880,SAFE
16064,SAFE
9955,SAFE
5694,SAFE
139_NEW3,SAFE
41306,SAFE
40630,SAFE
39133,SAFE
33658,SAFE
5705,SAFE
9809,SAFE
25024,SAFE
31164,SAFE
W193N019,SAFE
41834,SAFE
44675,SAFE
35378,SAFE
34581,SAFE
25818,SAFE
35416,SAFE
86_New48,SAFE
86_New47,SAFE
27740,SAFE
24524,SAFE
26872,SAFE
23218,SAFE
24802,SAFE
44805,SAFE
64309,SAFE
45550,SAFE
44725,SAFE
49096,SAFE
49095,SAFE
37918,SAFE
34332,SAFE
35127,SAFE
"DN185STR008
",SAFE
30511,SAFE
28666,SAFE
7_NEw_1_D,SAFE
New_W188_0126,SAFE
2183,SAFE
2237,SAFE
8350,SAFE
10348,SAFE
14273,SAFE
40242,SAFE
32870,SAFE
35710,SAFE
32401,SAFE
"33972
",SAFE
42431,SAFE
11059,SAFE
8916,SAFE
15076,SAFE
W196N033,SAFE
48086,SAFE
15_NEW_16,SAFE
15_NEW_17,SAFE
11501,SAFE
15548,SAFE
5317,SAFE
7346,SAFE
33982,SAFE
50560,SAFE
26_NEW88,SAFE
24453,SAFE
91_NEW35,SAFE
23179,SAFE
28024,SAFE
27822,SAFE
25210,SAFE
26464,SAFE
26340,SAFE
41322,SAFE
8838,SAFE
82_NEW_181,SAFE
24667,SAFE
36129,SAFE
35305,SAFE
30082,SAFE
53520,SAFE
53624,SAFE
53446,SAFE
23781,SAFE
25866,SAFE
25495,SAFE
50707,SAFE
67632,SAFE
55236,SAFE
48727,SAFE
"36605
",SAFE
18095,SAFE
3428,SAFE
18093,SAFE
18094,SAFE
3744,SAFE
18647,SAFE
32267,SAFE
39988,SAFE
30977,SAFE
New_W188_0016,SAFE
46072,SAFE
New_W188_0289,SAFE
85_NEW36,SAFE
85_NEW35,SAFE
85_NEW37,SAFE
44740,SAFE
50631,SAFE
24427,SAFE
23379,SAFE
26570,SAFE
27872,SAFE
26578,SAFE
40391,SAFE
31796,SAFE
30549,SAFE
41175,SAFE
33435,SAFE
92_New17,SAFE
92_New12,SAFE
92_New20,SAFE
92_New3,SAFE
92_New5,SAFE
92_New4,SAFE
New_W188_0263,SAFE
New_W188_0273,SAFE
New_W188_0026,SAFE
New_W188_0193,SAFE
New_W188_0148,SAFE
New_W188_0164,SAFE
17050,SAFE
10975,SAFE
27_New_21,SAFE
028_New_01_D,SAFE
6720,SAFE
34215,SAFE
36819,SAFE
31241,SAFE
28196,SAFE
30_New_55,SAFE
68253,SAFE
27905,SAFE
51507,SAFE
33535,SAFE
32253,SAFE
50099,SAFE
50014,SAFE
50072,SAFE
41713,SAFE
53731,SAFE
53523,SAFE
12006,SAFE
12004,SAFE
5815,SAFE
14014,SAFE
7383,SAFE
82_NEW_35,SAFE
42820,SAFE
12175,SAFE
8012,SAFE
3875,SAFE
11570,SAFE
18208,SAFE
38883,SAFE
12254,SAFE
18087,SAFE
3742,SAFE
7845,SAFE
51581,SAFE
030_New_13_D,SAFE
13958,SAFE
51941,SAFE
50745,SAFE
51940,SAFE
51903,SAFE
50746,SAFE
12924,SAFE
92_New,SAFE
92_New120,SAFE
92_New119,SAFE
27750,SAFE
23198,SAFE
23201,SAFE
4154,SAFE
35W_New_4,SAFE
17439,SAFE
10013,SAFE
9836,SAFE
50600,SAFE
50597,SAFE
33_NEW15,SAFE
23628,SAFE
27613,SAFE
16_NEW7,SAFE
55483,SAFE
7535,SAFE
3411,SAFE
156_NEW97,SAFE
33659,SAFE
156_NEW58,SAFE
5808,SAFE
14874,SAFE
38682,SAFE
156_NEW134,SAFE
34012,SAFE
2831,SAFE
12141,SAFE
16_NEW65,SAFE
16_NEW66,SAFE
16_NEW67,SAFE
16_NEW68,SAFE
48703,SAFE
13500,SAFE
17072,SAFE
17069,SAFE
15101,SAFE
23236,SAFE
15585,SAFE
28131,SAFE
23212,SAFE
24090,SAFE
82_NEW_226,SAFE
23432,SAFE
24166,SAFE
7416,SAFE
16_NEW107,SAFE
16_NEW106,SAFE
33055,SAFE
30163,SAFE
25176,SAFE
9406,SAFE
24405,SAFE
17395,SAFE
7210,SAFE
3522,SAFE
53787,SAFE
22_NEW_12,SAFE
16881,SAFE
6084,SAFE
10188,SAFE
14250,SAFE
30517,SAFE
27215,SAFE
2230,SAFE
50174,SAFE
31095,SAFE
38474,SAFE
39582,SAFE
36435,SAFE
6950,SAFE
8403,SAFE
2093,SAFE
8272,SAFE
6264,SAFE
9820,SAFE
43264,SAFE
38775,SAFE
145_New_05_D,SAFE
17_New_39,SAFE
57420,SAFE
45069,SAFE
33573,SAFE
40384,SAFE
33091,SAFE
26664,SAFE
53459,SAFE
24_NEW_14,SAFE
53593,SAFE
43584,SAFE
40236,SAFE
14048,SAFE
5863,SAFE
41828,SAFE
9198,SAFE
15319,SAFE
2992,SAFE
5318,SAFE
22905,SAFE
5888,SAFE
W143rd043,SAFE
39037,SAFE
50754,SAFE
50757,SAFE
50756,SAFE
50755,SAFE
50758,SAFE
51910,SAFE
51471,SAFE
15261,SAFE
3099,SAFE
5891,SAFE
2928,SAFE
51860,SAFE
22_New_5,SAFE
W194N077,SAFE
2418,SAFE
12845,SAFE
9932,SAFE
26037,SAFE
36841,SAFE
14706,SAFE
3493,SAFE
13793,SAFE
26899,SAFE
27225,SAFE
38908,SAFE
49963,SAFE
50093,SAFE
49965,SAFE
50094,SAFE
16519,SAFE
18338,SAFE
25289,SAFE
29568,SAFE
24221,SAFE
28477,SAFE
17547,SAFE
79_New_51,SAFE
W196N112,SAFE
"33478
",SAFE
50944,SAFE
164_New_01_D,SAFE
33560,SAFE
"31044
",SAFE
28608,SAFE
7398,SAFE
41881,SAFE
43278,SAFE
17583,SAFE
11547,SAFE
14593,SAFE
39413,SAFE
W192N056,SAFE
37092,SAFE
54599,SAFE
42067,SAFE
40766,SAFE
W167N001,SAFE
W167N002,SAFE
41083,SAFE
25204,SAFE
79_New_72,SAFE
79_New_70,SAFE
102_New_8,SAFE
10715,SAFE
39462,SAFE
40751,SAFE
10929,SAFE
12987,SAFE
6839,SAFE
37181,SAFE
16803,SAFE
14826,SAFE
16804,SAFE
23092,SAFE
23277,SAFE
4789,SAFE
18091,SAFE
93_New15,SAFE
93_New11,SAFE
93_New12,SAFE
93_New14,SAFE
W190ST056,SAFE
"26705
",SAFE
"DN189STR050
",SAFE
"38904
",SAFE
46395,SAFE
45241,SAFE
44960,SAFE
82_NEW_29,SAFE
32356,SAFE
40547,SAFE
50591,SAFE
50590,SAFE
51835,SAFE
5415,SAFE
26628,SAFE
53766,SAFE
26385,SAFE
24141,SAFE
17022,SAFE
53844,SAFE
53859,SAFE
53886,SAFE
53839,SAFE
53309,SAFE
8253,SAFE
16721,SAFE
3197,SAFE
68402,SAFE
34897,SAFE
New_W188_0049,SAFE
New_W188_0050,SAFE
5651,SAFE
18228,SAFE
11785,SAFE
6684,SAFE
66299,SAFE
29533,SAFE
54397,SAFE
16298,SAFE
10205,SAFE
12288,SAFE
15187,SAFE
25611,SAFE
89_New23,SAFE
23814,SAFE
88_New1,SAFE
29426,SAFE
32969,SAFE
12398,SAFE
41361,SAFE
7541,SAFE
13083,SAFE
15112,SAFE
12388,SAFE
53414,SAFE
50685,SAFE
50877,SAFE
50876,SAFE
37001,SAFE
36472,SAFE
8675,SAFE
14860,SAFE
W143rd041,SAFE
27990,SAFE
28503,SAFE
24997,SAFE
86_New147,SAFE
27728,SAFE
7026,SAFE
2886,SAFE
7025,SAFE
15210,SAFE
W192N027,SAFE
41154,SAFE
32463,SAFE
17031,SAFE
15042,SAFE
2701,SAFE
6866,SAFE
14859,SAFE
16917,SAFE
2110,SAFE
12524,SAFE
10456,SAFE
2108,SAFE
40164,SAFE
14988,SAFE
12955,SAFE
6798,SAFE
12954,SAFE
14987,SAFE
36890,SAFE
42041,SAFE
40673,SAFE
8420,SAFE
15703,SAFE
18649,SAFE
11148,SAFE
4941,SAFE
17196,SAFE
15222,SAFE
34015,SAFE
23373,SAFE
5532,SAFE
5904,SAFE
7921,SAFE
12086,SAFE
2_New12,SAFE
2_New2,SAFE
16412,SAFE
31460,SAFE
5169,SAFE
7212,SAFE
7209,SAFE
4484,SAFE
10194,SAFE
17717,SAFE
4005,SAFE
124_New_1,SAFE
14622,SAFE
18273,SAFE
15705,SAFE
13645,SAFE
91_NEW18,SAFE
12444,SAFE
3661,SAFE
16477,SAFE
8831,SAFE
15051,SAFE
12971,SAFE
8229,SAFE
16404,SAFE
28365,SAFE
24000,SAFE
25366,SAFE
26856,SAFE
26854,SAFE
23494,SAFE
48638,SAFE
48617,SAFE
48637,SAFE
48616,SAFE
40729,SAFE
15695,SAFE
9327,SAFE
9326,SAFE
3114,SAFE
15558,SAFE
136_NEW200,SAFE
3223,SAFE
153rd030,SAFE
30194,SAFE
31387,SAFE
W189ST030,SAFE
"DN189STR088
",SAFE
91_NEW20,SAFE
91_NEW16,SAFE
92_New19,SAFE
28052,SAFE
5498,SAFE
50527,SAFE
28769,SAFE
14131,SAFE
14130,SAFE
5942,SAFE
35579,SAFE
32277,SAFE
36877,SAFE
40325,SAFE
40209,SAFE
6162,SAFE
12328,SAFE
86_New175,SAFE
22803,SAFE
50894,SAFE
50893,SAFE
64859,SAFE
42518,SAFE
4077,SAFE
31067,SAFE
31267,SAFE
5062,SAFE
15312,SAFE
9193,SAFE
6060,SAFE
5155,SAFE
13389,SAFE
9281,SAFE
16474,SAFE
32920,SAFE
11624,SAFE
17646,SAFE
3334,SAFE
11907,SAFE
6444,SAFE
8468,SAFE
4308,SAFE
27257,SAFE
41132,SAFE
35600,SAFE
12081,SAFE
18144,SAFE
12079,SAFE
14419,SAFE
36W_New_1,SAFE
4446,SAFE
2520,SAFE
8593,SAFE
12534,SAFE
6450,SAFE
2305,SAFE
"32873
",SAFE
28415,SAFE
13308,SAFE
17573,SAFE
40664,SAFE
5502,SAFE
7527,SAFE
15772,SAFE
5545,SAFE
41266,SAFE
161_New_10,SAFE
37715,SAFE
31323,SAFE
35695,SAFE
6516,SAFE
10388,SAFE
4179,SAFE
10389,SAFE
18590,SAFE
33136,SAFE
17315,SAFE
15320,SAFE
14887,SAFE
8495,SAFE
13014,SAFE
2706,SAFE
17035,SAFE
7970,SAFE
172_NA,SAFE
172_NEW3,SAFE
3828,SAFE
5039,SAFE
36611,SAFE
33323,SAFE
NEW_183_28,SAFE
40871,SAFE
29954,SAFE
42006,SAFE
40166,SAFE
60224,SAFE
36427,SAFE
NEW2,SAFE
38613,SAFE
41464,SAFE
34437,SAFE
38260,SAFE
40276,SAFE
31192,SAFE
33724,SAFE
30730,SAFE
7814,SAFE
9334,SAFE
13207,SAFE
50411,SAFE
6818,SAFE
33029,SAFE
New_W186_033,SAFE
33693,SAFE
10671,SAFE
29859,SAFE
6965,SAFE
31612,SAFE
34185,SAFE
34217,SAFE
45388,SAFE
11812,SAFE
65833,SAFE
23419,SAFE
15349,SAFE
11297,SAFE
5856,SAFE
4950,SAFE
50713,SAFE
"33344
",SAFE
"49347
",SAFE
"49346
",SAFE
18734,SAFE
2028,SAFE
13387,SAFE
13382,SAFE
15387,SAFE
7200,SAFE
8649,SAFE
15350,SAFE
9345,SAFE
11408,SAFE
9231,SAFE
7170,SAFE
14473,SAFE
14476,SAFE
16492,SAFE
8316,SAFE
27_New_26,SAFE
W193N027,SAFE
44747,SAFE
18045,SAFE
12893,SAFE
16504,SAFE
153rd033,SAFE
30648,SAFE
37211,SAFE
45181,SAFE
38162,SAFE
53589,SAFE
53605,SAFE
50522,SAFE
8261,SAFE
16475,SAFE
2078,SAFE
18420,SAFE
30757,SAFE
37713,SAFE
34257,SAFE
34184,SAFE
96_New_3,SAFE
28_New_51,SAFE
40807,SAFE
40450,SAFE
38264,SAFE
39793,SAFE
53367,SAFE
53819,SAFE
43825,SAFE
4262,SAFE
43183,SAFE
31832,SAFE
33860,SAFE
29525,SAFE
5418,SAFE
13711,SAFE
10513,SAFE
14635,SAFE
12587,SAFE
12422,SAFE
156_NEW53,SAFE
156_NEW54,SAFE
41555,SAFE
37972,SAFE
25535,SAFE
125_99999,SAFE
12735,SAFE
4460,SAFE
14797,SAFE
2627,SAFE
16019,SAFE
37979,SAFE
29767,SAFE
9048,SAFE
15099,SAFE
11127,SAFE
9049,SAFE
17154,SAFE
16291,SAFE
37324,SAFE
37844,SAFE
33813,SAFE
32681,SAFE
42106,SAFE
48017,SAFE
24125,SAFE
48268,SAFE
24191,SAFE
92_New81,SAFE
92_New80,SAFE
92_New84,SAFE
92_New79,SAFE
92_New99,SAFE
92_New94,SAFE
92_New97,SAFE
92_New93,SAFE
92_New96,SAFE
92_New92,SAFE
9437,SAFE
50312,SAFE
51946,SAFE
11242,SAFE
26551,SAFE
103_NA_4,SAFE
103_New_8,SAFE
103_NA_3,SAFE
28_New_8,SAFE
27288,SAFE
27358,SAFE
29561,SAFE
W192N040,SAFE
48269,SAFE
60436,SAFE
58090,SAFE
60438,SAFE
60280,SAFE
26318,SAFE
25664,SAFE
32557,SAFE
31550,SAFE
24625,SAFE
24004,SAFE
32330,SAFE
31839,SAFE
29360,SAFE
28542,SAFE
28802,SAFE
31508,SAFE
38640,SAFE
37156,SAFE
128_NEW200,SAFE
W190ST055,SAFE
5558,SAFE
7717,SAFE
13763,SAFE
17558,SAFE
41260,SAFE
34557,SAFE
30655,SAFE
W194N060,SAFE
29106,SAFE
82_NEW_27,SAFE
67620,SAFE
48363,SAFE
W167N006,SAFE
W167N040,SAFE
22920,SAFE
023_New_06_D,SAFE
25_NEW102,SAFE
25717,SAFE
32419,SAFE
30301,SAFE
31145,SAFE
30737,SAFE
31437,SAFE
3112,SAFE
24883,SAFE
27543,SAFE
13158,SAFE
33109,SAFE
8654,SAFE
4519,SAFE
36490,SAFE
42135,SAFE
37336,SAFE
37164,SAFE
35001,SAFE
W193N010,SAFE
25787,SAFE
45481,SAFE
31173,SAFE
195_New_21,SAFE
195_New_10,SAFE
18354,SAFE
7932,SAFE
11054,SAFE
12111,SAFE
11055,SAFE
9116,SAFE
11203,SAFE
17250,SAFE
2930,SAFE
11205,SAFE
2931,SAFE
5002,SAFE
5003,SAFE
2932,SAFE
53876,SAFE
53863,SAFE
17789,SAFE
11396,SAFE
11395,SAFE
7511,SAFE
17697,SAFE
15710,SAFE
4083,SAFE
9236,SAFE
13066,SAFE
13100,SAFE
6937,SAFE
2780,SAFE
37708,SAFE
32069,SAFE
39510,SAFE
9992,SAFE
41316,SAFE
16996,SAFE
2628,SAFE
15004,SAFE
8502,SAFE
12729,SAFE
17348,SAFE
11305,SAFE
37984,SAFE
36513,SAFE
48215,SAFE
3818,SAFE
14095,SAFE
15611,SAFE
14930,SAFE
11686,SAFE
64671,SAFE
64293,SAFE
38033,SAFE
55169,SAFE
23071,SAFE
22853,SAFE
25705,SAFE
W194N173,SAFE
W194N170,SAFE
W194N048,SAFE
24742,SAFE
39076,SAFE
44769,SAFE
7184,SAFE
17363,SAFE
5123,SAFE
9255,SAFE
15371,SAFE
7188,SAFE
9254,SAFE
15375,SAFE
17667,SAFE
3360,SAFE
93_New,SAFE
93_New99,SAFE
11693,SAFE
17740,SAFE
13727,SAFE
12460,SAFE
86_New49,SAFE
"49248
",SAFE
26027,SAFE
86_New95,SAFE
86_New96,SAFE
12620,SAFE
42944,SAFE
59725,SAFE
17194,SAFE
13209,SAFE
16_NEW49,SAFE
48805,SAFE
16_NEW50,SAFE
3218,SAFE
15549,SAFE
6759,SAFE
12915,SAFE
12916,SAFE
2604,SAFE
41719,SAFE
7341,SAFE
17530,SAFE
7340,SAFE
7342,SAFE
91_NEW131,SAFE
91_NEW65,SAFE
91_NEW66,SAFE
91_NEW67,SAFE
91_NEW121,SAFE
32915,SAFE
40481,SAFE
14166,SAFE
7506,SAFE
9554,SAFE
5442,SAFE
64595,SAFE
40804,SAFE
30220,SAFE
13361,SAFE
63W_New_13,SAFE
15374,SAFE
63W_New_11,SAFE
13365,SAFE
39219,SAFE
45454,SAFE
30262,SAFE
28020,SAFE
15925,SAFE
12168,SAFE
12171,SAFE
16390,SAFE
11469,SAFE
5294,SAFE
50002,SAFE
3947,SAFE
8033,SAFE
17620,SAFE
13767,SAFE
48563,SAFE
48408,SAFE
48076,SAFE
41019,SAFE
30232,SAFE
32787,SAFE
156_NEW164,SAFE
13674,SAFE
33656,SAFE
146RD004,SAFE
31741,SAFE
31798,SAFE
34718,SAFE
W190ST129,SAFE
80_New_3,SAFE
25466,SAFE
8599,SAFE
25_NEW57,SAFE
29034,SAFE
23796,SAFE
24664,SAFE
23101,SAFE
9976,SAFE
25103,SAFE
6_New1,SAFE
38968,SAFE
39917,SAFE
39623,SAFE
26697,SAFE
8234,SAFE
4115,SAFE
2048,SAFE
11897,SAFE
11760,SAFE
11895,SAFE
16508,SAFE
6070,SAFE
30_New_20,SAFE
30_New_19,SAFE
28490,SAFE
11941,SAFE
13971,SAFE
33161,SAFE
26774,SAFE
38353,SAFE
39366,SAFE
W192N028,SAFE
33117,SAFE
16898,SAFE
42028,SAFE
48999,SAFE
50409,SAFE
2062,SAFE
14355,SAFE
10278,SAFE
195_New_7,SAFE
50336,SAFE
30470,SAFE
29024,SAFE
43572,SAFE
9514,SAFE
4162,SAFE
37613,SAFE
31234,SAFE
12668,SAFE
12669,SAFE
7696,SAFE
13891,SAFE
5680,SAFE
11652,SAFE
5918,SAFE
12100,SAFE
12108,SAFE
18175,SAFE
14123,SAFE
14122,SAFE
5852,SAFE
12028,SAFE
14162,SAFE
60106,SAFE
7723,SAFE
174_NEW20,SAFE
43758,SAFE
190_New_02_D,SAFE
"DN189STR049
",SAFE
51538,SAFE
26_New_53,SAFE
26836,SAFE
16171,SAFE
3980,SAFE
13772,SAFE
New_W188_0072,SAFE
7103,SAFE
17310,SAFE
7133,SAFE
11269,SAFE
9191,SAFE
7132,SAFE
23880,SAFE
14545,SAFE
8374,SAFE
25077,SAFE
195_New_18,SAFE
195_New_15,SAFE
50116,SAFE
W196N103,SAFE
35324,SAFE
35102,SAFE
41149,SAFE
33764,SAFE
30897,SAFE
31_NEW,SAFE
31897,SAFE
41749,SAFE
25259,SAFE
NEW6,SAFE
NEW11,SAFE
55039,SAFE
55043,SAFE
31362,SAFE
7720,SAFE
7719,SAFE
9849,SAFE
6095,SAFE
10257,SAFE
2089,SAFE
030_New_12_D,SAFE
40856,SAFE
5964,SAFE
14154,SAFE
36692,SAFE
28574,SAFE
17139,SAFE
9038,SAFE
82_NEW_166,SAFE
82_NEW_167,SAFE
2587,SAFE
18134,SAFE
9977,SAFE
14058,SAFE
15632,SAFE
13731,SAFE
18757,SAFE
7851,SAFE
9153,SAFE
13287,SAFE
17279,SAFE
15289,SAFE
11510,SAFE
17553,SAFE
41902,SAFE
12362,SAFE
14274,SAFE
17316,SAFE
9459,SAFE
7377,SAFE
7378,SAFE
7375,SAFE
11533,SAFE
13265,SAFE
11478,SAFE
14582,SAFE
8405,SAFE
4177,SAFE
13214,SAFE
36395,SAFE
198_New_85,SAFE
29098,SAFE
46747,SAFE
12551,SAFE
7787,SAFE
3677,SAFE
27922,SAFE
14894,SAFE
12197,SAFE
198_New_137,SAFE
42064,SAFE
33850,SAFE
32976,SAFE
30579,SAFE
W149RD11,SAFE
5302,SAFE
9411,SAFE
17524,SAFE
15535,SAFE
37576,SAFE
30150,SAFE
29223,SAFE
29238,SAFE
25690,SAFE
48412,SAFE
93_New8,SAFE
93_New7,SAFE
16991,SAFE
14999,SAFE
64318,SAFE
35052,SAFE
37934,SAFE
146RD001,SAFE
41095,SAFE
3833,SAFE
6349,SAFE
6360,SAFE
2191,SAFE
12494,SAFE
50577,SAFE
32042,SAFE
W196N079,SAFE
"DN189STR072
",SAFE
W189ST018,SAFE
16262,SAFE
11498,SAFE
5205,SAFE
11496,SAFE
5311,SAFE
50511,SAFE
32_new7,SAFE
24509,SAFE
32_new6,SAFE
6556,SAFE
14893,SAFE
9071,SAFE
55830,SAFE
29625,SAFE
17038,SAFE
17260,SAFE
5023,SAFE
11227,SAFE
7095,SAFE
26244,SAFE
089_New_04_D,SAFE
24233,SAFE
25039,SAFE
55058,SAFE
54603,SAFE
8335,SAFE
4188,SAFE
41996,SAFE
88_New25,SAFE
25920,SAFE
88_New24,SAFE
5838,SAFE
16055,SAFE
3517,SAFE
"40710
",SAFE
"36511
",SAFE
30437,SAFE
40263,SAFE
W185ST022,SAFE
35709,SAFE
36533,SAFE
25_NEW96,SAFE
108_NA_1,SAFE
7067,SAFE
17314,SAFE
17106,SAFE
7151,SAFE
18423,SAFE
15931,SAFE
18476,SAFE
18510,SAFE
18402,SAFE
11896,SAFE
18413,SAFE
22923,SAFE
40458,SAFE
7148,SAFE
23854,SAFE
34742,SAFE
30659,SAFE
43454,SAFE
28283,SAFE
22819,SAFE
28284,SAFE
25648,SAFE
178_NEW5,SAFE
27502,SAFE
12594,SAFE
39341,SAFE
18828,SAFE
W143rd064,SAFE
W194N157,SAFE
W194N104,SAFE
3653,SAFE
3655,SAFE
13676,SAFE
44283,SAFE
46186,SAFE
9267,SAFE
13369,SAFE
12225,SAFE
86_New108,SAFE
24999,SAFE
86_New107,SAFE
5076,SAFE
5078,SAFE
W194N141,SAFE
146RD010,SAFE
40190,SAFE
31746,SAFE
36880,SAFE
41085,SAFE
38479,SAFE
32182,SAFE
42042,SAFE
39304,SAFE
34485,SAFE
34450,SAFE
39222,SAFE
32933,SAFE
146RD009,SAFE
42410,SAFE
30692,SAFE
29821,SAFE
16999,SAFE
34309,SAFE
41737,SAFE
146RD012,SAFE
146RD043,SAFE
34225,SAFE
41600,SAFE
37933,SAFE
39026,SAFE
31904,SAFE
39432,SAFE
35204,SAFE
31190,SAFE
37304,SAFE
30274,SAFE
38420,SAFE
36512,SAFE
34470,SAFE
146RD031,SAFE
41450,SAFE
44254,SAFE
41096,SAFE
24_New_2,SAFE
53504,SAFE
91_NEW36,SAFE
91_NEW132,SAFE
2740,SAFE
9520,SAFE
3311,SAFE
3312,SAFE
15426,SAFE
5184,SAFE
41598,SAFE
35895,SAFE
8184,SAFE
12343,SAFE
3304,SAFE
8185,SAFE
37277,SAFE
16239,SAFE
29589,SAFE
15119,SAFE
17085,SAFE
13088,SAFE
11021,SAFE
14994,SAFE
130_NEW_230,SAFE
W194N086,SAFE
W194N089,SAFE
W194N082,SAFE
W194N087,SAFE
W194N088,SAFE
48952,SAFE
30379,SAFE
31463,SAFE
33294,SAFE
40411,SAFE
38957,SAFE
156_NEW16,SAFE
37702,SAFE
40585,SAFE
41324,SAFE
39176,SAFE
34583,SAFE
54905,SAFE
25335,SAFE
26140,SAFE
29664,SAFE
29151,SAFE
80_New_28,SAFE
8984,SAFE
44938,SAFE
29783,SAFE
51993,SAFE
51462,SAFE
58W_NA_2,SAFE
127_NEW17,SAFE
26820,SAFE
23468,SAFE
5648,SAFE
11808,SAFE
2223,SAFE
10460,SAFE
15490,SAFE
33753,SAFE
37099,SAFE
39636,SAFE
41492,SAFE
NEW1690088,SAFE
NEW1690087,SAFE
New_W188_0243,SAFE
35429,SAFE
NEW1690042,SAFE
50500,SAFE
24526,SAFE
4762,SAFE
10995,SAFE
17007,SAFE
44880,SAFE
25869,SAFE
38508,SAFE
38593,SAFE
37772,SAFE
35569,SAFE
17043,SAFE
91_New79,SAFE
2957,SAFE
9025,SAFE
17131,SAFE
18555,SAFE
198_New_67,SAFE
29991,SAFE
26179,SAFE
12297,SAFE
15485,SAFE
15498,SAFE
7293,SAFE
26753,SAFE
37137,SAFE
26370,SAFE
55153,SAFE
29800,SAFE
8375,SAFE
17176,SAFE
4930,SAFE
39863,SAFE
33950,SAFE
31396,SAFE
68522,SAFE
41122,SAFE
32990,SAFE
25847,SAFE
33559,SAFE
31528,SAFE
DN184STR025,SAFE
"DN190STR036
",SAFE
26535,SAFE
25130,SAFE
18_NEW23,SAFE
48454,SAFE
26953,SAFE
6865,SAFE
8872,SAFE
198_New_42,SAFE
198_New_41,SAFE
198_New_45,SAFE
92_New127,SAFE
16093,SAFE
12103,SAFE
12626,SAFE
14218,SAFE
4811,SAFE
17019,SAFE
17018,SAFE
6853,SAFE
2779,SAFE
10933,SAFE
12282,SAFE
27515,SAFE
55841,SAFE
37460,SAFE
38981,SAFE
39024,SAFE
25_NEW58,SAFE
25_NEW69,SAFE
25626,SAFE
25048,SAFE
22797,SAFE
59637,SAFE
23127,SAFE
030_New_26_D,SAFE
030_New_36_D,SAFE
030_New_39_D,SAFE
6068,SAFE
14240,SAFE
55863,SAFE
156_NEW25,SAFE
68581,SAFE
14687,SAFE
16906,SAFE
8749,SAFE
W194N178,SAFE
15195,SAFE
17162,SAFE
60055,SAFE
15823,SAFE
18193,SAFE
3899,SAFE
068_NEW1,SAFE
4606,SAFE
6700,SAFE
6641,SAFE
2513,SAFE
27181,SAFE
35999,SAFE
146RD005,SAFE
41714,SAFE
13540,SAFE
17270,SAFE
13301,SAFE
DN184STR052,SAFE
DN184STR053,SAFE
23528,SAFE
30710,SAFE
50149,SAFE
198_New_138,SAFE
24780,SAFE
23339,SAFE
2609,SAFE
7046,SAFE
18316,SAFE
14258,SAFE
NEW1690002,SAFE
16414,SAFE
28643,SAFE
24565,SAFE
24514,SAFE
22890,SAFE
54286,SAFE
37932,SAFE
41389,SAFE
35323,SAFE
82_NEW_155,SAFE
23317,SAFE
127_NA_1,SAFE
14076,SAFE
58306,SAFE
27520,SAFE
29407,SAFE
40833,SAFE
39272,SAFE
"41310
",SAFE
"34325
",SAFE
84_NEW30,SAFE
84_NEW27,SAFE
14216,SAFE
3957,SAFE
16243,SAFE
153rd028,SAFE
36782,SAFE
4993,SAFE
48532,SAFE
24112,SAFE
46780,SAFE
24748,SAFE
27459,SAFE
81_NEW23,SAFE
28984,SAFE
22926,SAFE
28171,SAFE
29692,SAFE
24413,SAFE
6532,SAFE
13542,SAFE
2623,SAFE
4771,SAFE
15065,SAFE
13040,SAFE
12919,SAFE
9713,SAFE
13807,SAFE
33570,SAFE
31687,SAFE
16851,SAFE
42917,SAFE
2407,SAFE
68503,SAFE
29342,SAFE
23561,SAFE
24017,SAFE
26086,SAFE
82_NEW_148,SAFE
31408,SAFE
79_New_11,SAFE
30715,SAFE
49181,SAFE
49180,SAFE
49182,SAFE
33941,SAFE
31194,SAFE
15127,SAFE
4836,SAFE
23003,SAFE
26143,SAFE
5129,SAFE
9268,SAFE
5133,SAFE
17369,SAFE
17455,SAFE
33272,SAFE
18160,SAFE
18159,SAFE
3831,SAFE
27207,SAFE
50111,SAFE
40120,SAFE
41448,SAFE
14851,SAFE
14852,SAFE
16819,SAFE
6620,SAFE
2496,SAFE
16827,SAFE
16821,SAFE
6624,SAFE
6618,SAFE
23370,SAFE
37195,SAFE
38935,SAFE
NEW1690135,SAFE
33386,SAFE
5313,SAFE
13534,SAFE
5198,SAFE
15435,SAFE
23599,SAFE
27640,SAFE
9337,SAFE
198_New_98,SAFE
30793,SAFE
8346,SAFE
34361,SAFE
50408,SAFE
1910011,SAFE
41900,SAFE
2573,SAFE
26769,SAFE
42296,SAFE
24_New_6,SAFE
6728,SAFE
"49372
",SAFE
46280,SAFE
17444,SAFE
12952,SAFE
2643,SAFE
41336,SAFE
8478,SAFE
14665,SAFE
11557,SAFE
5371,SAFE
26673,SAFE
23143,SAFE
3787,SAFE
39479,SAFE
4168,SAFE
6298,SAFE
6295,SAFE
17510,SAFE
4814,SAFE
2937,SAFE
13272,SAFE
2812,SAFE
4883,SAFE
2814,SAFE
10478,SAFE
43347,SAFE
W189ST034,SAFE
7451,SAFE
5420,SAFE
7450,SAFE
1910007,SAFE
40820,SAFE
New_W188_0062,SAFE
36847,SAFE
41276,SAFE
82_NEW_4,SAFE
40928,SAFE
31536,SAFE
42415,SAFE
50494,SAFE
50493,SAFE
51799,SAFE
13101,SAFE
37398,SAFE
32248,SAFE
5631,SAFE
5600,SAFE
7251,SAFE
40949,SAFE
36013,SAFE
2247,SAFE
4255,SAFE
54903,SAFE
54908,SAFE
53427,SAFE
53502,SAFE
32320,SAFE
27_New_16,SAFE
23141,SAFE
13161,SAFE
15176,SAFE
11107,SAFE
27272,SAFE
23925,SAFE
11105,SAFE
2835,SAFE
40187,SAFE
37712,SAFE
15957,SAFE
22715,SAFE
22_New_30,SAFE
49944,SAFE
39879,SAFE
37535,SAFE
2782,SAFE
6930,SAFE
40675,SAFE
38025,SAFE
35009,SAFE
40215,SAFE
35010,SAFE
25770,SAFE
30360,SAFE
35681,SAFE
42414,SAFE
30160,SAFE
40476,SAFE
32570,SAFE
29570,SAFE
46030,SAFE
30257,SAFE
11088,SAFE
2825,SAFE
26681,SAFE
27084,SAFE
28848,SAFE
26812,SAFE
27082,SAFE
24203,SAFE
30862,SAFE
13363,SAFE
17365,SAFE
26406,SAFE
40070,SAFE
W167N032,SAFE
23311,SAFE
6562,SAFE
8607,SAFE
8608,SAFE
6563,SAFE
127_NEW_22,SAFE
8912,SAFE
25541,SAFE
27495,SAFE
2844,SAFE
2842,SAFE
5486,SAFE
15776,SAFE
14155,SAFE
17778,SAFE
8055,SAFE
2484,SAFE
18140,SAFE
2481,SAFE
DN184STR005,SAFE
3301,SAFE
45827,SAFE
New_W188_0257,SAFE
9640,SAFE
3739,SAFE
9733,SAFE
10548,SAFE
13701,SAFE
3507,SAFE
9590,SAFE
51872,SAFE
50283,SAFE
17418,SAFE
27284,SAFE
11493,SAFE
15539,SAFE
9415,SAFE
60064,SAFE
11248,SAFE
5042,SAFE
DN184STR049,SAFE
36237,SAFE
5146,SAFE
17368,SAFE
200_New_49,SAFE
13473,SAFE
13717,SAFE
49655,SAFE
50110,SAFE
49653,SAFE
27982,SAFE
22796,SAFE
29077,SAFE
40101,SAFE
32263,SAFE
148_New_03_D,SAFE
40460,SAFE
11485,SAFE
6908,SAFE
069_NEW5,SAFE
46209,SAFE
W193N005,SAFE
26360,SAFE
35465,SAFE
31942,SAFE
39948,SAFE
29602,SAFE
15362,SAFE
9246,SAFE
15359,SAFE
50309,SAFE
15055,SAFE
064_NEW8,SAFE
11754,SAFE
127_NEW3,SAFE
26908,SAFE
25568,SAFE
24050,SAFE
"36852
",SAFE
33496,SAFE
36852,SAFE
38363,SAFE
6726,SAFE
3771,SAFE
51025,SAFE
51026,SAFE
83_New_42,SAFE
33518,SAFE
86_New124,SAFE
86_New123,SAFE
86_New128,SAFE
24244,SAFE
NEW1690005,SAFE
30950,SAFE
46422,SAFE
14496,SAFE
11921,SAFE
12465,SAFE
2784,SAFE
8972,SAFE
17456,SAFE
11417,SAFE
11376,SAFE
43718,SAFE
"DN189STR068
",SAFE
"DN189STR069
",SAFE
"DN189STR070
",SAFE
30850,SAFE
"40341
",SAFE
190_New_14_D,SAFE
18515,SAFE
18478,SAFE
18066,SAFE
3463,SAFE
3464,SAFE
18198,SAFE
14137,SAFE
13761,SAFE
3862,SAFE
10017,SAFE
18154,SAFE
14099,SAFE
16124,SAFE
90_New50,SAFE
119_New_2,SAFE
156_NEW108,SAFE
156_NEW172,SAFE
8777,SAFE
4806,SAFE
53500,SAFE
53630,SAFE
35220,SAFE
34513,SAFE
17699,SAFE
68273,SAFE
13683,SAFE
38861,SAFE
16533,SAFE
22835,SAFE
22837,SAFE
198_New_35,SAFE
151RD012,SAFE
12162,SAFE
10812,SAFE
40635,SAFE
39910,SAFE
30018,SAFE
37143,SAFE
36071,SAFE
38173,SAFE
29985,SAFE
40136,SAFE
32994,SAFE
40448,SAFE
4248,SAFE
8264,SAFE
2254,SAFE
16220,SAFE
25778,SAFE
6743,SAFE
35711,SAFE
156_NEW84,SAFE
41061,SAFE
30856,SAFE
67741,SAFE
24723,SAFE
27434,SAFE
24722,SAFE
36480,SAFE
55212,SAFE
55211,SAFE
55835,SAFE
55214,SAFE
14856,SAFE
8660,SAFE
9856,SAFE
11952,SAFE
49941,SAFE
25750,SAFE
34650,SAFE
31388,SAFE
3601,SAFE
7501,SAFE
15939,SAFE
13677,SAFE
13919,SAFE
15824,SAFE
180_NEW6,SAFE
180_NEW4,SAFE
13798,SAFE
15090,SAFE
24724,SAFE
24543,SAFE
23958,SAFE
80_New_16,SAFE
49815,SAFE
182_New13,SAFE
33502,SAFE
156_NEW105,SAFE
156_NEW44,SAFE
156_NEW106,SAFE
41359,SAFE
9213,SAFE
93_New26,SAFE
93_New32,SAFE
16_NEW32,SAFE
32683,SAFE
34858,SAFE
10182,SAFE
7319,SAFE
34764,SAFE
26132,SAFE
80_New_22,SAFE
93_New51,SAFE
93_New53,SAFE
DN184STR020,SAFE
79_NEW_77,SAFE
22927,SAFE
48984,SAFE
33882,SAFE
25780,SAFE
31551,SAFE
156_NEW29,SAFE
156_NEW30,SAFE
57984,SAFE
4670,SAFE
34549,SAFE
46098,SAFE
31960,SAFE
30308,SAFE
11983,SAFE
25900,SAFE
12503,SAFE
16687,SAFE
8422,SAFE
64300,SAFE
2032,SAFE
7037,SAFE
50714,SAFE
4537,SAFE
14734,SAFE
39172,SAFE
34243,SAFE
W185ST035,SAFE
7596,SAFE
17445,SAFE
17446,SAFE
83_New_104,SAFE
24695,SAFE
4492,SAFE
4491,SAFE
31185,SAFE
85_NEW31,SAFE
51952,SAFE
51951,SAFE
16730,SAFE
7088,SAFE
13271,SAFE
"DN189STR083
",SAFE
49429,SAFE
16965,SAFE
165_New_12,SAFE
165_New_09,SAFE
33825,SAFE
W185ST027,SAFE
32348,SAFE
4708,SAFE
16163,SAFE
49152,SAFE
7467,SAFE
3441,SAFE
53865,SAFE
53867,SAFE
18415,SAFE
13795,SAFE
18418,SAFE
6305,SAFE
48775,SAFE
14180,SAFE
13037,SAFE
4518,SAFE
12790,SAFE
10727,SAFE
31128,SAFE
37485,SAFE
24550,SAFE
80_New_43,SAFE
45874,SAFE
32935,SAFE
29937,SAFE
13401,SAFE
5150,SAFE
3065,SAFE
15822,SAFE
15020,SAFE
26787,SAFE
9891,SAFE
32291,SAFE
38970,SAFE
33970,SAFE
40095,SAFE
33737,SAFE
40686,SAFE
26795,SAFE
29053,SAFE
28064,SAFE
24092,SAFE
23812,SAFE
26890,SAFE
25550,SAFE
7714,SAFE
12222,SAFE
34207,SAFE
16280,SAFE
9680,SAFE
6089,SAFE
5605,SAFE
11684,SAFE
2020,SAFE
10287,SAFE
6199,SAFE
26922,SAFE
27507,SAFE
26887,SAFE
2948,SAFE
17269,SAFE
4159,SAFE
4845,SAFE
8975,SAFE
3598,SAFE
17246,SAFE
92_New23,SAFE
92_New24,SAFE
92_New22,SAFE
68530,SAFE
93_New87,SAFE
28296,SAFE
18078,SAFE
12014,SAFE
3004,SAFE
3003,SAFE
15334,SAFE
14035,SAFE
3148,SAFE
"37987
",SAFE
"40249
",SAFE
59853,SAFE
064_NEW43,SAFE
6683,SAFE
56288,SAFE
28368,SAFE
23498,SAFE
55613,SAFE
"5935
",SAFE
5935,SAFE
7963,SAFE
8254,SAFE
195_New_42,SAFE
37477,SAFE
39429,SAFE
9156,SAFE
24497,SAFE
27_New_4,SAFE
4461,SAFE
10680,SAFE
8612,SAFE
13845,SAFE
10678,SAFE
25808,SAFE
40983,SAFE
33267,SAFE
9131,SAFE
2803,SAFE
35432,SAFE
6342,SAFE
5161,SAFE
15406,SAFE
5164,SAFE
38372,SAFE
13055,SAFE
2737,SAFE
17105,SAFE
23371,SAFE
"42117
",SAFE
"35054
",SAFE
"40542
",SAFE
6317,SAFE
31845,SAFE
10934,SAFE
"DN189STR040
",SAFE
"DN189STR035
",SAFE
"DN189STR061
",SAFE
197_New_9,SAFE
38738,SAFE
7382,SAFE
117_New_2,SAFE
9045,SAFE
38729,SAFE
3942,SAFE
67785,SAFE
6795,SAFE
16532,SAFE
8349,SAFE
10428,SAFE
4211,SAFE
10426,SAFE
4600,SAFE
30466,SAFE
35539,SAFE
4089,SAFE
195_New_41,SAFE
25766,SAFE
195_New_39,SAFE
2630,SAFE
39930,SAFE
40995,SAFE
28809,SAFE
50859,SAFE
50384,SAFE
28_New_6,SAFE
50383,SAFE
12279,SAFE
4007,SAFE
41037,SAFE
14589,SAFE
43W_New,SAFE
23763,SAFE
26395,SAFE
23399,SAFE
26676,SAFE
27071,SAFE
35138,SAFE
13262,SAFE
11199,SAFE
23_New_5,SAFE
26384,SAFE
5929,SAFE
51524,SAFE
30_NEW56,SAFE
52019,SAFE
2206,SAFE
6359,SAFE
14531,SAFE
4914,SAFE
4913,SAFE
13071,SAFE
9711,SAFE
49984,SAFE
49985,SAFE
49983,SAFE
40006,SAFE
34227,SAFE
22_New_8,SAFE
2756,SAFE
9997,SAFE
50345,SAFE
3028,SAFE
7180,SAFE
13366,SAFE
12415,SAFE
DN184STR012,SAFE
41946,SAFE
39181,SAFE
33826,SAFE
39401,SAFE
W143rd057,SAFE
190_New_08_D,SAFE
190_New_06_D,SAFE
23376,SAFE
60258,SAFE
28394,SAFE
59905,SAFE
New_W188_0208,SAFE
46208,SAFE
44477,SAFE
32759,SAFE
New_W188_0096,SAFE
24826,SAFE
10393,SAFE
2131,SAFE
3803,SAFE
6538,SAFE
41686,SAFE
35046,SAFE
30923,SAFE
New_46_150,SAFE
91_NEW48,SAFE
28929,SAFE
26463,SAFE
28934,SAFE
91_NEW45,SAFE
10987,SAFE
W189ST013,SAFE
31989,SAFE
40129,SAFE
2013,SAFE
16460,SAFE
10277,SAFE
10274,SAFE
8291,SAFE
42403,SAFE
36548,SAFE
30432,SAFE
32000,SAFE
18490,SAFE
W194N035,SAFE
43560,SAFE
34127,SAFE
43568,SAFE
10747,SAFE
3332,SAFE
197_New_23,SAFE
23516,SAFE
28612,SAFE
26841,SAFE
28611,SAFE
4649,SAFE
8773,SAFE
16688,SAFE
10677,SAFE
45510,SAFE
35674,SAFE
NEW_183_36,SAFE
183_New_02,SAFE
30775,SAFE
NEW1690136,SAFE
30088,SAFE
41965,SAFE
35456,SAFE
8585,SAFE
93_New101,SAFE
93_New102,SAFE
93_New103,SAFE
31998,SAFE
36049,SAFE
31001,SAFE
41873,SAFE
35004,SAFE
55180,SAFE
3205,SAFE
9783,SAFE
33758,SAFE
2169,SAFE
24793,SAFE
4354,SAFE
4353,SAFE
30592,SAFE
24487,SAFE
7445,SAFE
93_New71,SAFE
6772,SAFE
33144,SAFE
13654,SAFE
066_NEW3,SAFE
5152,SAFE
11333,SAFE
7201,SAFE
31555,SAFE
8668,SAFE
14691,SAFE
W190ST101,SAFE
10566,SAFE
16671,SAFE
11290,SAFE
24207,SAFE
4315,SAFE
14663,SAFE
17_New_2,SAFE
50431,SAFE
55161,SAFE
28706,SAFE
55168,SAFE
48101,SAFE
48100,SAFE
29213,SAFE
37115,SAFE
33025,SAFE
34888,SAFE
91_NEW44,SAFE
91_NEW43,SAFE
"31040
",SAFE
31040,SAFE
"49483
",SAFE
42469,SAFE
49764,SAFE
26798,SAFE
2143,SAFE
38984,SAFE
32647,SAFE
58086,SAFE
153rd036,SAFE
25250,SAFE
17402,SAFE
16854,SAFE
25927,SAFE
24673,SAFE
W196N056,SAFE
W196N052,SAFE
W196N053,SAFE
6652,SAFE
38378,SAFE
W193N083,SAFE
"DN189STR048
",SAFE
39904,SAFE
7784,SAFE
7782,SAFE
"DN189STR004
",SAFE
"DN189STR054
",SAFE
9206,SAFE
11371,SAFE
15418,SAFE
5180,SAFE
13427,SAFE
11281,SAFE
13445,SAFE
3102,SAFE
17937,SAFE
3646,SAFE
4002,SAFE
123_New_2,SAFE
6094,SAFE
6098,SAFE
7704,SAFE
12278,SAFE
4003,SAFE
86_New8,SAFE
86_New5,SAFE
25008,SAFE
68296,SAFE
2232,SAFE
16534,SAFE
16445,SAFE
2178,SAFE
48110,SAFE
29305,SAFE
24963,SAFE
NEW ROAD 15,SAFE
146RD037,SAFE
32031,SAFE
26733,SAFE
33653,SAFE
35191,SAFE
57932,SAFE
59896,SAFE
59848,SAFE
9289,SAFE
7203,SAFE
5158,SAFE
13394,SAFE
7120,SAFE
8920,SAFE
15081,SAFE
6896,SAFE
8093,SAFE
23602,SAFE
27666,SAFE
41684,SAFE
199_New_11,SAFE
15167,SAFE
5038,SAFE
15288,SAFE
41748,SAFE
090_New_14_D,SAFE
090_New_08_D,SAFE
090_New_12_D,SAFE
50477,SAFE
40347,SAFE
27229,SAFE
156_NEW87,SAFE
156_NEW17,SAFE
156_NEW18,SAFE
11280,SAFE
7147,SAFE
82_NEW_139,SAFE
27565,SAFE
17463,SAFE
90_New43,SAFE
13673,SAFE
44667,SAFE
36897,SAFE
32539,SAFE
14208,SAFE
12204,SAFE
8038,SAFE
12207,SAFE
12206,SAFE
12205,SAFE
24267,SAFE
28537,SAFE
28017,SAFE
25036,SAFE
18738,SAFE
18606,SAFE
197_New_24,SAFE
49750,SAFE
39253,SAFE
"32972
",SAFE
"36587
",SAFE
7406,SAFE
156_NEW88,SAFE
42767,SAFE
12682,SAFE
14731,SAFE
8983,SAFE
12112,SAFE
13328,SAFE
11141,SAFE
41429,SAFE
41016,SAFE
40038,SAFE
35230,SAFE
91_NEW56,SAFE
156_NEW111,SAFE
31320,SAFE
30831,SAFE
5535,SAFE
12140,SAFE
4169,SAFE
16537,SAFE
10049,SAFE
13851,SAFE
5649,SAFE
17857,SAFE
15989,SAFE
10090,SAFE
9545,SAFE
15951,SAFE
55526,SAFE
55529,SAFE
12917,SAFE
2766,SAFE
13063,SAFE
2776,SAFE
15114,SAFE
15932,SAFE
22_NEW_1,SAFE
22_New_4,SAFE
55120,SAFE
55624,SAFE
37848,SAFE
48046,SAFE
68065,SAFE
30350,SAFE
39165,SAFE
16807,SAFE
7023,SAFE
7024,SAFE
17180,SAFE
28748,SAFE
25738,SAFE
29549,SAFE
26400,SAFE
22891,SAFE
82_NEW_21,SAFE
46670,SAFE
24234,SAFE
24851,SAFE
32351,SAFE
44666,SAFE
24160,SAFE
49658,SAFE
199_New_3,SAFE
51687,SAFE
31109,SAFE
199_New_4,SAFE
49641,SAFE
41791,SAFE
18081,SAFE
7356,SAFE
9438,SAFE
4019,SAFE
10217,SAFE
29744,SAFE
DN155STR001,SAFE
25170,SAFE
31209,SAFE
43393,SAFE
8932,SAFE
10997,SAFE
60225,SAFE
003_New_01_D,SAFE
6525,SAFE
51842,SAFE
50616,SAFE
32593,SAFE
146RD034,SAFE
NEW_183_22,SAFE
45192,SAFE
New_W188_0292,SAFE
46285,SAFE
26995,SAFE
26107,SAFE
22911,SAFE
17470,SAFE
35460,SAFE
44508,SAFE
38464,SAFE
35139,SAFE
NEW_183_47,SAFE
NEW_183_48,SAFE
NEW_183_49,SAFE
183_New_12,SAFE
42344,SAFE
183_New_04,SAFE
36165,SAFE
38048,SAFE
NEW_183_35,SAFE
49916,SAFE
68052,SAFE
36104,SAFE
31056,SAFE
49585,SAFE
79_New_25,SAFE
79_New_32,SAFE
79_New_31,SAFE
41992,SAFE
30846,SAFE
32948,SAFE
49143,SAFE
24749,SAFE
42615,SAFE
2146,SAFE
7453,SAFE
10011,SAFE
53801,SAFE
53835,SAFE
53366,SAFE
17568,SAFE
81_NEW8,SAFE
29157,SAFE
26189,SAFE
4767,SAFE
11574,SAFE
13602,SAFE
10876,SAFE
94_New_3,SAFE
14239,SAFE
15593,SAFE
17584,SAFE
11124,SAFE
15191,SAFE
15340,SAFE
7722,SAFE
38106,SAFE
25_NEW40,SAFE
2082,SAFE
12688,SAFE
15145,SAFE
28432,SAFE
26327,SAFE
79_New_6,SAFE
50899,SAFE
51960,SAFE
26299,SAFE
26080,SAFE
29572,SAFE
29056,SAFE
90_New7,SAFE
90_New6,SAFE
8290,SAFE
38648,SAFE
156_NEW140,SAFE
22991,SAFE
1910027,SAFE
W190ST028,SAFE
1910029,SAFE
1910028,SAFE
200_New_63,SAFE
200_New_65,SAFE
57958,SAFE
60222,SAFE
9802,SAFE
27989,SAFE
86_New109,SAFE
26047,SAFE
W194N155,SAFE
W194N153,SAFE
4884,SAFE
17184,SAFE
11140,SAFE
3137,SAFE
13474,SAFE
3616,SAFE
13917,SAFE
3121,SAFE
W196N057,SAFE
14819,SAFE
2926,SAFE
10705,SAFE
13098,SAFE
95_New_8,SAFE
18124,SAFE
16076,SAFE
3776,SAFE
18123,SAFE
14050,SAFE
34942,SAFE
50240,SAFE
33635,SAFE
32611,SAFE
39920,SAFE
28547,SAFE
50987,SAFE
93_New47,SAFE
W194N129,SAFE
W194N128,SAFE
46387,SAFE
10210,SAFE
64592,SAFE
10848,SAFE
8873,SAFE
17863,SAFE
2493,SAFE
16640,SAFE
W167N031,SAFE
12417,SAFE
40869,SAFE
79_New_21,SAFE
27429,SAFE
079_New_07_D,SAFE
79_New_22,SAFE
79_NEw-23,SAFE
15674,SAFE
3453,SAFE
4957,SAFE
11156,SAFE
11155,SAFE
17151,SAFE
4421,SAFE
9297,SAFE
40687,SAFE
156_NEW4,SAFE
12392,SAFE
6246,SAFE
1979,SAFE
14407,SAFE
17605,SAFE
14406,SAFE
8251,SAFE
13769,SAFE
18042,SAFE
5333,SAFE
156_NEW24,SAFE
156_NEW22,SAFE
51530,SAFE
12395,SAFE
13463,SAFE
37005,SAFE
39527,SAFE
15096,SAFE
15623,SAFE
64319,SAFE
14285,SAFE
22716,SAFE
17108,SAFE
14679,SAFE
8486,SAFE
8487,SAFE
070_NEW,SAFE
11494,SAFE
49635,SAFE
15152,SAFE
15153,SAFE
9003,SAFE
11070,SAFE
8470,SAFE
12613,SAFE
15720,SAFE
9606,SAFE
7626,SAFE
32518,SAFE
3678,SAFE
13208,SAFE
11143,SAFE
4935,SAFE
2891,SAFE
7031,SAFE
31571,SAFE
32290,SAFE
3_New21,SAFE
3847,SAFE
7032,SAFE
32853,SAFE
32835,SAFE
2993,SAFE
156_NEW73,SAFE
156_NEW74,SAFE
156_NEW76,SAFE
156_NEW77,SAFE
26640,SAFE
13351,SAFE
5093,SAFE
24419,SAFE
4576,SAFE
16856,SAFE
New_W188_0256,SAFE
New_W188_0042,SAFE
29124,SAFE
50503,SAFE
29644,SAFE
27413,SAFE
033_New_02_D,SAFE
53579,SAFE
53637,SAFE
16348,SAFE
14761,SAFE
4418,SAFE
4417,SAFE
8576,SAFE
6524,SAFE
10638,SAFE
2382,SAFE
30146,SAFE
41293,SAFE
31207,SAFE
W193N092,SAFE
W193N079,SAFE
W193N095,SAFE
W193N094,SAFE
W193N091,SAFE
11997,SAFE
5712,SAFE
34124,SAFE
39960,SAFE
25797,SAFE
198_New_26,SAFE
2451,SAFE
6584,SAFE
2450,SAFE
12764,SAFE
12768,SAFE
2449,SAFE
12767,SAFE
2452,SAFE
077_NEW4,SAFE
25304,SAFE
30_New_46,SAFE
31456,SAFE
13904,SAFE
13588,SAFE
8739,SAFE
14746,SAFE
35412,SAFE
16446,SAFE
26719,SAFE
7124,SAFE
15409,SAFE
31313,SAFE
36414,SAFE
38793,SAFE
41356,SAFE
38888,SAFE
28730,SAFE
54776,SAFE
86_New11,SAFE
86_New10,SAFE
"39989
",SAFE
24424,SAFE
23369,SAFE
27868,SAFE
10484,SAFE
2246,SAFE
2525,SAFE
198_New_13,SAFE
24089,SAFE
8841,SAFE
10689,SAFE
4470,SAFE
23865,SAFE
82_NEW_161,SAFE
7320,SAFE
17926,SAFE
50884,SAFE
2045,SAFE
12374,SAFE
4094,SAFE
34W_New_1,SAFE
64596,SAFE
8437,SAFE
29550,SAFE
25742,SAFE
23_New_8,SAFE
15642,SAFE
11602,SAFE
9248,SAFE
39220,SAFE
31177,SAFE
24704,SAFE
15205,SAFE
79_New_35,SAFE
NEW13,SAFE
53525,SAFE
53306,SAFE
U24,SAFE
45393,SAFE
U8,SAFE
91_NEW94,SAFE
25494,SAFE
10692,SAFE
5479,SAFE
10085,SAFE
5710,SAFE
13803,SAFE
6512,SAFE
38308,SAFE
31944,SAFE
165_New_31,SAFE
32428,SAFE
165_New_32,SAFE
19_NEW24,SAFE
42154,SAFE
8013,SAFE
3917,SAFE
12176,SAFE
8471,SAFE
10546,SAFE
4314,SAFE
92_New45,SAFE
92_New46,SAFE
41277,SAFE
31754,SAFE
23_New_22,SAFE
26818,SAFE
42073,SAFE
41340,SAFE
29599,SAFE
23096,SAFE
22870,SAFE
4979,SAFE
52021,SAFE
50571,SAFE
50570,SAFE
50619,SAFE
36821,SAFE
36305,SAFE
31605,SAFE
30061,SAFE
5823,SAFE
23729,SAFE
23045,SAFE
66237,SAFE
14575,SAFE
10968,SAFE
17034,SAFE
50555,SAFE
033_New_03_D,SAFE
16125,SAFE
14138,SAFE
2425,SAFE
16585,SAFE
17651,SAFE
14953,SAFE
4664,SAFE
4661,SAFE
14952,SAFE
9957,SAFE
35060,SAFE
4449,SAFE
10673,SAFE
4453,SAFE
33403,SAFE
31538,SAFE
NEW1690049,SAFE
46770,SAFE
7830,SAFE
3484,SAFE
11757,SAFE
9679,SAFE
67621,SAFE
48192,SAFE
48191,SAFE
48592,SAFE
48193,SAFE
48365,SAFE
48031,SAFE
67595,SAFE
67622,SAFE
48283,SAFE
42506,SAFE
4116,SAFE
2001,SAFE
4070,SAFE
10772,SAFE
25390,SAFE
25613,SAFE
36950,SAFE
33846,SAFE
51817,SAFE
51605,SAFE
51813,SAFE
50320,SAFE
195_New_8,SAFE
42133,SAFE
5323,SAFE
16644,SAFE
11016,SAFE
31666,SAFE
10941,SAFE
15035,SAFE
6861,SAFE
16927,SAFE
8829,SAFE
16958,SAFE
4643,SAFE
29632,SAFE
8369,SAFE
9421,SAFE
16160,SAFE
12116,SAFE
12120,SAFE
New_W188_0250,SAFE
New_W188_0244,SAFE
New_W188_0253,SAFE
45643,SAFE
48844,SAFE
58044,SAFE
60266,SAFE
59717,SAFE
34199,SAFE
41824,SAFE
"41824
",SAFE
10021,SAFE
34688,SAFE
W167N024,SAFE
39490,SAFE
38808,SAFE
8877,SAFE
12901,SAFE
2705,SAFE
30263,SAFE
23346,SAFE
79_New_60,SAFE
29701,SAFE
26102,SAFE
117_New_1,SAFE
13450,SAFE
11380,SAFE
34111,SAFE
40011,SAFE
3172,SAFE
W193N135,SAFE
2336,SAFE
14808,SAFE
6579,SAFE
43610,SAFE
34481,SAFE
87_NEW12,SAFE
W190ST118,SAFE
3981,SAFE
29538,SAFE
32255,SAFE
38458,SAFE
38898,SAFE
156_NEW9,SAFE
42221,SAFE
127_NEW_20,SAFE
9022,SAFE
"34534
",SAFE
36891,SAFE
35265,SAFE
29537,SAFE
28397,SAFE
30490,SAFE
25584,SAFE
49009,SAFE
86_New137,SAFE
6035,SAFE
10150,SAFE
14219,SAFE
24169,SAFE
27_New_25,SAFE
9170,SAFE
118_New_2,SAFE
38045,SAFE
82_NEW_170,SAFE
082_New_03_D,SAFE
16590,SAFE
10585,SAFE
86_New72,SAFE
86_New73,SAFE
86_New71,SAFE
82_NEW_78,SAFE
17481,SAFE
3164,SAFE
8821,SAFE
91_NEW115,SAFE
23259,SAFE
11258,SAFE
89_New11,SAFE
29429,SAFE
4683,SAFE
6174,SAFE
179_NEW6,SAFE
5468,SAFE
179_NEW2,SAFE
5469,SAFE
179_NEW1,SAFE
18358,SAFE
16939,SAFE
2225,SAFE
6388,SAFE
4242,SAFE
10463,SAFE
24_NEW100,SAFE
33624,SAFE
31850,SAFE
50572,SAFE
81_NEW16,SAFE
16136,SAFE
3914,SAFE
48610,SAFE
55235,SAFE
6793,SAFE
48988,SAFE
12922,SAFE
43593,SAFE
17759,SAFE
26482,SAFE
7852,SAFE
13778,SAFE
9712,SAFE
55217,SAFE
50850,SAFE
55221,SAFE
7505,SAFE
36556,SAFE
44834,SAFE
44396,SAFE
33064,SAFE
16077,SAFE
9934,SAFE
14031,SAFE
26803,SAFE
16322,SAFE
26475,SAFE
24691,SAFE
24862,SAFE
24864,SAFE
17719,SAFE
16621,SAFE
19_NEW12,SAFE
7498,SAFE
"40861
",SAFE
"38785
",SAFE
17592,SAFE
14337,SAFE
8315,SAFE
28343,SAFE
23_NEW30,SAFE
41802,SAFE
2046,SAFE
38605,SAFE
38091,SAFE
31305,SAFE
13331,SAFE
4911,SAFE
17148,SAFE
2966,SAFE
82_NEW_182,SAFE
32554,SAFE
38913,SAFE
12526,SAFE
14820,SAFE
195_New_28,SAFE
50307,SAFE
4390,SAFE
7351,SAFE
8339,SAFE
16576,SAFE
43W_New_8,SAFE
40127,SAFE
31350,SAFE
29731,SAFE
New_W188_0005,SAFE
46352,SAFE
44763,SAFE
49093,SAFE
8598,SAFE
3825,SAFE
10020,SAFE
6993,SAFE
15179,SAFE
24745,SAFE
29177,SAFE
23305,SAFE
14604,SAFE
10489,SAFE
39475,SAFE
36526,SAFE
34730,SAFE
25_NEW42,SAFE
25358,SAFE
25_NEW30,SAFE
25_NEW43,SAFE
31353,SAFE
17153,SAFE
40761,SAFE
8025,SAFE
29669,SAFE
25426,SAFE
29176,SAFE
32829,SAFE
49584,SAFE
39992,SAFE
9518,SAFE
32299,SAFE
42327,SAFE
68577,SAFE
33824,SAFE
27230,SAFE
156_NEW163,SAFE
49657,SAFE
49643,SAFE
50069,SAFE
32362,SAFE
198_New_58,SAFE
42024,SAFE
30_New_50_D,SAFE
4435,SAFE
16555,SAFE
14549,SAFE
2208,SAFE
2209,SAFE
4227,SAFE
60063,SAFE
13341,SAFE
17326,SAFE
5080,SAFE
48664,SAFE
12191,SAFE
18250,SAFE
34700,SAFE
38562,SAFE
14257,SAFE
12272,SAFE
New_W188_0200,SAFE
8589,SAFE
91_NEW78,SAFE
91_NEW81,SAFE
030_New_03_D,SAFE
W194N056,SAFE
45237,SAFE
14121,SAFE
7943,SAFE
2823,SAFE
12110,SAFE
27897,SAFE
165_New_23,SAFE
41861,SAFE
22964,SAFE
23765,SAFE
29546,SAFE
22_New_14,SAFE
32905,SAFE
7173,SAFE
11328,SAFE
114_New_4,SAFE
5143,SAFE
17370,SAFE
3041,SAFE
15382,SAFE
"40248
",SAFE
14783,SAFE
2965,SAFE
W185ST023,SAFE
31856,SAFE
W192N054,SAFE
36498,SAFE
W192N055,SAFE
W192N053,SAFE
4195,SAFE
New_W188_0215,SAFE
New_W188_0206,SAFE
10581,SAFE
16879,SAFE
DN184STR048,SAFE
DN184STR047,SAFE
34693,SAFE
5830,SAFE
170_NEW1,SAFE
5817,SAFE
7886,SAFE
7842,SAFE
18071,SAFE
43185,SAFE
NEW1690122,SAFE
NEW1690121,SAFE
26800,SAFE
24488,SAFE
13290,SAFE
5587,SAFE
11958,SAFE
4917,SAFE
17158,SAFE
126_New,SAFE
3446,SAFE
35425,SAFE
37030,SAFE
W189ST002,SAFE
40844,SAFE
35610,SAFE
31454,SAFE
43387,SAFE
43388,SAFE
43389,SAFE
9720,SAFE
2550,SAFE
26552,SAFE
49947,SAFE
66249,SAFE
49948,SAFE
66303,SAFE
65848,SAFE
65847,SAFE
65845,SAFE
66294,SAFE
66302,SAFE
23059,SAFE
24398,SAFE
66298,SAFE
65850,SAFE
22820,SAFE
65849,SAFE
13_New7,SAFE
9363,SAFE
2807,SAFE
55873,SAFE
27503,SAFE
22775,SAFE
25997,SAFE
26001,SAFE
27810,SAFE
13664,SAFE
2576,SAFE
33504,SAFE
32276,SAFE
36386,SAFE
42396,SAFE
37236,SAFE
42240,SAFE
4556,SAFE
12830,SAFE
35288,SAFE
27486,SAFE
24338,SAFE
4310,SAFE
10531,SAFE
26825,SAFE
51508,SAFE
8293,SAFE
4235,SAFE
8381,SAFE
4146,SAFE
6344,SAFE
31411,SAFE
39647,SAFE
90_New32,SAFE
29574,SAFE
13779,SAFE
15661,SAFE
12164,SAFE
156_NEW13,SAFE
12997,SAFE
6844,SAFE
10931,SAFE
6850,SAFE
New_13-150,SAFE
44797,SAFE
36815,SAFE
36222,SAFE
38721,SAFE
29103,SAFE
30647,SAFE
11277,SAFE
127_NA_4,SAFE
5962,SAFE
17518,SAFE
15522,SAFE
11474,SAFE
28018,SAFE
44953,SAFE
11340,SAFE
7202,SAFE
198_New_126,SAFE
198_New_106,SAFE
198_New_107,SAFE
15300,SAFE
3889,SAFE
4422,SAFE
127_NEW_21,SAFE
6596,SAFE
23038,SAFE
23914,SAFE
83_New_105,SAFE
24962,SAFE
9159,SAFE
10867,SAFE
15323,SAFE
29_New_4,SAFE
24292,SAFE
5825,SAFE
7033,SAFE
5765,SAFE
30_New_45,SAFE
11422,SAFE
26273,SAFE
New_W188_0278,SAFE
49130,SAFE
29896,SAFE
"31578
",SAFE
36458,SAFE
17672,SAFE
3362,SAFE
15670,SAFE
80_New_2,SAFE
45868,SAFE
25322,SAFE
46803,SAFE
15231,SAFE
13222,SAFE
9088,SAFE
12980,SAFE
41923,SAFE
11000,SAFE
88_NEW31,SAFE
48594,SAFE
48367,SAFE
25339,SAFE
25440,SAFE
6274,SAFE
7261,SAFE
25321,SAFE
26_NEW_92,SAFE
033_New_09_D,SAFE
5098,SAFE
10042,SAFE
39578,SAFE
37341,SAFE
4290,SAFE
14629,SAFE
48081,SAFE
22753,SAFE
31206,SAFE
36029,SAFE
39900,SAFE
36898,SAFE
45020,SAFE
45780,SAFE
42411,SAFE
10660,SAFE
2398,SAFE
"38375
",SAFE
9052,SAFE
4919,SAFE
9051,SAFE
2866,SAFE
25843,SAFE
38520,SAFE
33268,SAFE
35119,SAFE
37649,SAFE
38762,SAFE
24610,SAFE
6701,SAFE
15771,SAFE
9628,SAFE
9601,SAFE
28731,SAFE
29198,SAFE
23351,SAFE
29503,SAFE
22933,SAFE
37118,SAFE
37365,SAFE
W1680011,SAFE
27300,SAFE
25079,SAFE
27550,SAFE
24328,SAFE
51807,SAFE
16_NEW19,SAFE
28816,SAFE
2735,SAFE
15084,SAFE
51690,SAFE
34658,SAFE
15716,SAFE
26205,SAFE
66638,SAFE
68274,SAFE
W193N007,SAFE
18090,SAFE
60253,SAFE
32027,SAFE
8770,SAFE
16929,SAFE
14938,SAFE
W185ST034,SAFE
23955,SAFE
26961,SAFE
23089,SAFE
16035,SAFE
27154,SAFE
34707,SAFE
30593,SAFE
33437,SAFE
24636,SAFE
58796,SAFE
32388,SAFE
50937,SAFE
25448,SAFE
44940,SAFE
38047,SAFE
New_W188_0129,SAFE
34686,SAFE
30939,SAFE
46289,SAFE
11024,SAFE
30260,SAFE
32020,SAFE
26_New_71,SAFE
13078,SAFE
11801,SAFE
13809,SAFE
16319,SAFE
4040,SAFE
36658,SAFE
10856,SAFE
13997,SAFE
28_New_2,SAFE
50890,SAFE
39858,SAFE
44774,SAFE
NEW_183_55,SAFE
30103,SAFE
35751,SAFE
86_New87,SAFE
86_New98,SAFE
29765,SAFE
27016,SAFE
14925,SAFE
U13,SAFE
50075,SAFE
50074,SAFE
50077,SAFE
23_New_21,SAFE
39288,SAFE
W167N035,SAFE
33533,SAFE
15219,SAFE
55383,SAFE
26560,SAFE
2797,SAFE
17232,SAFE
24490,SAFE
24492,SAFE
2077,SAFE
41107,SAFE
33430,SAFE
42098,SAFE
NEW1690041,SAFE
32633,SAFE
22904,SAFE
44955,SAFE
15212,SAFE
2887,SAFE
7028,SAFE
26876,SAFE
13752,SAFE
W1680020,SAFE
23665,SAFE
5807,SAFE
17595,SAFE
7889,SAFE
27836,SAFE
27838,SAFE
10202,SAFE
11505,SAFE
14732,SAFE
12687,SAFE
66622,SAFE
26863,SAFE
9223,SAFE
11477,SAFE
15529,SAFE
57928,SAFE
198_New_2,SAFE
33730,SAFE
198_New_9,SAFE
15384,SAFE
23385,SAFE
23365,SAFE
25180,SAFE
85_NEW9,SAFE
48668,SAFE
200_New_62,SAFE
200_New_67,SAFE
200_New_66,SAFE
29448,SAFE
23692,SAFE
11122,SAFE
15188,SAFE
53625,SAFE
15524,SAFE
11640,SAFE
33669,SAFE
6551,SAFE
12639,SAFE
8594,SAFE
12684,SAFE
4396,SAFE
10615,SAFE
14728,SAFE
27465,SAFE
18280,SAFE
36650,SAFE
31158,SAFE
26341,SAFE
27776,SAFE
92_New110,SAFE
26342,SAFE
24832,SAFE
92_New37,SAFE
82_NEW_184,SAFE
11711,SAFE
17751,SAFE
3823,SAFE
14102,SAFE
30937,SAFE
25776,SAFE
36529,SAFE
38522,SAFE
41876,SAFE
45378,SAFE
45309,SAFE
44827,SAFE
50040,SAFE
58984,SAFE
82_NEW_133,SAFE
25509,SAFE
3303,SAFE
6038,SAFE
4102,SAFE
1962,SAFE
12311,SAFE
4030,SAFE
53596,SAFE
34824,SAFE
41562,SAFE
8853,SAFE
17017,SAFE
4726,SAFE
8852,SAFE
2855,SAFE
29895,SAFE
50897,SAFE
9653,SAFE
7414,SAFE
11194,SAFE
68114,SAFE
27696,SAFE
16907,SAFE
38100,SAFE
156_NEW31,SAFE
16_NEW62,SAFE
27641,SAFE
157_New_6,SAFE
42459,SAFE
55807,SAFE
53927,SAFE
24935,SAFE
25114,SAFE
25388,SAFE
23565,SAFE
28472,SAFE
82_NEW_108,SAFE
6686,SAFE
42002,SAFE
23620,SAFE
4596,SAFE
42790,SAFE
6712,SAFE
12891,SAFE
79_New_55,SAFE
27281,SAFE
12644,SAFE
2583,SAFE
6483,SAFE
4632,SAFE
2329,SAFE
16910,SAFE
4351,SAFE
39713,SAFE
5616,SAFE
17711,SAFE
17847,SAFE
2912,SAFE
9099,SAFE
13236,SAFE
4965,SAFE
15240,SAFE
31302,SAFE
14376,SAFE
32252,SAFE
30927,SAFE
15441,SAFE
15562,SAFE
7345,SAFE
14752,SAFE
12983,SAFE
10924,SAFE
2669,SAFE
27817,SAFE
50486,SAFE
57330,SAFE
41021,SAFE
30708,SAFE
26734,SAFE
8839,SAFE
2352,SAFE
39188,SAFE
49063,SAFE
40280,SAFE
44847,SAFE
5716,SAFE
11998,SAFE
7367,SAFE
7366,SAFE
W196N021,SAFE
29897,SAFE
41854,SAFE
W196N004,SAFE
8944,SAFE
"46063
",SAFE
"39284
",SAFE
32043,SAFE
3130,SAFE
53450,SAFE
53748,SAFE
New_W188_0284,SAFE
New_W188_0139,SAFE
93_New121,SAFE
93_New120,SAFE
93_New117,SAFE
25996,SAFE
13181,SAFE
17155,SAFE
17156,SAFE
11121,SAFE
13180,SAFE
3007,SAFE
11153,SAFE
48236,SAFE
174_NEW2,SAFE
New_W188_0097,SAFE
New_W188_0093,SAFE
48126,SAFE
38350,SAFE
10768,SAFE
56291,SAFE
29078,SAFE
10510,SAFE
2266,SAFE
15463,SAFE
18501,SAFE
13903,SAFE
14715,SAFE
26317,SAFE
28298,SAFE
24505,SAFE
2015,SAFE
16377,SAFE
6464,SAFE
4321,SAFE
4320,SAFE
14668,SAFE
8390,SAFE
9481,SAFE
5361,SAFE
3268,SAFE
38734,SAFE
34311,SAFE
37992,SAFE
31133,SAFE
37584,SAFE
40394,SAFE
45401,SAFE
W185ST030,SAFE
W185ST031,SAFE
W185ST032,SAFE
41374,SAFE
3396,SAFE
14806,SAFE
16787,SAFE
12390,SAFE
29724,SAFE
45956,SAFE
31947,SAFE
40133,SAFE
27719,SAFE
27000,SAFE
28167,SAFE
25421,SAFE
81_NEW10,SAFE
24508,SAFE
27393,SAFE
W167N019,SAFE
W167N025,SAFE
W167N026,SAFE
176_NEW5,SAFE
18039,SAFE
16012,SAFE
10023,SAFE
30156,SAFE
3024,SAFE
5116,SAFE
38134,SAFE
W196N047,SAFE
35858,SAFE
156_NEW85,SAFE
13579,SAFE
46106,SAFE
9303,SAFE
8121,SAFE
16311,SAFE
7388,SAFE
9477,SAFE
4553,SAFE
6064,SAFE
10169,SAFE
16261,SAFE
48232,SAFE
25378,SAFE
23114,SAFE
50904,SAFE
2153,SAFE
8340,SAFE
13722,SAFE
48675,SAFE
48629,SAFE
48677,SAFE
DN083STR075,SAFE
27584,SAFE
24_New_26,SAFE
35493,SAFE
25910,SAFE
13371,SAFE
9270,SAFE
63W_New_16,SAFE
63W_New_17,SAFE
49007,SAFE
39511,SAFE
15609,SAFE
8079,SAFE
83_New_37,SAFE
27904,SAFE
53914,SAFE
48612,SAFE
26288,SAFE
24253,SAFE
36984,SAFE
W167N041,SAFE
31606,SAFE
5795,SAFE
13587,SAFE
3291,SAFE
7763,SAFE
10024,SAFE
3693,SAFE
12951,SAFE
4707,SAFE
8830,SAFE
33818,SAFE
37688,SAFE
W190ST053,SAFE
W190ST050,SAFE
54579,SAFE
28_New_29,SAFE
45546,SAFE
40762,SAFE
26638,SAFE
2778,SAFE
6935,SAFE
3738,SAFE
6188,SAFE
4105,SAFE
8189,SAFE
2007,SAFE
35499,SAFE
NEW1690045,SAFE
31004,SAFE
23124,SAFE
23126,SAFE
24187,SAFE
15650,SAFE
3333,SAFE
17998,SAFE
3835,SAFE
49895,SAFE
33822,SAFE
38495,SAFE
39976,SAFE
31076,SAFE
198_New_18,SAFE
44307,SAFE
35753,SAFE
3115,SAFE
5214,SAFE
16056,SAFE
24205,SAFE
4513,SAFE
1910033,SAFE
6101,SAFE
123_NA_2,SAFE
18318,SAFE
15314,SAFE
43W_New_5,SAFE
18387,SAFE
37379,SAFE
29857,SAFE
37969,SAFE
40035,SAFE
24150,SAFE
3953,SAFE
26356,SAFE
40592,SAFE
12872,SAFE
6697,SAFE
8734,SAFE
New_27_150,SAFE
23162,SAFE
27726,SAFE
33909,SAFE
32762,SAFE
25839,SAFE
50988,SAFE
24158,SAFE
13595,SAFE
13594,SAFE
118_New_1,SAFE
15770,SAFE
10559,SAFE
12625,SAFE
10560,SAFE
6468,SAFE
10554,SAFE
48439,SAFE
48358,SAFE
27916,SAFE
23770,SAFE
53772,SAFE
23773,SAFE
28775,SAFE
28782,SAFE
24197,SAFE
2890,SAFE
23928,SAFE
24080,SAFE
26104,SAFE
46283,SAFE
28063,SAFE
53692,SAFE
53586,SAFE
43272,SAFE
DN184STR023,SAFE
48067,SAFE
25533,SAFE
14613,SAFE
40662,SAFE
16777,SAFE
8614,SAFE
13844,SAFE
16776,SAFE
5646,SAFE
4463,SAFE
17879,SAFE
10683,SAFE
17880,SAFE
12743,SAFE
3555,SAFE
4381,SAFE
16454,SAFE
14437,SAFE
12218,SAFE
7051,SAFE
38018,SAFE
30273,SAFE
6847,SAFE
12992,SAFE
15024,SAFE
94_New_4,SAFE
33847,SAFE
4527,SAFE
"34484
",SAFE
"33421
",SAFE
7916,SAFE
14077,SAFE
92_New106,SAFE
92_NEW362,SAFE
15458,SAFE
15317,SAFE
23908,SAFE
13415,SAFE
17400,SAFE
3582,SAFE
"34099
",SAFE
37679,SAFE
"37679
",SAFE
31336,SAFE
"35276
",SAFE
27296,SAFE
10328,SAFE
7114,SAFE
11243,SAFE
17282,SAFE
50589,SAFE
51854,SAFE
40470,SAFE
34315,SAFE
40015,SAFE
155_New_03_D,SAFE
33958,SAFE
32855,SAFE
35381,SAFE
10016,SAFE
5910,SAFE
33679,SAFE
35741,SAFE
59732,SAFE
W196N078,SAFE
4550,SAFE
15302,SAFE
34339,SAFE
40233,SAFE
31478,SAFE
6749,SAFE
17450,SAFE
11416,SAFE
32750,SAFE
26_NEW131,SAFE
26_NEW133,SAFE
6337,SAFE
5416,SAFE
38993,SAFE
W167N021,SAFE
W167N023,SAFE
37133,SAFE
2479,SAFE
5892,SAFE
42783,SAFE
4775,SAFE
6892,SAFE
28354,SAFE
92_New100,SAFE
92_New98,SAFE
9360,SAFE
11424,SAFE
23688,SAFE
25062,SAFE
38376,SAFE
3890,SAFE
19_NEW34,SAFE
48184,SAFE
8926,SAFE
6903,SAFE
33513,SAFE
27825,SAFE
25211,SAFE
6019,SAFE
14245,SAFE
18306,SAFE
29962,SAFE
45169,SAFE
33990,SAFE
17287,SAFE
17854,SAFE
5946,SAFE
27_New_9,SAFE
8152,SAFE
30384,SAFE
44819,SAFE
32418,SAFE
37727,SAFE
41563,SAFE
24360,SAFE
34154,SAFE
35045,SAFE
41976,SAFE
25498,SAFE
26610,SAFE
55493,SAFE
15561,SAFE
28367,SAFE
63W_New_4,SAFE
63W_New_9,SAFE
9_New7,SAFE
24011,SAFE
29256,SAFE
2024,SAFE
23396,SAFE
28987,SAFE
25476,SAFE
12675,SAFE
3769,SAFE
12040,SAFE
139_NEW4,SAFE
3602,SAFE
46126,SAFE
41378,SAFE
14726,SAFE
36243,SAFE
14109,SAFE
9346,SAFE
9354,SAFE
9353,SAFE
14114,SAFE
New_W188_0239,SAFE
45989,SAFE
9527,SAFE
129_NEW_2,SAFE
51489,SAFE
51491,SAFE
51492,SAFE
25_NEW4,SAFE
59580,SAFE
9_New3,SAFE
190_New_10_D,SAFE
190_New_20_D,SAFE
"31351
",SAFE
190_New_30_D,SAFE
"DN189STR029
",SAFE
190_New_17_D,SAFE
31770,SAFE
29791,SAFE
2060,SAFE
2276,SAFE
15185,SAFE
7702,SAFE
32746,SAFE
7042,SAFE
14620,SAFE
8050,SAFE
51543,SAFE
24155,SAFE
51545,SAFE
51544,SAFE
7863,SAFE
18103,SAFE
7864,SAFE
12026,SAFE
12025,SAFE
25628,SAFE
7135,SAFE
7134,SAFE
11273,SAFE
13327,SAFE
5523,SAFE
5522,SAFE
16174,SAFE
4875,SAFE
15267,SAFE
2936,SAFE
7938,SAFE
5883,SAFE
5777,SAFE
16010,SAFE
3091,SAFE
41619,SAFE
33987,SAFE
41606,SAFE
42097,SAFE
11786,SAFE
24_NEW_1,SAFE
27544,SAFE
W190ST080,SAFE
W190ST081,SAFE
W190ST059,SAFE
31269,SAFE
11239,SAFE
33564,SAFE
33772,SAFE
84_NEW17,SAFE
84_NEW16,SAFE
3069,SAFE
17914,SAFE
13411,SAFE
30324,SAFE
39419,SAFE
34757,SAFE
48796,SAFE
48822,SAFE
16_NEW87,SAFE
16_NEW29,SAFE
37811,SAFE
2955,SAFE
5033,SAFE
7183,SAFE
40534,SAFE
24039,SAFE
16329,SAFE
071_NEW1,SAFE
27032,SAFE
026_New_01_D,SAFE
51506,SAFE
28605,SAFE
33891,SAFE
165_New_14,SAFE
23967,SAFE
29441,SAFE
68064,SAFE
19_NEW37,SAFE
19_NEW38,SAFE
12432,SAFE
55004,SAFE
153rd079,SAFE
065_NEW4,SAFE
13016,SAFE
11892,SAFE
32861,SAFE
15183,SAFE
13162,SAFE
28641,SAFE
28451,SAFE
8114,SAFE
5421,SAFE
13462,SAFE
17554,SAFE
15477,SAFE
18189,SAFE
18507,SAFE
18462,SAFE
40837,SAFE
8900,SAFE
86_New176,SAFE
6459,SAFE
17989,SAFE
5924,SAFE
33816,SAFE
6021,SAFE
16676,SAFE
14330,SAFE
50010,SAFE
50284,SAFE
50037,SAFE
W194N139,SAFE
8024,SAFE
35679,SAFE
38431,SAFE
36838,SAFE
31996,SAFE
6763,SAFE
27548,SAFE
15_NEW_13,SAFE
55709,SAFE
50377,SAFE
29463,SAFE
8351,SAFE
31800,SAFE
12659,SAFE
12658,SAFE
3143,SAFE
11415,SAFE
14560,SAFE
2212,SAFE
53802,SAFE
13480,SAFE
16224,SAFE
2002,SAFE
12337,SAFE
14332,SAFE
13941,SAFE
41663,SAFE
28280,SAFE
23698,SAFE
24397,SAFE
40645,SAFE
36734,SAFE
26783,SAFE
26081,SAFE
4877,SAFE
23426,SAFE
33855,SAFE
68185,SAFE
68246,SAFE
68211,SAFE
68265,SAFE
53564,SAFE
18218,SAFE
31155,SAFE
4824,SAFE
14120,SAFE
7941,SAFE
16065,SAFE
16428,SAFE
4494,SAFE
41477,SAFE
23994,SAFE
1945,SAFE
8113,SAFE
14292,SAFE
1944,SAFE
14293,SAFE
12666,SAFE
"33162
",SAFE
8077,SAFE
93_New24,SAFE
12394,SAFE
8256,SAFE
6146,SAFE
93_New49,SAFE
3292,SAFE
10762,SAFE
9637,SAFE
156_NEW89,SAFE
156_NEW93,SAFE
34292,SAFE
8288,SAFE
9041,SAFE
2854,SAFE
13169,SAFE
31370,SAFE
31_New_19,SAFE
31_New_16,SAFE
28788,SAFE
"32209
",SAFE
33749,SAFE
67686,SAFE
15251,SAFE
13119,SAFE
6982,SAFE
New_W188_0008,SAFE
New_W188_0205,SAFE
46377,SAFE
28310,SAFE
22995,SAFE
2873,SAFE
17071,SAFE
15104,SAFE
17075,SAFE
13075,SAFE
4829,SAFE
15115,SAFE
10385,SAFE
4173,SAFE
8306,SAFE
31604,SAFE
39064,SAFE
30424,SAFE
31785,SAFE
8782,SAFE
35458,SAFE
W189ST004,SAFE
79_New_12,SAFE
23330,SAFE
27470,SAFE
27469,SAFE
32520,SAFE
31966,SAFE
37455,SAFE
23929,SAFE
33708,SAFE
28250,SAFE
12723,SAFE
44349,SAFE
39785,SAFE
36780,SAFE
2150,SAFE
9819,SAFE
16509,SAFE
29290,SAFE
36144,SAFE
45903,SAFE
30134,SAFE
17387,SAFE
17386,SAFE
23477,SAFE
39387,SAFE
17265,SAFE
7099,SAFE
15281,SAFE
30970,SAFE
11804,SAFE
13813,SAFE
28326,SAFE
12655,SAFE
22849,SAFE
26943,SAFE
5321,SAFE
16736,SAFE
3155,SAFE
9370,SAFE
35651,SAFE
23563,SAFE
9685,SAFE
6091,SAFE
12384,SAFE
13465,SAFE
"DN190STR043
",SAFE
48584,SAFE
8479,SAFE
12791,SAFE
31918,SAFE
W193N057,SAFE
35960,SAFE
"49479
",SAFE
W190ST124,SAFE
5921,SAFE
18164,SAFE
51493,SAFE
52015,SAFE
49072,SAFE
49073,SAFE
6555,SAFE
W193N150,SAFE
W193N103,SAFE
2215,SAFE
40845,SAFE
41817,SAFE
42454,SAFE
31143,SAFE
153rd047,SAFE
NEW ROAD 17,SAFE
34934,SAFE
4839,SAFE
34635,SAFE
18034,SAFE
14182,SAFE
6672,SAFE
8718,SAFE
6673,SAFE
14886,SAFE
15785,SAFE
16155,SAFE
140_NEW200,SAFE
7797,SAFE
3690,SAFE
18035,SAFE
16006,SAFE
18065,SAFE
9189,SAFE
10093,SAFE
18227,SAFE
54287,SAFE
37610,SAFE
37251,SAFE
50414,SAFE
13486,SAFE
New_15-150,SAFE
36251,SAFE
31644,SAFE
53761,SAFE
23491,SAFE
23772,SAFE
26404,SAFE
46000,SAFE
14800,SAFE
12750,SAFE
30722,SAFE
33332,SAFE
42168,SAFE
17645,SAFE
3793,SAFE
3794,SAFE
18135,SAFE
37190,SAFE
32189,SAFE
26913,SAFE
9673,SAFE
New_W188_0102,SAFE
25871,SAFE
27939,SAFE
59232,SAFE
59231,SAFE
28558,SAFE
5500,SAFE
5687,SAFE
27157,SAFE
39824,SAFE
50657,SAFE
7641,SAFE
14623,SAFE
5622,SAFE
25593,SAFE
11671,SAFE
17681,SAFE
3186,SAFE
9395,SAFE
156_NEW36,SAFE
156_NEW78,SAFE
156_NEW42,SAFE
156_NEW35,SAFE
156_NEW41,SAFE
156_NEW39,SAFE
36755,SAFE
156_NEW170,SAFE
28491,SAFE
90_New4,SAFE
84_NEW32,SAFE
27265,SAFE
15995,SAFE
5757,SAFE
5758,SAFE
13976,SAFE
29160,SAFE
23304,SAFE
5239,SAFE
17464,SAFE
15555,SAFE
003_New_007_D,SAFE
3_New4,SAFE
15071,SAFE
17052,SAFE
7699,SAFE
9774,SAFE
27545,SAFE
23789,SAFE
86_New134,SAFE
198_New_114,SAFE
31065,SAFE
36W_New_3,SAFE
23457,SAFE
27581,SAFE
14097,SAFE
30988,SAFE
33789,SAFE
30746,SAFE
41215,SAFE
27312,SAFE
2676,SAFE
11437,SAFE
9377,SAFE
15489,SAFE
5255,SAFE
5260,SAFE
32122,SAFE
32127,SAFE
82_NEW_140,SAFE
44405,SAFE
82_NEW_32,SAFE
45690,SAFE
45203,SAFE
68186,SAFE
DN184STR004,SAFE
W193N008,SAFE
44284,SAFE
12527,SAFE
14565,SAFE
30214,SAFE
6339,SAFE
16524,SAFE
46832,SAFE
27365,SAFE
28075,SAFE
27366,SAFE
28965,SAFE
152RD001,SAFE
16778,SAFE
10685,SAFE
29633,SAFE
46855,SAFE
28119,SAFE
28118,SAFE
24014,SAFE
28342,SAFE
55010,SAFE
23941,SAFE
5060,SAFE
"79_NEW200
05",SAFE
79_NEW200,SAFE
"79_NEW200
",SAFE
56296,SAFE
55635,SAFE
17967,SAFE
13926,SAFE
27963,SAFE
24971,SAFE
23859,SAFE
14220,SAFE
13661,SAFE
18281,SAFE
10152,SAFE
10155,SAFE
26543,SAFE
18505,SAFE
18430,SAFE
18435,SAFE
55024,SAFE
24_New_3,SAFE
24_New_51,SAFE
24_New_50,SAFE
93_New60,SAFE
93_New62,SAFE
93_New64,SAFE
13840,SAFE
6173,SAFE
18263,SAFE
6361,SAFE
14546,SAFE
8368,SAFE
4226,SAFE
16554,SAFE
5108,SAFE
91_NEW112,SAFE
49441,SAFE
25_NEW61,SAFE
51585,SAFE
51586,SAFE
50744,SAFE
9497,SAFE
6214,SAFE
38140,SAFE
29839,SAFE
30155,SAFE
32359,SAFE
152RD002,SAFE
199_New_20,SAFE
34415,SAFE
"39867
",SAFE
16623,SAFE
44663,SAFE
41058,SAFE
14534,SAFE
2194,SAFE
158_New_06,SAFE
158_New_07,SAFE
15_NEW_15,SAFE
25680,SAFE
27676,SAFE
38032,SAFE
25012,SAFE
14583,SAFE
10418,SAFE
10420,SAFE
86_New130,SAFE
W192N045,SAFE
41777,SAFE
24477,SAFE
89_New5,SAFE
29573,SAFE
28642,SAFE
38800,SAFE
30161,SAFE
"35490
",SAFE
14753,SAFE
12700,SAFE
4413,SAFE
14751,SAFE
8571,SAFE
8572,SAFE
12865,SAFE
10097,SAFE
26149,SAFE
86_New150,SAFE
38368,SAFE
34561,SAFE
28401,SAFE
26390,SAFE
67607,SAFE
48121,SAFE
28_New_52,SAFE
23424,SAFE
11564,SAFE
5379,SAFE
10800,SAFE
4595,SAFE
10801,SAFE
40870,SAFE
26_New_12,SAFE
26_NEW_10,SAFE
16946,SAFE
13035,SAFE
31013,SAFE
40806,SAFE
16359,SAFE
8170,SAFE
5259,SAFE
40517,SAFE
26744,SAFE
"34840
",SAFE
35638,SAFE
10442,SAFE
2204,SAFE
24875,SAFE
51002,SAFE
50940,SAFE
31101,SAFE
32082,SAFE
33551,SAFE
5295,SAFE
3194,SAFE
82_NEW_122,SAFE
8579,SAFE
2383,SAFE
50566,SAFE
28330,SAFE
2572,SAFE
17784,SAFE
4619,SAFE
12881,SAFE
16902,SAFE
11632,SAFE
8238,SAFE
12376,SAFE
2047,SAFE
"49238
",SAFE
48730,SAFE
16_NEW63,SAFE
48736,SAFE
48731,SAFE
18422,SAFE
16000,SAFE
39390,SAFE
25428,SAFE
29179,SAFE
45880,SAFE
4563,SAFE
8693,SAFE
12844,SAFE
30198,SAFE
156_NEW43,SAFE
003_New_11_D,SAFE
3_New13,SAFE
3_New30,SAFE
50643,SAFE
38556,SAFE
"43710
",SAFE
26862,SAFE
60530,SAFE
59571,SAFE
57794,SAFE
6463,SAFE
8392,SAFE
5213,SAFE
15446,SAFE
9_New1,SAFE
New_W188_0114,SAFE
New_W188_0116,SAFE
51003,SAFE
28719,SAFE
31876,SAFE
28_NEW80,SAFE
59388,SAFE
083_New_02_D,SAFE
53742,SAFE
50613,SAFE
50614,SAFE
10827,SAFE
16896,SAFE
17114,SAFE
33189,SAFE
151RD015,SAFE
33246,SAFE
151RD017,SAFE
16_NEW40,SAFE
182_New3,SAFE
46329,SAFE
8309,SAFE
6926,SAFE
6925,SAFE
2986,SAFE
2985,SAFE
4728,SAFE
2672,SAFE
45400,SAFE
22859,SAFE
19_NEW21,SAFE
28710,SAFE
4397,SAFE
33417,SAFE
41676,SAFE
38715,SAFE
31696,SAFE
190_New_33_D,SAFE
"38877
",SAFE
173_NEW8,SAFE
173_NEW1,SAFE
9043,SAFE
7945,SAFE
18177,SAFE
153rd056,SAFE
7493,SAFE
9875,SAFE
37425,SAFE
40953,SAFE
34675,SAFE
90_New46,SAFE
10131,SAFE
New_18_150,SAFE
36504,SAFE
4833,SAFE
8961,SAFE
2772,SAFE
17087,SAFE
W193N058,SAFE
46064,SAFE
4051,SAFE
5577,SAFE
34553,SAFE
68197,SAFE
68195,SAFE
8427,SAFE
2226,SAFE
30282,SAFE
"39255
",SAFE
"30169
",SAFE
"37196
",SAFE
"43673
",SAFE
15937,SAFE
3647,SAFE
3998,SAFE
10199,SAFE
6457,SAFE
W194N172,SAFE
7823,SAFE
5802,SAFE
9039,SAFE
2847,SAFE
2848,SAFE
4905,SAFE
6994,SAFE
17569,SAFE
48185,SAFE
33181,SAFE
39854,SAFE
156_NEW168,SAFE
28554,SAFE
146RD002,SAFE
38489,SAFE
32238,SAFE
40413,SAFE
33833,SAFE
34114,SAFE
26_New_80,SAFE
16530,SAFE
4207,SAFE
7933,SAFE
14467,SAFE
53684,SAFE
12601,SAFE
14823,SAFE
2459,SAFE
4828,SAFE
8955,SAFE
11705,SAFE
3482,SAFE
46317,SAFE
16499,SAFE
41770,SAFE
38537,SAFE
3894,SAFE
6650,SAFE
6655,SAFE
16_NEW33,SAFE
16_NEW36,SAFE
15159,SAFE
W194N066,SAFE
31151,SAFE
W194N083,SAFE
50194,SAFE
030_New_31_D,SAFE
49551,SAFE
49552,SAFE
58738,SAFE
3566,SAFE
5660,SAFE
55047,SAFE
55050,SAFE
17121,SAFE
42811,SAFE
96_New_5,SAFE
18357,SAFE
5435,SAFE
28524,SAFE
195_New_16,SAFE
195_New_17,SAFE
36436,SAFE
200_New_50,SAFE
10626,SAFE
2243,SAFE
6406,SAFE
49083,SAFE
New_W188_0247,SAFE
W194N009,SAFE
15882,SAFE
27_New_57,SAFE
42082,SAFE
40541,SAFE
3633,SAFE
30_New_18,SAFE
30_New_27,SAFE
30_New_14,SAFE
7804,SAFE
9877,SAFE
53837,SAFE
31162,SAFE
156_NEW91,SAFE
38130,SAFE
156_NEW90,SAFE
156_NEW55,SAFE
7670,SAFE
15887,SAFE
15601,SAFE
9494,SAFE
15602,SAFE
14017,SAFE
3728,SAFE
34320,SAFE
W190ST049,SAFE
W190ST052,SAFE
W190ST138,SAFE
25059,SAFE
22703,SAFE
5310,SAFE
17537,SAFE
33932,SAFE
27577,SAFE
152RD017,SAFE
39162,SAFE
45661,SAFE
29495,SAFE
23340,SAFE
27844,SAFE
W185ST018,SAFE
44567,SAFE
200_New_30,SAFE
7552,SAFE
15116,SAFE
17083,SAFE
2770,SAFE
13087,SAFE
2769,SAFE
6923,SAFE
95_New_6,SAFE
170_New,SAFE
3285,SAFE
17594,SAFE
9492,SAFE
W194N171,SAFE
13096,SAFE
13095,SAFE
29867,SAFE
30841,SAFE
25073,SAFE
12012,SAFE
10914,SAFE
2820,SAFE
157_New_17,SAFE
157_New-12,SAFE
39460,SAFE
5227,SAFE
7017,SAFE
42228,SAFE
39555,SAFE
29956,SAFE
27134,SAFE
23849,SAFE
4297,SAFE
14639,SAFE
49636,SAFE
2519,SAFE
14873,SAFE
14877,SAFE
7517,SAFE
16405,SAFE
NEW ROAD 16,SAFE
39723,SAFE
37714,SAFE
28571,SAFE
11688,SAFE
43410,SAFE
45436,SAFE
45085,SAFE
33761,SAFE
23695,SAFE
86_New100,SAFE
68268,SAFE
68189,SAFE
68188,SAFE
10262,SAFE
4147,SAFE
64303,SAFE
8206,SAFE
3305,SAFE
14374,SAFE
2026,SAFE
14349,SAFE
8211,SAFE
14301,SAFE
40013,SAFE
35200,SAFE
12173,SAFE
7520,SAFE
5495,SAFE
7681,SAFE
13054,SAFE
15297,SAFE
38179,SAFE
26683,SAFE
12497,SAFE
92_New27,SAFE
59622,SAFE
5822,SAFE
14528,SAFE
38230,SAFE
38853,SAFE
27337,SAFE
29671,SAFE
25403,SAFE
27439,SAFE
24760,SAFE
29675,SAFE
28164,SAFE
48694,SAFE
48717,SAFE
50622,SAFE
60121,SAFE
55725,SAFE
29135,SAFE
24548,SAFE
DN080STR005,SAFE
83_New_20,SAFE
83_New_21,SAFE
83_New_19,SAFE
6805,SAFE
4638,SAFE
10906,SAFE
31436,SAFE
153rd055,SAFE
41887,SAFE
60276,SAFE
New_W186_034,SAFE
New_W186_036,SAFE
40974,SAFE
35129,SAFE
9815,SAFE
10137,SAFE
6017,SAFE
14313,SAFE
10235,SAFE
50461,SAFE
36628,SAFE
36045,SAFE
38382,SAFE
New_03_150,SAFE
33445,SAFE
16_NEW61,SAFE
16_NEW72,SAFE
48776,SAFE
9476,SAFE
17579,SAFE
8068,SAFE
18292,SAFE
53845,SAFE
48407,SAFE
26485,SAFE
48477,SAFE
45961,SAFE
2353,SAFE
13548,SAFE
50158,SAFE
32107,SAFE
40200,SAFE
4825,SAFE
9058,SAFE
2875,SAFE
2876,SAFE
9059,SAFE
13186,SAFE
9060,SAFE
13187,SAFE
15197,SAFE
9061,SAFE
2877,SAFE
17161,SAFE
17163,SAFE
15194,SAFE
13190,SAFE
7010,SAFE
15196,SAFE
13189,SAFE
28659,SAFE
86_New177,SAFE
50197,SAFE
53861,SAFE
3408,SAFE
12733,SAFE
39158,SAFE
53749,SAFE
"DN189STR060
",SAFE
35775,SAFE
"26762
",SAFE
8483,SAFE
2310,SAFE
5566,SAFE
35970,SAFE
37964,SAFE
39558,SAFE
197_New_16,SAFE
W167N037,SAFE
35184,SAFE
37817,SAFE
30685,SAFE
37988,SAFE
46001,SAFE
29182,SAFE
2171,SAFE
12500,SAFE
6358,SAFE
7331,SAFE
17527,SAFE
49990,SAFE
49991,SAFE
3061,SAFE
38533,SAFE
9789,SAFE
13378,SAFE
5204,SAFE
3103,SAFE
23629,SAFE
15700,SAFE
25292,SAFE
New_W188_0054,SAFE
49131,SAFE
New_W188_0051,SAFE
New_W188_0055,SAFE
W194N055,SAFE
17253,SAFE
17349,SAFE
2386,SAFE
79_New_49,SAFE
25168,SAFE
3050,SAFE
8092,SAFE
50706,SAFE
33079,SAFE
39859,SAFE
31_New_11,SAFE
3131_New_11,SAFE
55192,SAFE
55195,SAFE
55188,SAFE
29422,SAFE
45608,SAFE
30457,SAFE
31771,SAFE
3905,SAFE
25562,SAFE
23896,SAFE
27508,SAFE
4341,SAFE
8489,SAFE
16666,SAFE
8488,SAFE
4338,SAFE
152RD003,SAFE
27156,SAFE
33022,SAFE
35476,SAFE
42378,SAFE
41017,SAFE
31142,SAFE
41766,SAFE
153rd046,SAFE
3087,SAFE
12775,SAFE
16279,SAFE
31608,SAFE
100_New_2,SAFE
54693,SAFE
22876,SAFE
3577,SAFE
16928,SAFE
8815,SAFE
32690,SAFE
NEW1690108,SAFE
3636,SAFE
5718,SAFE
13942,SAFE
3402,SAFE
16086,SAFE
36374,SAFE
27533,SAFE
16886,SAFE
4605,SAFE
2560,SAFE
51485,SAFE
51486,SAFE
30294,SAFE
41181,SAFE
18414,SAFE
10588,SAFE
2338,SAFE
16689,SAFE
8525,SAFE
8524,SAFE
6494,SAFE
4366,SAFE
2337,SAFE
6493,SAFE
16719,SAFE
4405,SAFE
14744,SAFE
27978,SAFE
12651,SAFE
6698,SAFE
16118,SAFE
31250,SAFE
35091,SAFE
5779,SAFE
5882,SAFE
88_New2,SAFE
30187,SAFE
4311,SAFE
29049,SAFE
53854,SAFE
17492,SAFE
7306,SAFE
32229,SAFE
38516,SAFE
40197,SAFE
2245,SAFE
NEW10,SAFE
37310,SAFE
W1680015,SAFE
090_New_04_D,SAFE
60472,SAFE
59474,SAFE
14725,SAFE
28392,SAFE
2616,SAFE
10079,SAFE
8753,SAFE
18199,SAFE
10066,SAFE
12129,SAFE
12130,SAFE
12131,SAFE
14143,SAFE
197_New_12,SAFE
New_W186_029,SAFE
38283,SAFE
31992,SAFE
42231,SAFE
3026,SAFE
17360,SAFE
5832,SAFE
29716,SAFE
34961,SAFE
32525,SAFE
36663,SAFE
35358,SAFE
32584,SAFE
39621,SAFE
38624,SAFE
22970,SAFE
26054,SAFE
27291,SAFE
25032,SAFE
37423,SAFE
40019,SAFE
48117,SAFE
37315,SAFE
10124,SAFE
3929,SAFE
37050,SAFE
DN184STR003,SAFE
064_NEW24,SAFE
4001,SAFE
33233,SAFE
44298,SAFE
24712,SAFE
14871,SAFE
12837,SAFE
12838,SAFE
4561,SAFE
68053,SAFE
68060,SAFE
92_New52,SAFE
92_New49,SAFE
4998,SAFE
2929,SAFE
4999,SAFE
37847,SAFE
33745,SAFE
40162,SAFE
35205,SAFE
48364,SAFE
30047,SAFE
34159,SAFE
18294,SAFE
14233,SAFE
6062,SAFE
50373,SAFE
50372,SAFE
24765,SAFE
23780,SAFE
46723,SAFE
25806,SAFE
32701,SAFE
29427,SAFE
28044,SAFE
28967,SAFE
25943,SAFE
39882,SAFE
12848,SAFE
44475,SAFE
18_NEW5,SAFE
28708,SAFE
84_NEW13,SAFE
36979,SAFE
30248,SAFE
W190ST020,SAFE
"49414
",SAFE
10630,SAFE
44W_New_6,SAFE
6706,SAFE
16_NEW59,SAFE
26891,SAFE
48442,SAFE
2691,SAFE
6856,SAFE
9023,SAFE
11093,SAFE
82_NEW_88,SAFE
45W_New,SAFE
15899,SAFE
15_NEW_10,SAFE
15884,SAFE
23_New_7,SAFE
23_New_6,SAFE
64304,SAFE
6218,SAFE
14381,SAFE
16399,SAFE
3883,SAFE
80_New_1,SAFE
10122,SAFE
25_NEW12,SAFE
12604,SAFE
18708,SAFE
6449,SAFE
10534,SAFE
10532,SAFE
U39,SAFE
28849,SAFE
2440,SAFE
4481,SAFE
48376,SAFE
45577,SAFE
12624,SAFE
13596,SAFE
156_NEW38,SAFE
34739,SAFE
64944,SAFE
46252,SAFE
27803,SAFE
92_New125,SAFE
92_New26,SAFE
23518,SAFE
91_NEW55,SAFE
26473,SAFE
11406,SAFE
W149RD22,SAFE
4307,SAFE
10533,SAFE
6447,SAFE
14652,SAFE
38927,SAFE
30486,SAFE
165_New_04,SAFE
17539,SAFE
35248,SAFE
31344,SAFE
24044,SAFE
96_New,SAFE
5778,SAFE
5742,SAFE
7800,SAFE
8849,SAFE
41890,SAFE
29810,SAFE
7155,SAFE
18404,SAFE
4586,SAFE
3262,SAFE
33738,SAFE
42013,SAFE
W196N106,SAFE
30516,SAFE
18173,SAFE
3848,SAFE
23040,SAFE
156_NEW69,SAFE
35742,SAFE
19_NEW14,SAFE
26821,SAFE
25_NEW97,SAFE
24557,SAFE
27036,SAFE
50991,SAFE
32078,SAFE
31186,SAFE
32586,SAFE
49739,SAFE
3963,SAFE
9765,SAFE
16528,SAFE
14009,SAFE
15652,SAFE
14010,SAFE
25145,SAFE
92_New111,SAFE
92_New109,SAFE
14526,SAFE
8195,SAFE
45266,SAFE
24726,SAFE
28982,SAFE
32981,SAFE
New_W188_0272,SAFE
4134,SAFE
2072,SAFE
New_W188_0240,SAFE
36308,SAFE
14612,SAFE
45327,SAFE
14878,SAFE
32085,SAFE
9538,SAFE
New_47_150,SAFE
39192,SAFE
37650,SAFE
35212,SAFE
35942,SAFE
84_NEW33,SAFE
New_W188_0160,SAFE
6_New5,SAFE
43W_New_11,SAFE
10474,SAFE
85_NEW30,SAFE
6187,SAFE
1999,SAFE
6257,SAFE
4149,SAFE
29634,SAFE
6985,SAFE
4978,SAFE
24298,SAFE
81_NEW7,SAFE
3514,SAFE
3513,SAFE
156_NEW15,SAFE
156_NEW99,SAFE
200_New_44,SAFE
83_NEW_79,SAFE
29307,SAFE
29713,SAFE
36796,SAFE
25434,SAFE
24371,SAFE
25438,SAFE
60469,SAFE
28535,SAFE
123_New_21,SAFE
123_New_15,SAFE
4006,SAFE
24925,SAFE
23822,SAFE
16374,SAFE
36646,SAFE
41485,SAFE
11296,SAFE
7079,SAFE
17247,SAFE
7904,SAFE
25934,SAFE
28480,SAFE
28475,SAFE
25933,SAFE
24968,SAFE
49146,SAFE
26789,SAFE
44636,SAFE
35348,SAFE
38434,SAFE
40742,SAFE
41461,SAFE
42413,SAFE
38733,SAFE
34147,SAFE
41195,SAFE
31650,SAFE
31257,SAFE
30461,SAFE
41146,SAFE
37894,SAFE
35568,SAFE
29841,SAFE
42233,SAFE
15232,SAFE
7048,SAFE
13223,SAFE
16567,SAFE
16657,SAFE
14664,SAFE
18003,SAFE
7768,SAFE
18002,SAFE
11987,SAFE
9330,SAFE
41294,SAFE
49535,SAFE
49536,SAFE
49495,SAFE
34536,SAFE
83_New_100,SAFE
29016,SAFE
24779,SAFE
152RD008,SAFE
30151,SAFE
152RD004,SAFE
32378,SAFE
152RD022,SAFE
152RD045,SAFE
31011,SAFE
17798,SAFE
30074,SAFE
18264,SAFE
28414,SAFE
42466,SAFE
16990,SAFE
4705,SAFE
50006,SAFE
49927,SAFE
49994,SAFE
49961,SAFE
49996,SAFE
45669,SAFE
5262,SAFE
8805,SAFE
12949,SAFE
16973,SAFE
4684,SAFE
27887,SAFE
11497,SAFE
79_New_27,SAFE
13441,SAFE
14073,SAFE
85_NEW29,SAFE
45281,SAFE
16838,SAFE
53405,SAFE
42645,SAFE
13362,SAFE
42158,SAFE
32879,SAFE
26_NEW_1,SAFE
4_New1_D,SAFE
26511,SAFE
87_NEW20,SAFE
92_New42,SAFE
92_New43,SAFE
3547,SAFE
7222,SAFE
10882,SAFE
12953,SAFE
4692,SAFE
27227,SAFE
144_New_02_D,SAFE
11215,SAFE
5015,SAFE
9416,SAFE
New_W188_0183,SAFE
3612,SAFE
17953,SAFE
5961,SAFE
14150,SAFE
3613,SAFE
7718,SAFE
5700,SAFE
84_NEW11,SAFE
38801,SAFE
34344,SAFE
New_W188_0232,SAFE
27293,SAFE
53665,SAFE
17862,SAFE
5534,SAFE
2222,SAFE
28519,SAFE
42965,SAFE
New_W188_0285,SAFE
New_W188_0138,SAFE
New_W188_0136,SAFE
42794,SAFE
15190,SAFE
7013,SAFE
2134,SAFE
50343,SAFE
50108,SAFE
4856,SAFE
11216,SAFE
15274,SAFE
5014,SAFE
13273,SAFE
15272,SAFE
11218,SAFE
15273,SAFE
9129,SAFE
5017,SAFE
7089,SAFE
5016,SAFE
17254,SAFE
11217,SAFE
2939,SAFE
3767,SAFE
8650,SAFE
48724,SAFE
48723,SAFE
48726,SAFE
27618,SAFE
31441,SAFE
NEW1690017,SAFE
83_New_63,SAFE
83_New_66,SAFE
83_New_64,SAFE
153rd042,SAFE
34709,SAFE
153rd078,SAFE
37177,SAFE
88_New29,SAFE
8638,SAFE
14821,SAFE
8637,SAFE
11747,SAFE
25894,SAFE
23459,SAFE
25887,SAFE
28452,SAFE
28506,SAFE
W193N082,SAFE
24838,SAFE
92_New132,SAFE
92_New133,SAFE
92_New131,SAFE
12300,SAFE
37818,SAFE
34356,SAFE
38272,SAFE
10108,SAFE
43833,SAFE
17497,SAFE
15516,SAFE
17822,SAFE
10157,SAFE
18284,SAFE
44316,SAFE
42090,SAFE
W193N120,SAFE
83_New_39,SAFE
127_NEW,SAFE
50693,SAFE
32367,SAFE
38706,SAFE
W193N081,SAFE
11628,SAFE
3676,SAFE
27964,SAFE
26083,SAFE
81_NEW5,SAFE
81_NEW6,SAFE
81_NEW4,SAFE
81_NEW3,SAFE
34291,SAFE
50176,SAFE
59582,SAFE
60070,SAFE
5967,SAFE
13671,SAFE
5267,SAFE
11442,SAFE
1910013,SAFE
22929,SAFE
6145,SAFE
10219,SAFE
8140,SAFE
46390,SAFE
195_New_34,SAFE
14160,SAFE
3423,SAFE
10396,SAFE
16748,SAFE
37927,SAFE
146RD040,SAFE
34968,SAFE
NEW1690013,SAFE
49137,SAFE
New_W188_0282,SAFE
New_W188_0131,SAFE
44407,SAFE
83_New_7,SAFE
44846,SAFE
5677,SAFE
86_New80,SAFE
86_New81,SAFE
86_New79,SAFE
38W_New,SAFE
26557,SAFE
82_NEW_51,SAFE
82_NEW215,SAFE
25596,SAFE
18_NEW6,SAFE
48290,SAFE
48129,SAFE
48045,SAFE
53860,SAFE
46394,SAFE
45118,SAFE
45578,SAFE
45217,SAFE
45254,SAFE
25713,SAFE
7778,SAFE
3967,SAFE
12228,SAFE
36934,SAFE
11193,SAFE
12385,SAFE
38177,SAFE
30741,SAFE
22_New_21,SAFE
31728,SAFE
156_NEW92,SAFE
39394,SAFE
156_NEW81,SAFE
17803,SAFE
12347,SAFE
24043,SAFE
27524,SAFE
24628,SAFE
27525,SAFE
26900,SAFE
3_New5,SAFE
32875,SAFE
41916,SAFE
11583,SAFE
27925,SAFE
30620,SAFE
33646,SAFE
4703,SAFE
6812,SAFE
10910,SAFE
53824,SAFE
53407,SAFE
35544,SAFE
42104,SAFE
50125,SAFE
19_NEW31,SAFE
67634,SAFE
13771,SAFE
9797,SAFE
45962,SAFE
35398,SAFE
23933,SAFE
25555,SAFE
4121,SAFE
41090,SAFE
W193N107,SAFE
66927,SAFE
23020,SAFE
16275,SAFE
13435,SAFE
17520,SAFE
17462,SAFE
11098,SAFE
198_New_101,SAFE
4832,SAFE
15120,SAFE
2564,SAFE
15517,SAFE
9466,SAFE
27551,SAFE
24073,SAFE
15927,SAFE
11454,SAFE
7302,SAFE
3306,SAFE
9740,SAFE
6217,SAFE
92_New55,SAFE
40739,SAFE
35505,SAFE
34947,SAFE
8354,SAFE
6928,SAFE
7_New5,SAFE
7_New14,SAFE
28466,SAFE
14631,SAFE
16620,SAFE
86_New93,SAFE
86_New86,SAFE
93_New34,SAFE
34588,SAFE
42048,SAFE
24068,SAFE
25586,SAFE
New_W188_0291,SAFE
8832,SAFE
6207,SAFE
12361,SAFE
44881,SAFE
W167N039,SAFE
29747,SAFE
"32315
",SAFE
31994,SAFE
13316,SAFE
30771,SAFE
39889,SAFE
39628,SAFE
53912,SAFE
53894,SAFE
25_NEW112,SAFE
25_NEW6,SAFE
48217,SAFE
48602,SAFE
48544,SAFE
48041,SAFE
2_New7,SAFE
W189ST010,SAFE
44312,SAFE
11095,SAFE
86_New192,SAFE
92_New2,SAFE
35451,SAFE
33182,SAFE
60449,SAFE
"39598
",SAFE
53838,SAFE
53868,SAFE
53840,SAFE
159_NA,SAFE
55013,SAFE
54943,SAFE
41633,SAFE
37056,SAFE
33967,SAFE
40228,SAFE
37189,SAFE
38469,SAFE
37445,SAFE
3726,SAFE
7833,SAFE
7832,SAFE
5586,SAFE
6868,SAFE
91_NEW77,SAFE
91_NEW76,SAFE
8162,SAFE
25726,SAFE
29600,SAFE
49560,SAFE
50886,SAFE
W190ST135,SAFE
49506,SAFE
15360,SAFE
13359,SAFE
10359,SAFE
12411,SAFE
36560,SAFE
39945,SAFE
31721,SAFE
32151,SAFE
33494,SAFE
34301,SAFE
38437,SAFE
37624,SAFE
37926,SAFE
31630,SAFE
7333,SAFE
200_New_12,SAFE
60059,SAFE
59460,SAFE
28043,SAFE
5022,SAFE
198_New_20,SAFE
59676,SAFE
16876,SAFE
064_NEW,SAFE
8817,SAFE
10903,SAFE
4696,SAFE
6799,SAFE
42880,SAFE
11947,SAFE
5708,SAFE
178_NEW10,SAFE
7979,SAFE
18214,SAFE
23711,SAFE
68243,SAFE
16376,SAFE
2011,SAFE
12349,SAFE
9053,SAFE
9054,SAFE
9055,SAFE
7006,SAFE
39243,SAFE
183_New_71,SAFE
183_New_16,SAFE
030_New_6_D,SAFE
17403,SAFE
35698,SAFE
W189ST025,SAFE
W189ST031,SAFE
3496,SAFE
18479,SAFE
26065,SAFE
85_NEW61,SAFE
85_NEW60,SAFE
13753,SAFE
30900,SAFE
11312,SAFE
3022,SAFE
3023,SAFE
3025,SAFE
158_New_02,SAFE
29487,SAFE
7583,SAFE
197_New_61,SAFE
13710,SAFE
3338,SAFE
15260,SAFE
15259,SAFE
14186,SAFE
48349,SAFE
29239,SAFE
55817,SAFE
26933,SAFE
W194N068,SAFE
39681,SAFE
W194N073,SAFE
New_W188_0195,SAFE
12132,SAFE
40202,SAFE
8062,SAFE
18286,SAFE
3720,SAFE
3964,SAFE
8061,SAFE
3674,SAFE
9858,SAFE
18023,SAFE
9864,SAFE
7785,SAFE
13978,SAFE
18022,SAFE
5760,SAFE
9991,SAFE
32645,SAFE
38769,SAFE
165_New_08,SAFE
39862,SAFE
34090,SAFE
W194N138,SAFE
"49246
",SAFE
"49242
",SAFE
"49243
",SAFE
"49244
",SAFE
"49245
",SAFE
8522,SAFE
26562,SAFE
26561,SAFE
27679,SAFE
12331,SAFE
43787,SAFE
12878,SAFE
16070,SAFE
NEW1690031,SAFE
15078,SAFE
17055,SAFE
4781,SAFE
28709,SAFE
48198,SAFE
6253,SAFE
10349,SAFE
36267,SAFE
45644,SAFE
42131,SAFE
40890,SAFE
W193N137,SAFE
64858,SAFE
123_New_14,SAFE
15795,SAFE
9668,SAFE
5565,SAFE
25468,SAFE
40W_New_1,SAFE
35928,SAFE
37448,SAFE
31172,SAFE
30024,SAFE
50583,SAFE
28134,SAFE
50584,SAFE
51839,SAFE
46540,SAFE
W193N023,SAFE
33385,SAFE
3637,SAFE
15964,SAFE
9826,SAFE
18203,SAFE
8101,SAFE
6140,SAFE
6721,SAFE
38999,SAFE
23659,SAFE
60265,SAFE
41574,SAFE
NEW1690071,SAFE
NEW1690074,SAFE
NEW1690073,SAFE
8239,SAFE
16_NEW110,SAFE
15225,SAFE
7045,SAFE
15227,SAFE
5968,SAFE
15357,SAFE
14432,SAFE
10358,SAFE
3066,SAFE
11351,SAFE
35642,SAFE
17864,SAFE
5690,SAFE
11936,SAFE
11927,SAFE
5722,SAFE
92_New63,SAFE
28960,SAFE
92_New62,SAFE
28026,SAFE
92_New57,SAFE
92_New58,SAFE
32478,SAFE
42437,SAFE
39632,SAFE
11514,SAFE
7369,SAFE
9443,SAFE
68215,SAFE
28301,SAFE
67687,SAFE
42383,SAFE
37287,SAFE
49193,SAFE
42439,SAFE
34794,SAFE
41554,SAFE
36760,SAFE
42312,SAFE
16955,SAFE
4669,SAFE
12867,SAFE
10313,SAFE
85_NEW43,SAFE
85_NEW42,SAFE
5691,SAFE
5692,SAFE
15919,SAFE
13899,SAFE
15920,SAFE
15922,SAFE
37474,SAFE
7749,SAFE
6092,SAFE
11645,SAFE
9577,SAFE
16450,SAFE
9708,SAFE
28402,SAFE
26607,SAFE
162_NEW100,SAFE
12273,SAFE
8090,SAFE
15675,SAFE
14632,SAFE
25175,SAFE
2752,SAFE
15873,SAFE
9750,SAFE
9749,SAFE
15872,SAFE
7663,SAFE
9261,SAFE
9269,SAFE
43615,SAFE
12852,SAFE
6676,SAFE
16868,SAFE
15852,SAFE
2863,SAFE
13110,SAFE
2792,SAFE
12466,SAFE
14498,SAFE
14499,SAFE
16512,SAFE
18450,SAFE
4784,SAFE
32409,SAFE
55033,SAFE
5202,SAFE
49075,SAFE
195_New_12,SAFE
195_New_14,SAFE
51942,SAFE
57W_New_2,SAFE
33394,SAFE
40539,SAFE
36219,SAFE
16822,SAFE
14855,SAFE
14854,SAFE
2324,SAFE
4347,SAFE
10572,SAFE
80_New_4,SAFE
11339,SAFE
11338,SAFE
3047,SAFE
11337,SAFE
50869,SAFE
53587,SAFE
30514,SAFE
2188,SAFE
2189,SAFE
2363,SAFE
14736,SAFE
82_NEW_64,SAFE
33602,SAFE
38188,SAFE
39167,SAFE
26875,SAFE
90_New28,SAFE
5225,SAFE
152RD015,SAFE
35114,SAFE
6511,SAFE
24770,SAFE
29695,SAFE
8892,SAFE
13226,SAFE
7924,SAFE
16127,SAFE
7923,SAFE
60410,SAFE
13715,SAFE
6708,SAFE
26653,SAFE
5010,SAFE
17927,SAFE
New_W188_0167,SAFE
New_W188_0170,SAFE
New_W188_0168,SAFE
48725,SAFE
23326,SAFE
23324,SAFE
29704,SAFE
29705,SAFE
27473,SAFE
43090,SAFE
8629,SAFE
10320,SAFE
W193N085,SAFE
DN184STR054,SAFE
DN184STR039,SAFE
8438,SAFE
12302,SAFE
5614,SAFE
2358,SAFE
9093,SAFE
7185,SAFE
6066,SAFE
82_NEW_188,SAFE
25564,SAFE
28681,SAFE
26912,SAFE
25665,SAFE
23417,SAFE
25655,SAFE
25147,SAFE
25308,SAFE
50290,SAFE
7_New28,SAFE
W196N031,SAFE
DN184STR015,SAFE
18321,SAFE
1910025,SAFE
31791,SAFE
31377,SAFE
14069,SAFE
9344,SAFE
16583,SAFE
10429,SAFE
27418,SAFE
40423,SAFE
13970,SAFE
3994,SAFE
3669,SAFE
090_New_13_D,SAFE
11529,SAFE
6910,SAFE
4377,SAFE
50430,SAFE
197_New_10,SAFE
41793,SAFE
37246,SAFE
153rd044,SAFE
14382,SAFE
10303,SAFE
134_new1,SAFE
NEW ROAD 8,SAFE
39981,SAFE
28204,SAFE
48275,SAFE
2646,SAFE
11013,SAFE
7550,SAFE
33220,SAFE
13794,SAFE
15818,SAFE
8240,SAFE
12338,SAFE
16361,SAFE
41601,SAFE
30400,SAFE
44430,SAFE
33_NEW9,SAFE
12963,SAFE
2625,SAFE
2694,SAFE
11491,SAFE
28375,SAFE
6417,SAFE
5314,SAFE
17538,SAFE
86_New23,SAFE
86_New22,SAFE
39287,SAFE
2460,SAFE
5878,SAFE
39633,SAFE
34066,SAFE
39907,SAFE
35498,SAFE
39842,SAFE
38944,SAFE
35561,SAFE
8686,SAFE
17493,SAFE
39719,SAFE
12030,SAFE
14042,SAFE
6484,SAFE
35438,SAFE
41002,SAFE
46096,SAFE
53706,SAFE
53563,SAFE
25106,SAFE
23412,SAFE
071_NA,SAFE
15168,SAFE
6111,SAFE
121_New_6,SAFE
91_NEW82,SAFE
91_NEW75,SAFE
11163,SAFE
49318,SAFE
9393,SAFE
17498,SAFE
5279,SAFE
83_New_11,SAFE
29271,SAFE
16510,SAFE
2149,SAFE
44644,SAFE
41997,SAFE
46507,SAFE
50460,SAFE
36369,SAFE
42417,SAFE
36353,SAFE
5131,SAFE
7191,SAFE
60573,SAFE
5208,SAFE
15689,SAFE
48518,SAFE
48115,SAFE
48277,SAFE
48114,SAFE
48517,SAFE
18269,SAFE
3950,SAFE
195_New_43,SAFE
33898,SAFE
93_New58,SAFE
24678,SAFE
26098,SAFE
53853,SAFE
53858,SAFE
53873,SAFE
53842,SAFE
53855,SAFE
42194,SAFE
30_New_47,SAFE
8317,SAFE
28253,SAFE
53738,SAFE
27424,SAFE
26127,SAFE
29172,SAFE
48265,SAFE
22851,SAFE
New_44_150,SAFE
23753,SAFE
60268,SAFE
44756,SAFE
4419,SAFE
24428,SAFE
22829,SAFE
44761,SAFE
46419,SAFE
New_W188_0090,SAFE
31753,SAFE
3901,SAFE
4733,SAFE
24676,SAFE
45955,SAFE
152RD018,SAFE
35962,SAFE
34915,SAFE
W190ST031,SAFE
"41087
",SAFE
13667,SAFE
3372,SAFE
33569,SAFE
37609,SAFE
29874,SAFE
NEW1690057,SAFE
26727,SAFE
27263,SAFE
4441,SAFE
14788,SAFE
4440,SAFE
13969,SAFE
6055,SAFE
16255,SAFE
16254,SAFE
10163,SAFE
15990,SAFE
NEW1690007,SAFE
41049,SAFE
10375,SAFE
12488,SAFE
23670,SAFE
23569,SAFE
11204,SAFE
41250,SAFE
"41250
",SAFE
198_New_60,SAFE
8173,SAFE
10647,SAFE
6739,SAFE
90_New21,SAFE
25981,SAFE
46731,SAFE
"41707
",SAFE
8695,SAFE
4650,SAFE
6659,SAFE
8776,SAFE
2605,SAFE
6760,SAFE
16936,SAFE
4562,SAFE
27758,SAFE
28532,SAFE
4273,SAFE
27552,SAFE
11450,SAFE
24128,SAFE
20_NEW4,SAFE
28702,SAFE
25716,SAFE
51823,SAFE
43480,SAFE
43468,SAFE
11102,SAFE
14369,SAFE
25751,SAFE
W196N025,SAFE
43266,SAFE
43269,SAFE
39922,SAFE
33297,SAFE
36148,SAFE
44454,SAFE
18336,SAFE
25574,SAFE
13916,SAFE
3404,SAFE
15717,SAFE
11665,SAFE
11615,SAFE
17452,SAFE
11414,SAFE
5234,SAFE
15467,SAFE
44440,SAFE
13444,SAFE
5928,SAFE
93_New79,SAFE
93_New78,SAFE
93_New80,SAFE
"34345
",SAFE
28765,SAFE
8744,SAFE
53960,SAFE
54359,SAFE
55052,SAFE
13560,SAFE
93_New136,SAFE
33775,SAFE
13856,SAFE
11839,SAFE
3561,SAFE
18_NEW3,SAFE
16491,SAFE
48961,SAFE
49102,SAFE
49101,SAFE
13665,SAFE
40981,SAFE
49022,SAFE
36811,SAFE
46480,SAFE
35462,SAFE
31506,SAFE
17089,SAFE
13091,SAFE
8963,SAFE
49190,SAFE
17624,SAFE
7436,SAFE
17625,SAFE
139_NEW,SAFE
7435,SAFE
68077,SAFE
027_New_11_D,SAFE
19_NEW3,SAFE
50523,SAFE
W193N009,SAFE
46139,SAFE
12264,SAFE
5812,SAFE
83_New_14,SAFE
9829,SAFE
3640,SAFE
16140,SAFE
11567,SAFE
12247,SAFE
16175,SAFE
5958,SAFE
3839,SAFE
New_W188_0173,SAFE
9482,SAFE
3270,SAFE
7393,SAFE
11545,SAFE
13573,SAFE
6097,SAFE
W192N022,SAFE
41644,SAFE
15431,SAFE
8094,SAFE
067_NEW1,SAFE
10334,SAFE
18260,SAFE
37131,SAFE
41142,SAFE
158_New_04,SAFE
158_New_05,SAFE
41249,SAFE
3089,SAFE
35857,SAFE
10003,SAFE
7912,SAFE
12072,SAFE
7913,SAFE
14074,SAFE
5899,SAFE
18146,SAFE
18147,SAFE
9036,SAFE
17138,SAFE
6997,SAFE
31531,SAFE
2116,SAFE
14455,SAFE
"DN189STR037
",SAFE
"DN189STR038
",SAFE
"DN189STR039
",SAFE
2332,SAFE
56300,SAFE
17757,SAFE
3486,SAFE
9683,SAFE
38821,SAFE
57648,SAFE
59456,SAFE
49064,SAFE
49065,SAFE
8701,SAFE
34817,SAFE
9179,SAFE
50303,SAFE
3760,SAFE
3549,SAFE
11830,SAFE
10813,SAFE
16884,SAFE
4352,SAFE
86_New19,SAFE
"33235
",SAFE
68075,SAFE
W143rd061,SAFE
51461,SAFE
51484,SAFE
52011,SAFE
15643,SAFE
5419,SAFE
40339,SAFE
157_New_10,SAFE
53744,SAFE
14125,SAFE
16113,SAFE
"DN189STR046
",SAFE
22_NEW_24,SAFE
14505,SAFE
16516,SAFE
34877,SAFE
41437,SAFE
25693,SAFE
5073,SAFE
5072,SAFE
16258,SAFE
11282,SAFE
15331,SAFE
7145,SAFE
11284,SAFE
9203,SAFE
15330,SAFE
17318,SAFE
17324,SAFE
9209,SAFE
2997,SAFE
13336,SAFE
9208,SAFE
5071,SAFE
15329,SAFE
17323,SAFE
5070,SAFE
15328,SAFE
40674,SAFE
U38,SAFE
30200,SAFE
32894,SAFE
12652,SAFE
W143rd002,SAFE
25697,SAFE
17_New_1,SAFE
9491,SAFE
170_NA,SAFE
15599,SAFE
W143rd022,SAFE
W143rd028,SAFE
W143rd026,SAFE
W143rd027,SAFE
W143rd025,SAFE
7385,SAFE
29609,SAFE
83_New_12,SAFE
3589,SAFE
17917,SAFE
7573,SAFE
9926,SAFE
182_New_19,SAFE
7372,SAFE
39617,SAFE
27733,SAFE
15821,SAFE
28130,SAFE
22899,SAFE
27277,SAFE
13678,SAFE
15570,SAFE
40788,SAFE
NEW_183_43,SAFE
13_New2,SAFE
W190ST066,SAFE
W190ST065,SAFE
16120,SAFE
14090,SAFE
14092,SAFE
14091,SAFE
15732,SAFE
2009,SAFE
64673,SAFE
64590,SAFE
50286,SAFE
50016,SAFE
W185ST014,SAFE
50328,SAFE
11763,SAFE
35187,SAFE
32729,SAFE
28327,SAFE
26804,SAFE
28187,SAFE
27687,SAFE
23057,SAFE
3609,SAFE
6732,SAFE
15768,SAFE
13745,SAFE
121_New_1,SAFE
54395,SAFE
5081,SAFE
4210,SAFE
153rd022,SAFE
26308,SAFE
18766,SAFE
11322,SAFE
5125,SAFE
12061,SAFE
New_W188_0209,SAFE
4896,SAFE
37665,SAFE
7_New6,SAFE
7_New4,SAFE
7_New3,SAFE
23054,SAFE
7_New8,SAFE
7_New13,SAFE
35084,SAFE
7_New12,SAFE
25656,SAFE
5175,SAFE
3076,SAFE
26185,SAFE
43182,SAFE
2190,SAFE
8356,SAFE
10491,SAFE
4298,SAFE
8453,SAFE
82_NEW_79,SAFE
26587,SAFE
24_New_47,SAFE
17954,SAFE
5117,SAFE
86_New120,SAFE
28002,SAFE
15_NEW_2,SAFE
15_NEW_11,SAFE
86_New34,SAFE
86_New33,SAFE
26692,SAFE
32830,SAFE
38795,SAFE
30508,SAFE
9876,SAFE
16011,SAFE
9845,SAFE
16013,SAFE
8_New2,SAFE
4701,SAFE
7012,SAFE
15143,SAFE
3430,SAFE
16934,SAFE
53631,SAFE
12208,SAFE
New_14-150,SAFE
25098,SAFE
29328,SAFE
25418,SAFE
26133,SAFE
80_New_9,SAFE
29658,SAFE
41344,SAFE
95_New_7,SAFE
9619,SAFE
17726,SAFE
5507,SAFE
156_NEW101,SAFE
41171,SAFE
1910040,SAFE
1910041,SAFE
16855,SAFE
13031,SAFE
9784,SAFE
28431,SAFE
11480,SAFE
9408,SAFE
25623,SAFE
27323,SAFE
50958,SAFE
W194N147,SAFE
6011,SAFE
17606,SAFE
12064,SAFE
24663,SAFE
15469,SAFE
3139,SAFE
8153,SAFE
16338,SAFE
10234,SAFE
17532,SAFE
17535,SAFE
45946,SAFE
22742,SAFE
29540,SAFE
48753,SAFE
New_W188_0043,SAFE
49084,SAFE
46W_New_1,SAFE
4532,SAFE
13072,SAFE
127_NA_10,SAFE
89_New,SAFE
2631,SAFE
8914,SAFE
10977,SAFE
4778,SAFE
28105,SAFE
23359,SAFE
25736,SAFE
10699,SAFE
16789,SAFE
14396,SAFE
14343,SAFE
13115,SAFE
4889,SAFE
38972,SAFE
33255,SAFE
38797,SAFE
33507,SAFE
11989,SAFE
2157,SAFE
27307,SAFE
5061,SAFE
17311,SAFE
11271,SAFE
156_NEW19,SAFE
9916,SAFE
13849,SAFE
32068,SAFE
55724,SAFE
2935,SAFE
5011,SAFE
86_New36,SAFE
50265,SAFE
53678,SAFE
53697,SAFE
39134,SAFE
49061,SAFE
10043,SAFE
2788,SAFE
8977,SAFE
39570,SAFE
53456,SAFE
12588,SAFE
45080,SAFE
34265,SAFE
4887,SAFE
17128,SAFE
36287,SAFE
3120,SAFE
6147,SAFE
6148,SAFE
1966,SAFE
4049,SAFE
36163,SAFE
W196N087,SAFE
W196N086,SAFE
W196N077,SAFE
37072,SAFE
5746,SAFE
9852,SAFE
11950,SAFE
144_NEW2,SAFE
45345,SAFE
43277,SAFE
NEW_183_31,SAFE
35359,SAFE
"42342
",SAFE
New_W188_0137,SAFE
10504,SAFE
W143rd021,SAFE
"DN189STR008
",SAFE
8988,SAFE
128_NEW5,SAFE
106_New_6,SAFE
197_New_6,SAFE
54483,SAFE
42401,SAFE
5250,SAFE
5247,SAFE
36829,SAFE
W167N033,SAFE
41170,SAFE
35471,SAFE
27332,SAFE
17302,SAFE
9186,SAFE
13317,SAFE
2982,SAFE
2983,SAFE
29674,SAFE
30562,SAFE
NEW ROAD 28,SAFE
33080,SAFE
25309,SAFE
31624,SAFE
25276,SAFE
29019,SAFE
86_New131,SAFE
4837,SAFE
68175,SAFE
28674,SAFE
43229,SAFE
24743,SAFE
1970,SAFE
4053,SAFE
14527,SAFE
16_NEW112,SAFE
16_NEW111,SAFE
36518,SAFE
14756,SAFE
3048,SAFE
3578,SAFE
39027,SAFE
37098,SAFE
43432,SAFE
"49410
",SAFE
"49386
",SAFE
14967,SAFE
2522,SAFE
4628,SAFE
12884,SAFE
4622,SAFE
14922,SAFE
4570,SAFE
6733,SAFE
16909,SAFE
12888,SAFE
6724,SAFE
16911,SAFE
4635,SAFE
16912,SAFE
8673,SAFE
6629,SAFE
6203,SAFE
6204,SAFE
12358,SAFE
64785,SAFE
16391,SAFE
6824,SAFE
15189,SAFE
7005,SAFE
NEW1690019,SAFE
25016,SAFE
86_New62,SAFE
25007,SAFE
86_New65,SAFE
32480,SAFE
5382,SAFE
18401,SAFE
4092,SAFE
4473,SAFE
2434,SAFE
16785,SAFE
13379,SAFE
5149,SAFE
11352,SAFE
7682,SAFE
26577,SAFE
13048,SAFE
10979,SAFE
6753,SAFE
2603,SAFE
68118,SAFE
17334,SAFE
15336,SAFE
5178,SAFE
7334,SAFE
27567,SAFE
"DN189STR013
",SAFE
6989,SAFE
2793,SAFE
17099,SAFE
11049,SAFE
5_New10,SAFE
31663,SAFE
7076,SAFE
4995,SAFE
29027,SAFE
24865,SAFE
27298,SAFE
32988,SAFE
41151,SAFE
14968,SAFE
7664,SAFE
16526,SAFE
2172,SAFE
10423,SAFE
New_W188_0217,SAFE
26134,SAFE
152RD039,SAFE
5095,SAFE
30446,SAFE
50468,SAFE
3615,SAFE
5599,SAFE
15829,SAFE
3502,SAFE
9811,SAFE
18361,SAFE
11776,SAFE
5803,SAFE
13920,SAFE
5979,SAFE
24720,SAFE
32071,SAFE
42204,SAFE
10655,SAFE
4433,SAFE
12714,SAFE
18027,SAFE
11960,SAFE
25_NEW68,SAFE
37530,SAFE
23767,SAFE
151RD008,SAFE
32906,SAFE
15677,SAFE
51845,SAFE
13470,SAFE
007_New7_D,SAFE
3854,SAFE
12430,SAFE
2111,SAFE
8292,SAFE
6289,SAFE
12433,SAFE
2112,SAFE
2113,SAFE
14450,SAFE
12426,SAFE
14445,SAFE
14446,SAFE
17248,SAFE
11419,SAFE
9178,SAFE
17295,SAFE
46521,SAFE
34423,SAFE
200_New_46,SAFE
200_New_53,SAFE
200_New_54,SAFE
23963,SAFE
55049,SAFE
37906,SAFE
9064,SAFE
8908,SAFE
146RD045,SAFE
28287,SAFE
30254,SAFE
24958,SAFE
33203,SAFE
32415,SAFE
10837,SAFE
14919,SAFE
8758,SAFE
48953,SAFE
48312,SAFE
NEW_183_42,SAFE
109_New_2,SAFE
13154,SAFE
39184,SAFE
7951,SAFE
16153,SAFE
153rd066,SAFE
14018,SAFE
59724,SAFE
48431,SAFE
28158,SAFE
162_New_02,SAFE
48750,SAFE
003_New_02-D,SAFE
60249,SAFE
49970,SAFE
49972,SAFE
49977,SAFE
49979,SAFE
37244,SAFE
13908,SAFE
15786,SAFE
13909,SAFE
5384,SAFE
15809,SAFE
31136,SAFE
32702,SAFE
37501,SAFE
42129,SAFE
32436,SAFE
40737,SAFE
18506,SAFE
8505,SAFE
4356,SAFE
16891,SAFE
10816,SAFE
6486,SAFE
3075,SAFE
11357,SAFE
2745,SAFE
48102,SAFE
48169,SAFE
6506,SAFE
10603,SAFE
16699,SAFE
2360,SAFE
10605,SAFE
8547,SAFE
4387,SAFE
10606,SAFE
12676,SAFE
2365,SAFE
14718,SAFE
6504,SAFE
8544,SAFE
4780,SAFE
11667,SAFE
44474,SAFE
30309,SAFE
39739,SAFE
29624,SAFE
25316,SAFE
30885,SAFE
W1680008,SAFE
34234,SAFE
19_NEW8,SAFE
3671,SAFE
2717,SAFE
12927,SAFE
6884,SAFE
14957,SAFE
4666,SAFE
16950,SAFE
29125,SAFE
23271,SAFE
W190ST064,SAFE
17836,SAFE
11582,SAFE
17619,SAFE
15252,SAFE
2923,SAFE
49599,SAFE
25639,SAFE
50881,SAFE
28813,SAFE
10352,SAFE
42052,SAFE
24783,SAFE
14548,SAFE
47W_New_2,SAFE
16538,SAFE
38686,SAFE
43471,SAFE
43470,SAFE
83_New_49,SAFE
50260,SAFE
66238,SAFE
65834,SAFE
9305,SAFE
13422,SAFE
16935,SAFE
15760,SAFE
34085,SAFE
127_NEW8,SAFE
198_New_31,SAFE
198_New_23,SAFE
13479,SAFE
37859,SAFE
180_NA,SAFE
18526,SAFE
40691,SAFE
23756,SAFE
17621,SAFE
9521,SAFE
9522,SAFE
W193N146,SAFE
10427,SAFE
16432,SAFE
4113,SAFE
4110,SAFE
8249,SAFE
18710,SAFE
42022,SAFE
31319,SAFE
13458,SAFE
122_New_1,SAFE
27981,SAFE
24991,SAFE
85_NEW57,SAFE
24817,SAFE
85_NEW58,SAFE
4948,SAFE
11152,SAFE
13219,SAFE
16305,SAFE
14379,SAFE
8100,SAFE
6120,SAFE
3187,SAFE
35485,SAFE
5233,SAFE
45483,SAFE
42822,SAFE
16892,SAFE
11472,SAFE
28231,SAFE
23728,SAFE
New_W188_0227,SAFE
2651,SAFE
16903,SAFE
55653,SAFE
55763,SAFE
"32477
",SAFE
18169,SAFE
13666,SAFE
28062,SAFE
12932,SAFE
5553,SAFE
17781,SAFE
12864,SAFE
12942,SAFE
45849,SAFE
39274,SAFE
39970,SAFE
34659,SAFE
32206,SAFE
40624,SAFE
32725,SAFE
25823,SAFE
38087,SAFE
27167,SAFE
W167N034,SAFE
35450,SAFE
43084,SAFE
12773,SAFE
4496,SAFE
8639,SAFE
30201,SAFE
NEW1690124,SAFE
17354,SAFE
43607,SAFE
50900,SAFE
21_NEW3,SAFE
49076,SAFE
39947,SAFE
3399,SAFE
15715,SAFE
27303,SAFE
85_NEW50,SAFE
12393,SAFE
W149RD18,SAFE
4_New13,SAFE
25912,SAFE
25904,SAFE
88_New20,SAFE
88_New22,SAFE
88_New21,SAFE
27216,SAFE
24389,SAFE
7983,SAFE
12495,SAFE
16540,SAFE
2192,SAFE
27_New_55,SAFE
6428,SAFE
33271,SAFE
24808,SAFE
28436,SAFE
14246,SAFE
6072,SAFE
12253,SAFE
5562,SAFE
11789,SAFE
18057,SAFE
New_W188_0165,SAFE
45612,SAFE
W194N064,SAFE
W194N065,SAFE
W194N067,SAFE
W194N069,SAFE
W194N122,SAFE
2400,SAFE
23_New_10,SAFE
50385,SAFE
50862,SAFE
26_NEW_120,SAFE
7260,SAFE
11407,SAFE
164_New_2,SAFE
27173,SAFE
30943,SAFE
6277,SAFE
16459,SAFE
10276,SAFE
91_NEW31,SAFE
91_NEW42,SAFE
91_NEW32,SAFE
13948,SAFE
3642,SAFE
027_New_06_D,SAFE
29361,SAFE
50963,SAFE
60534,SAFE
16059,SAFE
16061,SAFE
9848,SAFE
7869,SAFE
18374,SAFE
5711,SAFE
12387,SAFE
6239,SAFE
91_NEW37,SAFE
34468,SAFE
45733,SAFE
14341,SAFE
7806,SAFE
12482,SAFE
15755,SAFE
15757,SAFE
60428,SAFE
59729,SAFE
14116,SAFE
22781,SAFE
24224,SAFE
28785,SAFE
13987,SAFE
2388,SAFE
4429,SAFE
82_NEW_61,SAFE
2813,SAFE
22744,SAFE
28404,SAFE
16772,SAFE
7962,SAFE
7835,SAFE
31862,SAFE
36599,SAFE
17004,SAFE
6830,SAFE
8385,SAFE
36091,SAFE
37015,SAFE
"36140
",SAFE
"33660
",SAFE
"33661
",SAFE
13418,SAFE
11360,SAFE
17919,SAFE
7111,SAFE
13289,SAFE
51884,SAFE
7_New17,SAFE
10791,SAFE
39461,SAFE
11919,SAFE
3632,SAFE
New_09_150,SAFE
9570,SAFE
28572,SAFE
64675,SAFE
23213,SAFE
16248,SAFE
3962,SAFE
51856,SAFE
22917,SAFE
33_NEW2,SAFE
16039,SAFE
6765,SAFE
10999,SAFE
27738,SAFE
7077,SAFE
7163,SAFE
183_New_07,SAFE
18272,SAFE
6030,SAFE
158_New_01,SAFE
31078,SAFE
41252,SAFE
38799,SAFE
44603,SAFE
33316,SAFE
11431,SAFE
"DN189STR019
",SAFE
14021,SAFE
30438,SAFE
36665,SAFE
11866,SAFE
33065,SAFE
45734,SAFE
26500,SAFE
16007,SAFE
14410,SAFE
10346,SAFE
33467,SAFE
15372,SAFE
11316,SAFE
15373,SAFE
48293,SAFE
25551,SAFE
W193N011,SAFE
15582,SAFE
15299,SAFE
16_NEW105,SAFE
36997,SAFE
50280,SAFE
38976,SAFE
15950,SAFE
31204,SAFE
31427,SAFE
13985,SAFE
18032,SAFE
W193N046,SAFE
7259,SAFE
48231,SAFE
4339,SAFE
2475,SAFE
14837,SAFE
"DN189STR043
",SAFE
"DN189STR045
",SAFE
"DN189STR047
",SAFE
22749,SAFE
8131,SAFE
8130,SAFE
18465,SAFE
5084,SAFE
40287,SAFE
33888,SAFE
27294,SAFE
23815,SAFE
10648,SAFE
10224,SAFE
10223,SAFE
44860,SAFE
57918,SAFE
49080,SAFE
39105,SAFE
55630,SAFE
4731,SAFE
13065,SAFE
4732,SAFE
2867,SAFE
2023,SAFE
8893,SAFE
93_New67,SAFE
93_New68,SAFE
14694,SAFE
8797,SAFE
4261,SAFE
18153,SAFE
12075,SAFE
26112,SAFE
27006,SAFE
28767,SAFE
3118,SAFE
5221,SAFE
17434,SAFE
15452,SAFE
13499,SAFE
17407,SAFE
17484,SAFE
5240,SAFE
7683,SAFE
12353,SAFE
49117,SAFE
2558,SAFE
91_NEW58,SAFE
14535,SAFE
25489,SAFE
11075,SAFE
4874,SAFE
DN080STR040,SAFE
New_W188_0069,SAFE
New_W188_0241,SAFE
38429,SAFE
60437,SAFE
9572,SAFE
17068,SAFE
17086,SAFE
4809,SAFE
2775,SAFE
New_W188_0106,SAFE
33851,SAFE
40722,SAFE
146RD020,SAFE
195_New_19,SAFE
198_New_57,SAFE
38020,SAFE
14866,SAFE
48702,SAFE
44926,SAFE
13404,SAFE
50078,SAFE
50091,SAFE
33009,SAFE
4112,SAFE
56121,SAFE
10912,SAFE
198_New_27,SAFE
90_New16,SAFE
36741,SAFE
45984,SAFE
23871,SAFE
44804,SAFE
82_NEW_43,SAFE
82_NEW_118,SAFE
35185,SAFE
39971,SAFE
9013,SAFE
44862,SAFE
45770,SAFE
44421,SAFE
40459,SAFE
5043,SAFE
15295,SAFE
9167,SAFE
7956,SAFE
16959,SAFE
100_New,SAFE
4820,SAFE
1987,SAFE
9026,SAFE
11096,SAFE
50381,SAFE
83_New_106,SAFE
5151,SAFE
3045,SAFE
19094,SAFE
W196N071,SAFE
38169,SAFE
46566,SAFE
32541,SAFE
26755,SAFE
10749,SAFE
50346,SAFE
40836,SAFE
156_NEW128,SAFE
9362,SAFE
152RD037,SAFE
23156,SAFE
32641,SAFE
6547,SAFE
14299,SAFE
45867,SAFE
29667,SAFE
3455,SAFE
17218,SAFE
W193N154,SAFE
14554,SAFE
23970,SAFE
27877,SAFE
New_W188_0149,SAFE
90_New64,SAFE
197_New_40,SAFE
60025,SAFE
17346,SAFE
4078,SAFE
14487,SAFE
103_New_5,SAFE
W143rd013,SAFE
W143rd012,SAFE
46406,SAFE
28_New_36,SAFE
4766,SAFE
10166,SAFE
146RD036,SAFE
146RD022,SAFE
146RD033,SAFE
29907,SAFE
40351,SAFE
6625,SAFE
8276,SAFE
86_New149,SAFE
31414,SAFE
5263,SAFE
15497,SAFE
15499,SAFE
3161,SAFE
11336,SAFE
170_NEW15,SAFE
12879,SAFE
10825,SAFE
069_NEW7,SAFE
32286,SAFE
12326,SAFE
8159,SAFE
30071,SAFE
153rd038,SAFE
3849,SAFE
26741,SAFE
10476,SAFE
4250,SAFE
4734,SAFE
2685,SAFE
8858,SAFE
5265,SAFE
8708,SAFE
25045,SAFE
27574,SAFE
85_NEW312,SAFE
27580,SAFE
8971,SAFE
33755,SAFE
27_New_1,SAFE
25884,SAFE
82_NEW_168,SAFE
2281,SAFE
6445,SAFE
17924,SAFE
17829,SAFE
34019,SAFE
36764,SAFE
40693,SAFE
35304,SAFE
13430,SAFE
33460,SAFE
23700,SAFE
28281,SAFE
60053,SAFE
60567,SAFE
28262,SAFE
11709,SAFE
14760,SAFE
32622,SAFE
9398,SAFE
15518,SAFE
15583,SAFE
4504,SAFE
35916,SAFE
35269,SAFE
27_New_27,SAFE
27_New_24,SAFE
67795,SAFE
34002,SAFE
37938,SAFE
"42447
",SAFE
W196N009,SAFE
W196N030,SAFE
17882,SAFE
7625,SAFE
156_NEW103,SAFE
17066,SAFE
12966,SAFE
17457,SAFE
43531,SAFE
16940,SAFE
10582,SAFE
2079,SAFE
16535,SAFE
45479,SAFE
2588,SAFE
16919,SAFE
10851,SAFE
15284,SAFE
2950,SAFE
6514,SAFE
10627,SAFE
30662,SAFE
W194N027,SAFE
39075,SAFE
40758,SAFE
44620,SAFE
7865,SAFE
18099,SAFE
9939,SAFE
18100,SAFE
14034,SAFE
25_NEW89,SAFE
25_NEW88,SAFE
63W_New_1,SAFE
5134,SAFE
82_NEW_91,SAFE
28382,SAFE
82_NEW_90,SAFE
7610,SAFE
18685,SAFE
4671,SAFE
10881,SAFE
32857,SAFE
New_W186_024,SAFE
39961,SAFE
86_New111,SAFE
86_New110,SAFE
30691,SAFE
9062,SAFE
51661,SAFE
199_New_5,SAFE
15761,SAFE
44946,SAFE
12804,SAFE
12802,SAFE
45877,SAFE
10730,SAFE
4517,SAFE
16816,SAFE
2491,SAFE
14849,SAFE
10458,SAFE
4240,SAFE
53382,SAFE
5185,SAFE
3094,SAFE
15854,SAFE
17800,SAFE
18791,SAFE
5572,SAFE
11813,SAFE
30962,SAFE
23_New_4,SAFE
25167,SAFE
16649,SAFE
7335,SAFE
16_NEW114,SAFE
4951,SAFE
25221,SAFE
42086,SAFE
91_NEW8,SAFE
24446,SAFE
183_New_09,SAFE
26_NEW136,SAFE
23289,SAFE
35763,SAFE
13178,SAFE
6365,SAFE
14551,SAFE
16557,SAFE
4212,SAFE
2186,SAFE
8355,SAFE
14532,SAFE
14905,SAFE
W193N026,SAFE
W1680021,SAFE
W1680022,SAFE
31301,SAFE
42407,SAFE
6627,SAFE
13949,SAFE
5724,SAFE
15968,SAFE
11929,SAFE
13852,SAFE
37600,SAFE
33973,SAFE
29921,SAFE
28889,SAFE
45219,SAFE
16436,SAFE
8788,SAFE
11412,SAFE
4140,SAFE
2074,SAFE
10343,SAFE
10344,SAFE
17853,SAFE
8255,SAFE
17747,SAFE
40597,SAFE
49637,SAFE
51848,SAFE
50607,SAFE
7050,SAFE
16836,SAFE
18477,SAFE
92_New38,SAFE
29828,SAFE
37761,SAFE
36621,SAFE
33934,SAFE
31874,SAFE
33896,SAFE
200_New_5,SAFE
200_New_8,SAFE
200_New_9,SAFE
200_New_6,SAFE
200_New_3,SAFE
37741,SAFE
44523,SAFE
27598,SAFE
13850,SAFE
22_New_9,SAFE
26239,SAFE
25263,SAFE
W193N028,SAFE
5704,SAFE
25305,SAFE
26212,SAFE
37142,SAFE
33503,SAFE
42277,SAFE
35953,SAFE
157_New_13,SAFE
18251,SAFE
12193,SAFE
12188,SAFE
42192,SAFE
35512,SAFE
39622,SAFE
35864,SAFE
6988,SAFE
5706,SAFE
16096,SAFE
28698,SAFE
15462,SAFE
5861,SAFE
NEW ROAD 26,SAFE
50083,SAFE
49962,SAFE
50085,SAFE
50084,SAFE
17091,SAFE
4838,SAFE
065_NEW7,SAFE
"30036
",SAFE
"DN189STR023
",SAFE
38820,SAFE
16266,SAFE
26620,SAFE
26402,SAFE
26621,SAFE
18075,SAFE
17826,SAFE
31928,SAFE
33528,SAFE
38493,SAFE
35945,SAFE
30068,SAFE
33526,SAFE
23609,SAFE
59888,SAFE
4020,SAFE
"DN189STR055
",SAFE
"DN189STR056
",SAFE
28316,SAFE
67717,SAFE
50851,SAFE
50977,SAFE
50976,SAFE
28830,SAFE
40846,SAFE
86_New64,SAFE
40566,SAFE
44258,SAFE
6999,SAFE
44971,SAFE
46440,SAFE
8624,SAFE
4479,SAFE
16788,SAFE
17308,SAFE
24926,SAFE
36499,SAFE
40968,SAFE
New_W188_0094,SAFE
New_W188_0283,SAFE
13725,SAFE
15745,SAFE
29714,SAFE
41013,SAFE
34987,SAFE
16648,SAFE
45619,SAFE
W193N017,SAFE
91_NEW41,SAFE
49132,SAFE
9195,SAFE
10535,SAFE
8659,SAFE
8462,SAFE
4309,SAFE
24020,SAFE
13315,SAFE
11543,SAFE
28285,SAFE
4587,SAFE
12858,SAFE
35356,SAFE
5589,SAFE
36667,SAFE
38465,SAFE
30154,SAFE
42181,SAFE
39585,SAFE
38596,SAFE
W190ST127,SAFE
"40632
",SAFE
"38876
",SAFE
New_21_150,SAFE
29893,SAFE
086_New_4_D,SAFE
2865,SAFE
3450,SAFE
16546,SAFE
33114,SAFE
W190ST116,SAFE
U11,SAFE
24714,SAFE
50496,SAFE
33532,SAFE
2642,SAFE
10597,SAFE
13291,SAFE
13296,SAFE
18008,SAFE
18288,SAFE
10162,SAFE
16252,SAFE
22909,SAFE
23148,SAFE
24306,SAFE
53918,SAFE
24791,SAFE
53917,SAFE
82_NEW_76,SAFE
25143,SAFE
26568,SAFE
10378,SAFE
030_New_29_D,SAFE
14399,SAFE
10326,SAFE
12382,SAFE
11964,SAFE
38265,SAFE
30346,SAFE
31573,SAFE
40816,SAFE
37544,SAFE
10453,SAFE
13819,SAFE
55376,SAFE
24992,SAFE
12689,SAFE
16743,SAFE
30601,SAFE
W190ST030,SAFE
10643,SAFE
40160,SAFE
33743,SAFE
12680,SAFE
15174,SAFE
11613,SAFE
48601,SAFE
22848,SAFE
26312,SAFE
22990,SAFE
200_New_40,SAFE
3219,SAFE
7632,SAFE
13827,SAFE
7633,SAFE
9723,SAFE
15850,SAFE
17856,SAFE
9745,SAFE
3318,SAFE
34666,SAFE
50024,SAFE
49566,SAFE
8136,SAFE
8135,SAFE
15268,SAFE
6967,SAFE
12082,SAFE
16740,SAFE
2543,SAFE
17380,SAFE
9280,SAFE
48721,SAFE
48720,SAFE
48719,SAFE
48718,SAFE
48696,SAFE
25179,SAFE
33_NEW8,SAFE
29470,SAFE
50596,SAFE
2687,SAFE
6996,SAFE
25488,SAFE
23751,SAFE
84_NEW23,SAFE
18595,SAFE
3651,SAFE
40530,SAFE
35868,SAFE
31707,SAFE
14198,SAFE
DN184STR022,SAFE
32055,SAFE
32789,SAFE
92_New16,SAFE
7881,SAFE
35140,SAFE
9448,SAFE
11524,SAFE
23_NEW_26,SAFE
29518,SAFE
45449,SAFE
28001,SAFE
86_New75,SAFE
86_New74,SAFE
23826,SAFE
53568,SAFE
9464,SAFE
New_W188_0179,SAFE
New_W188_0287,SAFE
16669,SAFE
28672,SAFE
38743,SAFE
125_New_1,SAFE
27249,SAFE
31967,SAFE
146RD027,SAFE
31_New_22,SAFE
92_New64,SAFE
92_New70,SAFE
92_New69,SAFE
92_New67,SAFE
92_New65,SAFE
W192N003,SAFE
16931,SAFE
42844,SAFE
W194N013,SAFE
W194N126,SAFE
3635,SAFE
10191,SAFE
10190,SAFE
16278,SAFE
121_New_3,SAFE
2229,SAFE
W190ST045,SAFE
W190ST007,SAFE
W190ST004,SAFE
W190ST006,SAFE
"DN190STR010
",SAFE
W190ST133,SAFE
35112,SAFE
9455,SAFE
15566,SAFE
34412,SAFE
38530,SAFE
48478,SAFE
35848,SAFE
41320,SAFE
31068,SAFE
88_New30,SAFE
24215,SAFE
88_New13,SAFE
28474,SAFE
88_New33,SAFE
088_New_01_D,SAFE
27756,SAFE
68286,SAFE
10201,SAFE
4012,SAFE
4013,SAFE
33185,SAFE
6381,SAFE
16566,SAFE
8389,SAFE
6384,SAFE
6385,SAFE
12528,SAFE
12529,SAFE
6213,SAFE
17157,SAFE
11123,SAFE
13188,SAFE
"33310
",SAFE
"49253
",SAFE
"37031
",SAFE
23069,SAFE
2253,SAFE
18052,SAFE
16607,SAFE
7036,SAFE
7035,SAFE
4938,SAFE
24165,SAFE
48234,SAFE
16_NEW3,SAFE
30188,SAFE
42207,SAFE
NEW1690048,SAFE
18549,SAFE
28690,SAFE
55726,SAFE
26263,SAFE
35788,SAFE
37437,SAFE
41223,SAFE
3695,SAFE
116_New,SAFE
13304,SAFE
27884,SAFE
43813,SAFE
54392,SAFE
11913,SAFE
15946,SAFE
7627,SAFE
10724,SAFE
14844,SAFE
5058,SAFE
13459,SAFE
5215,SAFE
9329,SAFE
32437,SAFE
32671,SAFE
W193N073,SAFE
127_NEW256,SAFE
15146,SAFE
W194N145,SAFE
W194N006,SAFE
8750,SAFE
4618,SAFE
11060,SAFE
24772,SAFE
2419,SAFE
6558,SAFE
6415,SAFE
151RD002,SAFE
39160,SAFE
14517,SAFE
32817,SAFE
26368,SAFE
16742,SAFE
26989,SAFE
27387,SAFE
18170,SAFE
40420,SAFE
10706,SAFE
50626,SAFE
12484,SAFE
2173,SAFE
2174,SAFE
12481,SAFE
7966,SAFE
18197,SAFE
85_NEW32,SAFE
18125,SAFE
12049,SAFE
81_NEW14,SAFE
81_NEW1,SAFE
8509,SAFE
New_W188_0073,SAFE
NEW ROAD 18,SAFE
64677,SAFE
2830,SAFE
31645,SAFE
30468,SAFE
153rd051,SAFE
40750,SAFE
10069,SAFE
18201,SAFE
44687,SAFE
195_New_36,SAFE
11972,SAFE
3691,SAFE
3553,SAFE
28086,SAFE
90_New5,SAFE
26007,SAFE
24346,SAFE
New_W188_0065,SAFE
5972,SAFE
W194N103,SAFE
9474,SAFE
3505,SAFE
13453,SAFE
11384,SAFE
3110,SAFE
11554,SAFE
11552,SAFE
11553,SAFE
9963,SAFE
18113,SAFE
42019,SAFE
10551,SAFE
10253,SAFE
14325,SAFE
24533,SAFE
28135,SAFE
156_NEW172_D,SAFE
6606,SAFE
4680,SAFE
6787,SAFE
34426,SAFE
38432,SAFE
23980,SAFE
51482,SAFE
15123,SAFE
11025,SAFE
6929,SAFE
15124,SAFE
13093,SAFE
9336,SAFE
127_NEW9,SAFE
7915,SAFE
5900,SAFE
14075,SAFE
37247,SAFE
39001,SAFE
7157,SAFE
56356,SAFE
45498,SAFE
30564,SAFE
33137,SAFE
90_New,SAFE
90_New62,SAFE
3617,SAFE
6371,SAFE
4230,SAFE
"43751
",SAFE
49740,SAFE
153rd041,SAFE
9844,SAFE
W192N047,SAFE
22823,SAFE
7_NA,SAFE
3198,SAFE
5529,SAFE
51934,SAFE
35413,SAFE
13991,SAFE
13449,SAFE
37816,SAFE
39438,SAFE
W194N156,SAFE
W194N146,SAFE
W194N061,SAFE
53791,SAFE
46414,SAFE
23931,SAFE
41905,SAFE
43573,SAFE
23286,SAFE
14991,SAFE
33868,SAFE
DN017STR006,SAFE
79_New_76,SAFE
49715,SAFE
49716,SAFE
49563,SAFE
13562,SAFE
W192N017,SAFE
51569,SAFE
26639,SAFE
26826,SAFE
27090,SAFE
26_New_51,SAFE
26_New_72,SAFE
86_New173,SAFE
86_New167,SAFE
45765,SAFE
NEW ROAD 23,SAFE
30822,SAFE
23840,SAFE
9143,SAFE
13157,SAFE
50378,SAFE
36967,SAFE
New_W188_0246,SAFE
46669,SAFE
W194N031,SAFE
197_New_19,SAFE
82_NEW_121,SAFE
114_99999_3,SAFE
114_99999_1,SAFE
43098,SAFE
53696,SAFE
NEW_183_32,SAFE
43286,SAFE
27576,SAFE
28427,SAFE
27575,SAFE
4848,SAFE
4846,SAFE
4847,SAFE
4673,SAFE
14577,SAFE
4044,SAFE
83_New_59,SAFE
14201,SAFE
8028,SAFE
10869,SAFE
6761,SAFE
8020,SAFE
9696,SAFE
18239,SAFE
5939,SAFE
5938,SAFE
37697,SAFE
37192,SAFE
40294,SAFE
30610,SAFE
10379,SAFE
34036,SAFE
103_New_3,SAFE
103_NA_5,SAFE
103_NA_6,SAFE
103_NA_7,SAFE
103_New_7,SAFE
13703,SAFE
8622,SAFE
13070,SAFE
82_NEW_132,SAFE
82_NEW_89,SAFE
82_NEW_135,SAFE
82_NEW_136,SAFE
82_NEW_45,SAFE
82_NEW_183,SAFE
25600,SAFE
82_NEW_87,SAFE
W143rd052,SAFE
60261,SAFE
New_41_150,SAFE
New_38_150,SAFE
59581,SAFE
3599,SAFE
3088,SAFE
7227,SAFE
5181,SAFE
3086,SAFE
17410,SAFE
44674,SAFE
17127,SAFE
197_New_58,SAFE
32537,SAFE
3717,SAFE
14005,SAFE
5328,SAFE
156_NEW8,SAFE
14202,SAFE
49239,SAFE
41370,SAFE
41727,SAFE
11509,SAFE
9943,SAFE
3376,SAFE
22864,SAFE
50386,SAFE
35697,SAFE
25_NEW84,SAFE
6216,SAFE
45319,SAFE
5056,SAFE
26672,SAFE
2709,SAFE
35714,SAFE
92_New25,SAFE
5199,SAFE
10526,SAFE
12973,SAFE
5353,SAFE
12641,SAFE
40823,SAFE
32432,SAFE
DN189STR033,SAFE
W190ST057,SAFE
"35165
",SAFE
"49462
",SAFE
"29923
",SAFE
W190ST060,SAFE
W190ST061,SAFE
W190ST062,SAFE
14521,SAFE
27402,SAFE
33476,SAFE
129_NEW-2,SAFE
16_NEW64,SAFE
48773,SAFE
48781,SAFE
48779,SAFE
48778,SAFE
48772,SAFE
16_NEW60,SAFE
13641,SAFE
32502,SAFE
32732,SAFE
25945,SAFE
16652,SAFE
17300,SAFE
199_New_16,SAFE
36654,SAFE
2958,SAFE
27017,SAFE
W196N006,SAFE
4623,SAFE
8756,SAFE
3529,SAFE
5066,SAFE
5065,SAFE
7140,SAFE
16529,SAFE
12092,SAFE
38582,SAFE
W193N097,SAFE
9325,SAFE
166_NEW2,SAFE
7240,SAFE
7238,SAFE
5201,SAFE
5203,SAFE
14601,SAFE
25353,SAFE
10177,SAFE
182_New_16,SAFE
12251,SAFE
18305,SAFE
120_New_1,SAFE
32061,SAFE
37726,SAFE
36006,SAFE
31635,SAFE
34720,SAFE
16119,SAFE
11867,SAFE
14670,SAFE
3900,SAFE
34413,SAFE
3541,SAFE
7646,SAFE
49919,SAFE
35850,SAFE
56355,SAFE
9787,SAFE
27178,SAFE
31846,SAFE
35664,SAFE
U6,SAFE
18261,SAFE
12389,SAFE
50994,SAFE
50983,SAFE
New_W188_0220,SAFE
53474,SAFE
15994,SAFE
28624,SAFE
29723,SAFE
22979,SAFE
W193N071,SAFE
16268,SAFE
24656,SAFE
23012,SAFE
023_New_02_D,SAFE
023_New_03_D,SAFE
17092,SAFE
48356,SAFE
13376,SAFE
5147,SAFE
New_W188_0052,SAFE
New_W188_0063,SAFE
16083,SAFE
33599,SAFE
39939,SAFE
34371,SAFE
7030,SAFE
10304,SAFE
30616,SAFE
33101,SAFE
3_New28_D,SAFE
34075,SAFE
18425,SAFE
9907,SAFE
8016,SAFE
14115,SAFE
34645,SAFE
36792,SAFE
37957,SAFE
18010,SAFE
3622,SAFE
59752,SAFE
55768,SAFE
47999,SAFE
48558,SAFE
48233,SAFE
22978,SAFE
22818,SAFE
27665,SAFE
23258,SAFE
91_NEW119,SAFE
17729,SAFE
10115,SAFE
11597,SAFE
15635,SAFE
5409,SAFE
3317,SAFE
9528,SAFE
15636,SAFE
5513,SAFE
11249,SAFE
9169,SAFE
25881,SAFE
17604,SAFE
4790,SAFE
50306,SAFE
11641,SAFE
10141,SAFE
16126,SAFE
51995,SAFE
51468,SAFE
"40583
",SAFE
"40734
",SAFE
"42283
",SAFE
32506,SAFE
39058,SAFE
17_New_16,SAFE
17_New_41,SAFE
93_New22,SAFE
87_NEW18,SAFE
25967,SAFE
16449,SAFE
37566,SAFE
17995,SAFE
45966,SAFE
32400,SAFE
35899,SAFE
50245,SAFE
24442,SAFE
53901,SAFE
33767,SAFE
12671,SAFE
DN080STR026,SAFE
32565,SAFE
36921,SAFE
36987,SAFE
33614,SAFE
39661,SAFE
30373,SAFE
7073,SAFE
5603,SAFE
7944,SAFE
13109,SAFE
23867,SAFE
23440,SAFE
48168,SAFE
26534,SAFE
16680,SAFE
14697,SAFE
12645,SAFE
16681,SAFE
33292,SAFE
38635,SAFE
6139,SAFE
6138,SAFE
41628,SAFE
92_New128,SAFE
24458,SAFE
14907,SAFE
6702,SAFE
46556,SAFE
28429,SAFE
198_New_4,SAFE
198_New_7,SAFE
13871,SAFE
064_NEW2,SAFE
34276,SAFE
31100,SAFE
NEW1690140,SAFE
9162,SAFE
10625,SAFE
4398,SAFE
6112,SAFE
26313,SAFE
44848,SAFE
25393,SAFE
17238,SAFE
23381,SAFE
23380,SAFE
29651,SAFE
12696,SAFE
4394,SAFE
12699,SAFE
35606,SAFE
33217,SAFE
34476,SAFE
44811,SAFE
17728,SAFE
17611,SAFE
160_New_2,SAFE
14104,SAFE
16130,SAFE
10063,SAFE
165_New_27,SAFE
2472,SAFE
14836,SAFE
4506,SAFE
12784,SAFE
12781,SAFE
6560,SAFE
8694,SAFE
83_New_25,SAFE
53715,SAFE
50107,SAFE
25832,SAFE
49642,SAFE
83_New_120,SAFE
9249,SAFE
79_NEW 360,SAFE
44793,SAFE
9999,SAFE
7950,SAFE
45304,SAFE
92_New29,SAFE
92_New31,SAFE
92_New32,SAFE
92_New34,SAFE
37167,SAFE
43147,SAFE
50330,SAFE
51622,SAFE
38099,SAFE
29413,SAFE
59730,SAFE
8347,SAFE
16008,SAFE
28338,SAFE
W194N123,SAFE
39326,SAFE
W194N124,SAFE
33093,SAFE
125_99999_2,SAFE
22_NEW_26,SAFE
13136,SAFE
58208,SAFE
9002,SAFE
40031,SAFE
45384,SAFE
54912,SAFE
16456,SAFE
18503,SAFE
17951,SAFE
18416,SAFE
18513,SAFE
9793,SAFE
18429,SAFE
"49475
",SAFE
W190ST119,SAFE
17396,SAFE
95_New_5,SAFE
10810,SAFE
33673,SAFE
37057,SAFE
41632,SAFE
7078,SAFE
17242,SAFE
13260,SAFE
6679,SAFE
16350,SAFE
128_NEW16,SAFE
26513,SAFE
27644,SAFE
17515,SAFE
17514,SAFE
2497,SAFE
2498,SAFE
59701,SAFE
38930,SAFE
5911,SAFE
33652,SAFE
48390,SAFE
40353,SAFE
67629,SAFE
48186,SAFE
29642,SAFE
50541,SAFE
29598,SAFE
W185ST024,SAFE
16694,SAFE
16161,SAFE
6414,SAFE
16129,SAFE
3827,SAFE
10480,SAFE
31147,SAFE
30307,SAFE
15207,SAFE
27629,SAFE
23651,SAFE
27092,SAFE
12559,SAFE
11556,SAFE
17587,SAFE
4305,SAFE
10538,SAFE
14653,SAFE
12647,SAFE
82_NEW_101,SAFE
91_NEW9,SAFE
32059,SAFE
13007,SAFE
10944,SAFE
8869,SAFE
27325,SAFE
33616,SAFE
19_NEW99,SAFE
30956,SAFE
35553,SAFE
7309,SAFE
39345,SAFE
35149,SAFE
41101,SAFE
27456,SAFE
26567,SAFE
22736,SAFE
29472,SAFE
4852,SAFE
9373,SAFE
15486,SAFE
17471,SAFE
24773,SAFE
16_NEW99,SAFE
7862,SAFE
12023,SAFE
3747,SAFE
5849,SAFE
9846,SAFE
17542,SAFE
68276,SAFE
6601,SAFE
2477,SAFE
64317,SAFE
17899,SAFE
"32717
",SAFE
4807,SAFE
8973,SAFE
13099,SAFE
30595,SAFE
33510,SAFE
28321,SAFE
38160,SAFE
197_New_22,SAFE
7673,SAFE
49940,SAFE
50191,SAFE
49938,SAFE
49937,SAFE
50244,SAFE
25520,SAFE
26316,SAFE
22834,SAFE
23606,SAFE
23943,SAFE
8719,SAFE
29224,SAFE
7433,SAFE
67605,SAFE
48589,SAFE
48441,SAFE
8482,SAFE
14776,SAFE
92_New114,SAFE
92_New112,SAFE
34166,SAFE
36785,SAFE
40959,SAFE
6632,SAFE
W189ST005,SAFE
37517,SAFE
7738,SAFE
39407,SAFE
5391,SAFE
9513,SAFE
9837,SAFE
17531,SAFE
127_NEW20,SAFE
8913,SAFE
198_New_47,SAFE
36971,SAFE
18205,SAFE
38333,SAFE
34761,SAFE
38113,SAFE
31037,SAFE
31990,SAFE
53680,SAFE
53514,SAFE
53864,SAFE
5172,SAFE
"43724
",SAFE
16769,SAFE
6561,SAFE
6495,SAFE
8528,SAFE
8527,SAFE
35998,SAFE
45784,SAFE
"DN190STR012
",SAFE
"DN190STR009
",SAFE
"43757
",SAFE
33641,SAFE
35096,SAFE
39841,SAFE
35178,SAFE
40179,SAFE
33585,SAFE
14474,SAFE
15204,SAFE
17175,SAFE
17174,SAFE
55205,SAFE
28317,SAFE
42826,SAFE
32475,SAFE
35703,SAFE
156_NEW3,SAFE
27273,SAFE
25594,SAFE
48765,SAFE
153rd016,SAFE
82_NEW_40,SAFE
25417,SAFE
2549,SAFE
39127,SAFE
58W_NA_5,SAFE
40104,SAFE
23136,SAFE
23390,SAFE
32282,SAFE
15400,SAFE
9291,SAFE
13719,SAFE
10742,SAFE
29990,SAFE
36333,SAFE
41944,SAFE
33516,SAFE
35439,SAFE
32302,SAFE
17741,SAFE
11695,SAFE
New_W188_0118,SAFE
New_W188_0122,SAFE
153rd070,SAFE
4797,SAFE
11358,SAFE
11359,SAFE
13416,SAFE
3073,SAFE
9779,SAFE
28443,SAFE
8278,SAFE
22_NEW_13,SAFE
8285,SAFE
5504,SAFE
16416,SAFE
6231,SAFE
16941,SAFE
2312,SAFE
23437,SAFE
4488,SAFE
10704,SAFE
12772,SAFE
12885,SAFE
175_new-2,SAFE
16_NEW83,SAFE
48728,SAFE
11546,SAFE
3173,SAFE
"38600
",SAFE
"31577
",SAFE
"39728
",SAFE
"29852
",SAFE
5135,SAFE
22896,SAFE
41431,SAFE
153rd034,SAFE
34973,SAFE
15436,SAFE
36381,SAFE
7219,SAFE
8310,SAFE
35291,SAFE
27549,SAFE
39380,SAFE
38722,SAFE
35343,SAFE
25679,SAFE
29081,SAFE
54486,SAFE
54412,SAFE
51827,SAFE
45844,SAFE
59695,SAFE
48667,SAFE
4426,SAFE
12711,SAFE
8582,SAFE
10651,SAFE
10650,SAFE
8581,SAFE
49814,SAFE
27327,SAFE
23842,SAFE
83_New_6,SAFE
53649,SAFE
53473,SAFE
53384,SAFE
53702,SAFE
6031,SAFE
7280,SAFE
28528,SAFE
23025,SAFE
27826,SAFE
38072,SAFE
16890,SAFE
6703,SAFE
14903,SAFE
14672,SAFE
36535,SAFE
25314,SAFE
7056,SAFE
11165,SAFE
17947,SAFE
3490,SAFE
17820,SAFE
85_NEW28,SAFE
18025,SAFE
18033,SAFE
13981,SAFE
18026,SAFE
13980,SAFE
34069,SAFE
5552,SAFE
3985,SAFE
5383,SAFE
13590,SAFE
55633,SAFE
55636,SAFE
48752,SAFE
79_New_42,SAFE
15310,SAFE
11261,SAFE
50208,SAFE
39096,SAFE
50394,SAFE
14100,SAFE
16545,SAFE
16544,SAFE
54909,SAFE
54898,SAFE
15397,SAFE
067_NA,SAFE
3413,SAFE
16_NEW5,SAFE
16_NEW81,SAFE
46016,SAFE
45076,SAFE
3323,SAFE
31419,SAFE
"30876
",SAFE
22754,SAFE
45904,SAFE
36082,SAFE
8477,SAFE
10550,SAFE
11387,SAFE
3439,SAFE
10571,SAFE
2322,SAFE
16761,SAFE
2406,SAFE
11579,SAFE
18799,SAFE
85_NEW16,SAFE
123_New_5,SAFE
4980,SAFE
9257,SAFE
15376,SAFE
5130,SAFE
4122,SAFE
NEW1690089,SAFE
40407,SAFE
34867,SAFE
42353,SAFE
38786,SAFE
38421,SAFE
46376,SAFE
2552,SAFE
16872,SAFE
16873,SAFE
5027,SAFE
13279,SAFE
17266,SAFE
11232,SAFE
17268,SAFE
26572,SAFE
65835,SAFE
35106,SAFE
41693,SAFE
35215,SAFE
30419,SAFE
3_New41,SAFE
24810,SAFE
40567,SAFE
2620,SAFE
46732,SAFE
38655,SAFE
38234,SAFE
29117,SAFE
9631,SAFE
5864,SAFE
18121,SAFE
16075,SAFE
3773,SAFE
81_NEW24,SAFE
27044,SAFE
11521,SAFE
13554,SAFE
68176,SAFE
86_New169,SAFE
86_New172,SAFE
4741,SAFE
8860,SAFE
27331,SAFE
23458,SAFE
23119,SAFE
38971,SAFE
11066,SAFE
14949,SAFE
4655,SAFE
25644,SAFE
26539,SAFE
28282,SAFE
U30,SAFE
10001,SAFE
10171,SAFE
3280,SAFE
13583,SAFE
48468,SAFE
153rd061,SAFE
153rd057,SAFE
48238,SAFE
60256,SAFE
46761,SAFE
34600,SAFE
156_NEW102,SAFE
NEW1690063,SAFE
31680,SAFE
6580,SAFE
8626,SAFE
22806,SAFE
27743,SAFE
17_New_37,SAFE
W196N101,SAFE
W196N104,SAFE
W196N105,SAFE
50115,SAFE
4505,SAFE
11833,SAFE
16810,SAFE
33667,SAFE
15604,SAFE
12250,SAFE
17281,SAFE
13288,SAFE
15292,SAFE
17251,SAFE
082_New_04_D,SAFE
31046,SAFE
32695,SAFE
12585,SAFE
15587,SAFE
7387,SAFE
3260,SAFE
30878,SAFE
12442,SAFE
6881,SAFE
6883,SAFE
27235,SAFE
New_W188_0057,SAFE
New_W188_0280,SAFE
39780,SAFE
4132,SAFE
6288,SAFE
8289,SAFE
10_New_01_D,SAFE
12144,SAFE
29074,SAFE
New_W188_0098,SAFE
9597,SAFE
45129,SAFE
39690,SAFE
33771,SAFE
3_New37,SAFE
33024,SAFE
5515,SAFE
25580,SAFE
3325,SAFE
12761,SAFE
49500,SAFE
31048,SAFE
24785,SAFE
27380,SAFE
12618,SAFE
7172,SAFE
15220,SAFE
44787,SAFE
079_New_08_D,SAFE
57644,SAFE
28796,SAFE
2529,SAFE
8703,SAFE
30403,SAFE
39205,SAFE
2267,SAFE
16619,SAFE
14628,SAFE
16647,SAFE
12581,SAFE
2265,SAFE
38044,SAFE
8645,SAFE
3551,SAFE
5104,SAFE
11310,SAFE
7176,SAFE
5107,SAFE
13357,SAFE
6521,SAFE
27255,SAFE
4654,SAFE
2610,SAFE
12921,SAFE
48534,SAFE
43289,SAFE
"33296
",SAFE
26925,SAFE
24091,SAFE
16260,SAFE
23414,SAFE
23803,SAFE
27556,SAFE
11150,SAFE
50337,SAFE
51629,SAFE
198_New_122,SAFE
198_New_123,SAFE
14028,SAFE
3743,SAFE
7849,SAFE
18089,SAFE
46160,SAFE
14267,SAFE
35906,SAFE
5511,SAFE
17730,SAFE
7158,SAFE
1910030,SAFE
38399,SAFE
32907,SAFE
40338,SAFE
4529,SAFE
11901,SAFE
13910,SAFE
9911,SAFE
55218,SAFE
50395,SAFE
35601,SAFE
39450,SAFE
33142,SAFE
34477,SAFE
36936,SAFE
48792,SAFE
195_New_22,SAFE
51600,SAFE
29091,SAFE
83_New_74,SAFE
5430,SAFE
6546,SAFE
10515,SAFE
8681,SAFE
W196N109,SAFE
9047,SAFE
14921,SAFE
1910009,SAFE
38781,SAFE
51582,SAFE
6735,SAFE
53756,SAFE
15967,SAFE
79_New_69,SAFE
79_New_67,SAFE
79_New_68,SAFE
79_NEW300,SAFE
79_New_80,SAFE
6430,SAFE
10506,SAFE
2516,SAFE
12910,SAFE
12121,SAFE
29522,SAFE
53580,SAFE
51904,SAFE
33638,SAFE
51855,SAFE
3131,SAFE
New_W188_0223,SAFE
183_New_63,SAFE
36295,SAFE
2521,SAFE
50213,SAFE
50090,SAFE
50087,SAFE
41781,SAFE
41630,SAFE
9094,SAFE
13215,SAFE
17213,SAFE
17214,SAFE
9096,SAFE
17211,SAFE
27274,SAFE
41377,SAFE
29_NA,SAFE
5165,SAFE
15398,SAFE
5168,SAFE
3060,SAFE
18163,SAFE
15909,SAFE
13743,SAFE
80_New_12,SAFE
29661,SAFE
44365,SAFE
9655,SAFE
42016,SAFE
32312,SAFE
38693,SAFE
9670,SAFE
14317,SAFE
38347,SAFE
W196N010,SAFE
W196N011,SAFE
10928,SAFE
10927,SAFE
"DN185STR001
",SAFE
2306,SAFE
50389,SAFE
22854,SAFE
50588,SAFE
17216,SAFE
6593,SAFE
55213,SAFE
29380,SAFE
25_NEW8,SAFE
25_NEW52,SAFE
29433,SAFE
30145,SAFE
W192N019,SAFE
39361,SAFE
24485,SAFE
"31299
",SAFE
"33076
",SAFE
24852,SAFE
32965,SAFE
39813,SAFE
35214,SAFE
35917,SAFE
New_W186_025,SAFE
36238,SAFE
New_W186_027,SAFE
59311,SAFE
35406,SAFE
8490,SAFE
16_NEW102,SAFE
25959,SAFE
27997,SAFE
14569,SAFE
16100,SAFE
W1680007,SAFE
29229,SAFE
66251,SAFE
14312,SAFE
24933,SAFE
36756,SAFE
3680,SAFE
11962,SAFE
24994,SAFE
86_New101,SAFE
27986,SAFE
26015,SAFE
45917,SAFE
24238,SAFE
4282,SAFE
6426,SAFE
197_New_55,SAFE
16794,SAFE
4236,SAFE
"39275
",SAFE
35068,SAFE
"33295
",SAFE
"31948
",SAFE
5473,SAFE
22755,SAFE
24142,SAFE
26421,SAFE
23782,SAFE
069_NEW9,SAFE
9656,SAFE
43243,SAFE
18715,SAFE
48680,SAFE
48679,SAFE
29847,SAFE
15954,SAFE
25890,SAFE
56324,SAFE
12638,SAFE
4564,SAFE
"9871
",SAFE
46720,SAFE
24987,SAFE
44997,SAFE
28426,SAFE
29070,SAFE
29069,SAFE
26_New_60,SAFE
16194,SAFE
16745,SAFE
10260,SAFE
68299,SAFE
27061,SAFE
66540,SAFE
12596,SAFE
8452,SAFE
14647,SAFE
8455,SAFE
16636,SAFE
10525,SAFE
14646,SAFE
54447,SAFE
29529,SAFE
082_New_06_D,SAFE
3821,SAFE
32687,SAFE
4572,SAFE
14690,SAFE
198_New_97,SAFE
6529,SAFE
59742,SAFE
59741,SAFE
57926,SAFE
81_NEW 90,SAFE
2755,SAFE
4822,SAFE
6918,SAFE
2763,SAFE
15106,SAFE
6919,SAFE
2764,SAFE
15107,SAFE
86_New76,SAFE
26362,SAFE
W194N118,SAFE
W194N119,SAFE
18120,SAFE
44718,SAFE
42189,SAFE
4591,SAFE
60254,SAFE
10959,SAFE
W196N073,SAFE
2834,SAFE
40596,SAFE
44227,SAFE
2849,SAFE
19091,SAFE
9625,SAFE
2038,SAFE
41680,SAFE
13489,SAFE
156_NEW157,SAFE
86_New21,SAFE
22908,SAFE
23312,SAFE
3181,SAFE
3257,SAFE
44998,SAFE
31567,SAFE
26957,SAFE
48348,SAFE
28272,SAFE
"43695
",SAFE
W190ST098,SAFE
14435,SAFE
51431,SAFE
36689,SAFE
35171,SAFE
40814,SAFE
40323,SAFE
4592,SAFE
6678,SAFE
15494,SAFE
W143rd009,SAFE
W143rd011,SAFE
8283,SAFE
10365,SAFE
24_New_43,SAFE
200_New_31,SAFE
36981,SAFE
41971,SAFE
31216,SAFE
197_New_15,SAFE
New_W186_041,SAFE
10371,SAFE
39293,SAFE
161_New_9,SAFE
31060,SAFE
15420,SAFE
2600,SAFE
DN184STR029,SAFE
34634,SAFE
36285,SAFE
42195,SAFE
40511,SAFE
5737,SAFE
50548,SAFE
36564,SAFE
31522,SAFE
25072,SAFE
25901,SAFE
17505,SAFE
3986,SAFE
2327,SAFE
83_New_33,SAFE
23683,SAFE
24759,SAFE
25621,SAFE
17940,SAFE
29612,SAFE
5286,SAFE
32211,SAFE
165_New_29,SAFE
127_NEW10,SAFE
31493,SAFE
90_New9,SAFE
48757,SAFE
48751,SAFE
3321,SAFE
13621,SAFE
2238,SAFE
3718,SAFE
9906,SAFE
156_NEW147,SAFE
82_NEW_82,SAFE
45275,SAFE
82_NEW_200,SAFE
18072,SAFE
New_W188_0218,SAFE
4786,SAFE
48060,SAFE
33198,SAFE
29000,SAFE
38922,SAFE
3509,SAFE
3347,SAFE
48722,SAFE
40067,SAFE
32814,SAFE
W193N098,SAFE
30689,SAFE
35345,SAFE
35443,SAFE
11451,SAFE
7300,SAFE
8414,SAFE
26461,SAFE
28926,SAFE
25203,SAFE
29442,SAFE
25190,SAFE
25296,SAFE
27360,SAFE
32_new5,SAFE
45581,SAFE
26613,SAFE
28991,SAFE
27839,SAFE
40143,SAFE
13509,SAFE
3243,SAFE
53406,SAFE
53724,SAFE
"32862
",SAFE
36277,SAFE
49304,SAFE
41559,SAFE
W192N013,SAFE
W192N012,SAFE
48598,SAFE
82_NEW_165,SAFE
46793,SAFE
11126,SAFE
18832,SAFE
35608,SAFE
34405,SAFE
26949,SAFE
9866,SAFE
5697,SAFE
37043,SAFE
68521,SAFE
48536,SAFE
W193N143,SAFE
30815,SAFE
W193N148,SAFE
45467,SAFE
40706,SAFE
W193N144,SAFE
33184,SAFE
45256,SAFE
8662,SAFE
52045,SAFE
34708,SAFE
28101,SAFE
24498,SAFE
27846,SAFE
13964,SAFE
64297,SAFE
12340,SAFE
2039,SAFE
068_NEW2,SAFE
20_NEW5,SAFE
2389,SAFE
3286,SAFE
48665,SAFE
48666,SAFE
48669,SAFE
68210,SAFE
24570,SAFE
40363,SAFE
4960,SAFE
13399,SAFE
17391,SAFE
3063,SAFE
5166,SAFE
7021,SAFE
11138,SAFE
7645,SAFE
10866,SAFE
48224,SAFE
48553,SAFE
86_New1,SAFE
18385,SAFE
27003,SAFE
38718,SAFE
16605,SAFE
14611,SAFE
43044,SAFE
80_New_40,SAFE
198_New_69,SAFE
60148,SAFE
15085,SAFE
16308,SAFE
6909,SAFE
5380,SAFE
4656,SAFE
3487,SAFE
2379,SAFE
14755,SAFE
6522,SAFE
14754,SAFE
26565,SAFE
13420,SAFE
3236,SAFE
15448,SAFE
11871,SAFE
9770,SAFE
4834,SAFE
2612,SAFE
39994,SAFE
36132,SAFE
42446,SAFE
30682,SAFE
New_W188_0021,SAFE
38726,SAFE
6572,SAFE
2430,SAFE
6571,SAFE
14802,SAFE
15133,SAFE
4849,SAFE
17094,SAFE
27468,SAFE
New_05_150,SAFE
New_04_150,SAFE
16479,SAFE
16480,SAFE
4172,SAFE
27_New_20,SAFE
27_New_22,SAFE
4265,SAFE
12563,SAFE
59715,SAFE
49540,SAFE
6215,SAFE
152RD029,SAFE
12109,SAFE
064_NEW6,SAFE
New_42_150,SAFE
12009,SAFE
14016,SAFE
60576,SAFE
1_New2,SAFE
10553,SAFE
6466,SAFE
4323,SAFE
4901,SAFE
2837,SAFE
17142,SAFE
198_New_63,SAFE
13894,SAFE
41287,SAFE
8827,SAFE
2878,SAFE
43W_New_15,SAFE
35890,SAFE
36528,SAFE
50068,SAFE
40485,SAFE
29288,SAFE
50076,SAFE
2236,SAFE
12546,SAFE
16397,SAFE
23952,SAFE
39248,SAFE
34081,SAFE
7034,SAFE
8358,SAFE
179_NEW5,SAFE
9896,SAFE
18049,SAFE
25128,SAFE
26467,SAFE
23523,SAFE
91_NEW118,SAFE
10556,SAFE
2301,SAFE
14787,SAFE
34845,SAFE
26228,SAFE
11063,SAFE
8409,SAFE
55527,SAFE
46W_New,SAFE
7937,SAFE
22695,SAFE
22692,SAFE
25196,SAFE
4956,SAFE
3912,SAFE
8007,SAFE
31070,SAFE
146RD038,SAFE
41271,SAFE
30048,SAFE
38490,SAFE
36540,SAFE
7906,SAFE
16716,SAFE
14737,SAFE
8562,SAFE
4404,SAFE
14743,SAFE
6519,SAFE
4403,SAFE
16718,SAFE
2374,SAFE
18731,SAFE
13968,SAFE
12287,SAFE
53698,SAFE
11190,SAFE
30430,SAFE
38497,SAFE
156_NEW7,SAFE
16343,SAFE
30073,SAFE
W190ST022,SAFE
W190ST021,SAFE
4788,SAFE
13051,SAFE
4785,SAFE
34340,SAFE
8069,SAFE
14232,SAFE
6052,SAFE
10161,SAFE
18287,SAFE
14816,SAFE
5009,SAFE
11074,SAFE
50605,SAFE
11137,SAFE
15218,SAFE
7480,SAFE
35646,SAFE
35492,SAFE
49021,SAFE
DN184STR002,SAFE
4_New3,SAFE
17427,SAFE
9322,SAFE
10059,SAFE
4443,SAFE
4254,SAFE
12552,SAFE
1994,SAFE
15150,SAFE
6964,SAFE
6963,SAFE
17737,SAFE
10728,SAFE
12776,SAFE
16505,SAFE
80_New_10,SAFE
9007,SAFE
11077,SAFE
11076,SAFE
53549,SAFE
53633,SAFE
29656,SAFE
34518,SAFE
38386,SAFE
5244,SAFE
15003,SAFE
4757,SAFE
10805,SAFE
2141,SAFE
"33353
",SAFE
8123,SAFE
16312,SAFE
16310,SAFE
93_New106,SAFE
14814,SAFE
8627,SAFE
3138,SAFE
27176,SAFE
39818,SAFE
28656,SAFE
66773,SAFE
25643,SAFE
41399,SAFE
37858,SAFE
42499,SAFE
5985,SAFE
18304,SAFE
8884,SAFE
24375,SAFE
31888,SAFE
12811,SAFE
16142,SAFE
37526,SAFE
36489,SAFE
38626,SAFE
46498,SAFE
48674,SAFE
48673,SAFE
36517,SAFE
12739,SAFE
122_New,SAFE
41499,SAFE
25102,SAFE
6586,SAFE
12485,SAFE
7395,SAFE
2544,SAFE
10796,SAFE
93_New98,SAFE
W185ST003,SAFE
15622,SAFE
45651,SAFE
31660,SAFE
14834,SAFE
153rd037,SAFE
48560,SAFE
12982,SAFE
13167,SAFE
11766,SAFE
13789,SAFE
9691,SAFE
13791,SAFE
13905,SAFE
25283,SAFE
12702,SAFE
40642,SAFE
27414,SAFE
23275,SAFE
22867,SAFE
25720,SAFE
14237,SAFE
18302,SAFE
12136,SAFE
11734,SAFE
9880,SAFE
9927,SAFE
15781,SAFE
48027,SAFE
26747,SAFE
35997,SAFE
200_New_42,SAFE
23451,SAFE
89_New17,SAFE
27791,SAFE
157_New_20,SAFE
7700,SAFE
14054,SAFE
9970,SAFE
156_NEW152,SAFE
15735,SAFE
14370,SAFE
82_NEW_86,SAFE
12038,SAFE
12039,SAFE
DN184STR009,SAFE
40314,SAFE
15380,SAFE
45272,SAFE
48744,SAFE
16_NEW80,SAFE
53774,SAFE
53784,SAFE
3_New35,SAFE
3_New38_D,SAFE
3_New17,SAFE
9151,SAFE
9154,SAFE
25197,SAFE
9788,SAFE
3415,SAFE
24504,SAFE
86_New188,SAFE
127_NA_7,SAFE
11091,SAFE
New_W188_0030,SAFE
37293,SAFE
12458,SAFE
2139,SAFE
23363,SAFE
29139,SAFE
57792,SAFE
37274,SAFE
144_New_06_D,SAFE
6581,SAFE
127_NA_8,SAFE
10984,SAFE
New_W188_0212,SAFE
59584,SAFE
59587,SAFE
29702,SAFE
17_New_32,SAFE
11727,SAFE
NEW ROAD 30,SAFE
26633,SAFE
12799,SAFE
6619,SAFE
8040,SAFE
16643,SAFE
8300,SAFE
18344,SAFE
3387,SAFE
3882,SAFE
18021,SAFE
7783,SAFE
48353,SAFE
25369,SAFE
26389,SAFE
34038,SAFE
42000,SAFE
89_New12,SAFE
13202,SAFE
48523,SAFE
68633,SAFE
176_NEW6,SAFE
38573,SAFE
68621,SAFE
12566,SAFE
12564,SAFE
14610,SAFE
2405,SAFE
15615,SAFE
44623,SAFE
38239,SAFE
37108,SAFE
32278,SAFE
2076,SAFE
6256,SAFE
9775,SAFE
6727,SAFE
24592,SAFE
29266,SAFE
8729,SAFE
4996,SAFE
11197,SAFE
22690,SAFE
27095,SAFE
2811,SAFE
15166,SAFE
7662,SAFE
50961,SAFE
26739,SAFE
41711,SAFE
53419,SAFE
30426,SAFE
34391,SAFE
W196N007,SAFE
18408,SAFE
198_New_109,SAFE
26706,SAFE
10951,SAFE
4693,SAFE
36592,SAFE
13787,SAFE
"39344
",SAFE
W190ST035,SAFE
6297,SAFE
13332,SAFE
9201,SAFE
5068,SAFE
9200,SAFE
12724,SAFE
16829,SAFE
85_NEW72,SAFE
16882,SAFE
10809,SAFE
4603,SAFE
W190ST100,SAFE
45533,SAFE
13834,SAFE
26398,SAFE
23848,SAFE
60062,SAFE
22721,SAFE
6474,SAFE
11759,SAFE
3092,SAFE
15430,SAFE
5187,SAFE
15428,SAFE
7138,SAFE
16042,SAFE
39502,SAFE
29902,SAFE
25958,SAFE
5879,SAFE
15419,SAFE
9384,SAFE
15500,SAFE
16548,SAFE
12501,SAFE
10440,SAFE
10441,SAFE
12502,SAFE
6355,SAFE
8361,SAFE
2200,SAFE
6356,SAFE
8362,SAFE
6357,SAFE
27345,SAFE
60571,SAFE
11680,SAFE
13708,SAFE
7160,SAFE
W155N005,SAFE
5364,SAFE
11456,SAFE
3269,SAFE
25298,SAFE
4946,SAFE
128_NEW11,SAFE
8305,SAFE
2120,SAFE
63W_New_8,SAFE
8506,SAFE
29282,SAFE
8910,SAFE
2721,SAFE
59182,SAFE
26877,SAFE
2_New6,SAFE
15364,SAFE
199_New_8,SAFE
199_New_7,SAFE
15792,SAFE
15790,SAFE
9667,SAFE
35164,SAFE
38695,SAFE
29551,SAFE
28743,SAFE
57346,SAFE
New_43_150,SAFE
11511,SAFE
4534,SAFE
49630,SAFE
25357,SAFE
197_New_53,SAFE
200_New_15,SAFE
200_New_21,SAFE
6093,SAFE
60149,SAFE
50492,SAFE
25599,SAFE
8097,SAFE
53519,SAFE
57976,SAFE
30892,SAFE
16497,SAFE
7917,SAFE
14126,SAFE
12078,SAFE
2114,SAFE
4237,SAFE
6291,SAFE
10731,SAFE
31333,SAFE
49199,SAFE
40707,SAFE
25846,SAFE
50598,SAFE
50599,SAFE
16651,SAFE
17179,SAFE
14193,SAFE
27815,SAFE
17118,SAFE
2805,SAFE
4876,SAFE
49678,SAFE
17658,SAFE
31086,SAFE
31504,SAFE
31763,SAFE
38383,SAFE
32997,SAFE
3526,SAFE
17845,SAFE
40740,SAFE
37658,SAFE
6948,SAFE
12099,SAFE
2109,SAFE
200_New_37,SAFE
43W_New_6,SAFE
9961,SAFE
11264,SAFE
41507,SAFE
New_W186_031,SAFE
37549,SAFE
36946,SAFE
39303,SAFE
38523,SAFE
29006,SAFE
3145,SAFE
26_New_61,SAFE
50325,SAFE
28783,SAFE
41998,SAFE
10701,SAFE
30425,SAFE
25330,SAFE
50353,SAFE
50781,SAFE
37959,SAFE
49250,SAFE
27347,SAFE
23919,SAFE
7364,SAFE
7401,SAFE
17133,SAFE
1910016,SAFE
35660,SAFE
16356,SAFE
1995,SAFE
68177,SAFE
68284,SAFE
66586,SAFE
38727,SAFE
41915,SAFE
15819,SAFE
7905,SAFE
9114,SAFE
82_NEW_162,SAFE
25_NEW104,SAFE
6460,SAFE
24339,SAFE
12170,SAFE
2608,SAFE
95_New_10,SAFE
82_NEW_103,SAFE
10000,SAFE
14282,SAFE
12080,SAFE
14081,SAFE
12083,SAFE
18145,SAFE
12077,SAFE
3281,SAFE
15598,SAFE
28_New_5,SAFE
28_New_4,SAFE
28_New_44,SAFE
28_New_1,SAFE
28_New_46,SAFE
55823,SAFE
16183,SAFE
5216,SAFE
5309,SAFE
5200,SAFE
123_NA_4,SAFE
50534,SAFE
3858,SAFE
35659,SAFE
35884,SAFE
24651,SAFE
New_W188_0119,SAFE
30240,SAFE
35198,SAFE
197_New_60,SAFE
2859,SAFE
26726,SAFE
34692,SAFE
8936,SAFE
4801,SAFE
8935,SAFE
16232,SAFE
New_W186_010,SAFE
4294,SAFE
93_New90,SAFE
14614,SAFE
7726,SAFE
23341,SAFE
2523,SAFE
14943,SAFE
17_New_17,SAFE
23890,SAFE
16473,SAFE
59898,SAFE
025_New_01_D,SAFE
7065,SAFE
4567,SAFE
16852,SAFE
55044,SAFE
23484,SAFE
12944,SAFE
35865,SAFE
29707,SAFE
33910,SAFE
33390,SAFE
36488,SAFE
30528,SAFE
24554,SAFE
18277,SAFE
10151,SAFE
25183,SAFE
11957,SAFE
4934,SAFE
3958,SAFE
12217,SAFE
18275,SAFE
24175,SAFE
25759,SAFE
45660,SAFE
5110,SAFE
4986,SAFE
11062,SAFE
11183,SAFE
89_New19,SAFE
29_New_9,SAFE
15021,SAFE
6846,SAFE
12755,SAFE
18826,SAFE
7365,SAFE
9444,SAFE
9445,SAFE
15563,SAFE
3238,SAFE
32949,SAFE
25554,SAFE
6116,SAFE
28216,SAFE
25080,SAFE
200_New_43,SAFE
200_New_47,SAFE
35863,SAFE
W167N018,SAFE
29248,SAFE
60529,SAFE
29247,SAFE
55628,SAFE
8_New1,SAFE
24687,SAFE
23260,SAFE
91_NEW15,SAFE
23520,SAFE
28936,SAFE
New_W188_0293,SAFE
53358,SAFE
22763,SAFE
28197,SAFE
91_NEW4,SAFE
14947,SAFE
10301,SAFE
4108,SAFE
12172,SAFE
37113,SAFE
U42,SAFE
22794,SAFE
2568,SAFE
42252,SAFE
30182,SAFE
41728,SAFE
26355,SAFE
24669,SAFE
26004,SAFE
1910017,SAFE
13218,SAFE
27558,SAFE
8008,SAFE
30586,SAFE
41026,SAFE
4904,SAFE
2843,SAFE
86_New6,SAFE
92_New53,SAFE
11883,SAFE
4373,SAFE
46178,SAFE
152RD023,SAFE
26129,SAFE
W167N038,SAFE
W167N027,SAFE
12015,SAFE
36701,SAFE
23631,SAFE
27588,SAFE
39670,SAFE
2121,SAFE
51796,SAFE
31_New_9,SAFE
37968,SAFE
1974,SAFE
1975,SAFE
6155,SAFE
38416,SAFE
17430,SAFE
7736,SAFE
6268,SAFE
33830,SAFE
55634,SAFE
83_New_60,SAFE
13460,SAFE
11393,SAFE
11394,SAFE
46240,SAFE
17329,SAFE
10472,SAFE
46719,SAFE
15170,SAFE
17129,SAFE
6978,SAFE
6977,SAFE
83_New_83,SAFE
7064,SAFE
"37645
",SAFE
"35314
",SAFE
"34221
",SAFE
"34244
",SAFE
"31899
",SAFE
"49477
",SAFE
2882,SAFE
26_New_9,SAFE
27643,SAFE
46692,SAFE
29486,SAFE
22688,SAFE
14801,SAFE
16857,SAFE
15_NEW-6,SAFE
49321,SAFE
49320,SAFE
28586,SAFE
2287,SAFE
23095,SAFE
2906,SAFE
7049,SAFE
13227,SAFE
93_New134,SAFE
44536,SAFE
W143rd071,SAFE
27184,SAFE
34342,SAFE
10818,SAFE
16441,SAFE
12153,SAFE
46213,SAFE
16_NEW1,SAFE
15654,SAFE
40977,SAFE
5389,SAFE
37240,SAFE
28_New_7,SAFE
50858,SAFE
5914,SAFE
14105,SAFE
50620,SAFE
"42287
",SAFE
46404,SAFE
5632,SAFE
17874,SAFE
68564,SAFE
3544,SAFE
2457,SAFE
6565,SAFE
4184,SAFE
4219,SAFE
8233,SAFE
35880,SAFE
33083,SAFE
40799,SAFE
51014,SAFE
28_New_9,SAFE
23042,SAFE
45559,SAFE
45066,SAFE
"DN190STR002
",SAFE
153rd063,SAFE
153rd074,SAFE
39761,SAFE
7407,SAFE
10315,SAFE
8230,SAFE
9510,SAFE
7528,SAFE
17765,SAFE
9063,SAFE
37256,SAFE
41641,SAFE
106_NA_2,SAFE
9142,SAFE
11228,SAFE
2943,SAFE
15279,SAFE
9135,SAFE
38276,SAFE
8828,SAFE
6814,SAFE
45915,SAFE
28223,SAFE
16407,SAFE
14385,SAFE
114_New_5,SAFE
4826,SAFE
9556,SAFE
27033,SAFE
48107,SAFE
67599,SAFE
12127,SAFE
5952,SAFE
47991,SAFE
25627,SAFE
23828,SAFE
23325,SAFE
12819,SAFE
8772,SAFE
8783,SAFE
15061,SAFE
153rd054,SAFE
143_New_1_D,SAFE
4279,SAFE
6350,SAFE
8357,SAFE
93_New124,SAFE
198_New_66,SAFE
198_New_70,SAFE
43120,SAFE
W193N117,SAFE
91_NEW85,SAFE
91_NEW88,SAFE
79_New_46,SAFE
28739,SAFE
79_New_45,SAFE
34673,SAFE
New_W188_0221,SAFE
2832,SAFE
85_NEW48,SAFE
85_NEW49,SAFE
23717,SAFE
60399,SAFE
53805,SAFE
New_W188_0132,SAFE
146RD041,SAFE
27704,SAFE
91_NEW95,SAFE
25214,SAFE
48173,SAFE
35027,SAFE
34047,SAFE
53374,SAFE
23623,SAFE
27814,SAFE
24465,SAFE
29593,SAFE
24326,SAFE
22973,SAFE
093_New_03_D,SAFE
9688,SAFE
18458,SAFE
11956,SAFE
49118,SAFE
50510,SAFE
51804,SAFE
6130,SAFE
50285,SAFE
50011,SAFE
50012,SAFE
17081,SAFE
39464,SAFE
29489,SAFE
29484,SAFE
198_New_84,SAFE
49627,SAFE
30629,SAFE
40272,SAFE
30361,SAFE
37065,SAFE
25_NEW98,SAFE
26819,SAFE
15949,SAFE
5707,SAFE
50013,SAFE
30651,SAFE
29_New_11,SAFE
84_NEW8,SAFE
41951,SAFE
13060,SAFE
42784,SAFE
15213,SAFE
13204,SAFE
2888,SAFE
15733,SAFE
8417,SAFE
5509,SAFE
12556,SAFE
3389,SAFE
2248,SAFE
33164,SAFE
42462,SAFE
U7,SAFE
2_New1,SAFE
41201,SAFE
25_NEW108,SAFE
12042,SAFE
175_new-4,SAFE
13990,SAFE
55820,SAFE
55473,SAFE
3813,SAFE
9643,SAFE
33393,SAFE
25560,SAFE
48738,SAFE
32441,SAFE
24596,SAFE
36985,SAFE
31924,SAFE
46510,SAFE
152RD014,SAFE
29981,SAFE
45174,SAFE
46509,SAFE
46508,SAFE
13681,SAFE
9838,SAFE
8103,SAFE
5658,SAFE
11845,SAFE
9069,SAFE
39695,SAFE
93_New138,SAFE
37617,SAFE
17195,SAFE
9077,SAFE
37602,SAFE
13318,SAFE
7337,SAFE
39384,SAFE
198_New_12,SAFE
6234,SAFE
NEW1690015,SAFE
39936,SAFE
NEW1690040,SAFE
4959,SAFE
11158,SAFE
4263,SAFE
16685,SAFE
40695,SAFE
67753,SAFE
19_New_2_D,SAFE
44965,SAFE
4216,SAFE
4217,SAFE
29681,SAFE
14931,SAFE
10937,SAFE
4639,SAFE
"41665
",SAFE
"40419
",SAFE
W190ST125,SAFE
"34071
",SAFE
11588,SAFE
11585,SAFE
15629,SAFE
16_NEW26,SAFE
DN184STR006,SAFE
17294,SAFE
3359,SAFE
3639,SAFE
13323,SAFE
33663,SAFE
29237,SAFE
24781,SAFE
151RD005,SAFE
49989,SAFE
28220,SAFE
49913,SAFE
12463,SAFE
2144,SAFE
16506,SAFE
10787,SAFE
14974,SAFE
087_New_01_D,SAFE
9529,SAFE
48949,SAFE
31244,SAFE
14730,SAFE
15070,SAFE
171_NEW2,SAFE
9632,SAFE
5499,SAFE
14540,SAFE
2197,SAFE
10436,SAFE
18307,SAFE
28121,SAFE
4578,SAFE
10780,SAFE
44261,SAFE
2546,SAFE
4617,SAFE
16899,SAFE
16904,SAFE
25_NEW59,SAFE
31321,SAFE
29790,SAFE
53926,SAFE
11788,SAFE
11787,SAFE
9946,SAFE
156_NEW56,SAFE
24_New_63,SAFE
28337,SAFE
54910,SAFE
26588,SAFE
60248,SAFE
100_New_3,SAFE
7015,SAFE
101_New_3,SAFE
NEW1690067,SAFE
9855,SAFE
16241,SAFE
45653,SAFE
36139,SAFE
26477,SAFE
28437,SAFE
8270,SAFE
5008,SAFE
28434,SAFE
40083,SAFE
147_New_03_D,SAFE
NEW ROAD 19,SAFE
3603,SAFE
42143,SAFE
New_W186_014,SAFE
35275,SAFE
29752,SAFE
13094,SAFE
"33345
",SAFE
50761,SAFE
58010,SAFE
26589,SAFE
42399,SAFE
32251,SAFE
55479,SAFE
24849,SAFE
10833,SAFE
2606,SAFE
16938,SAFE
24404,SAFE
40840,SAFE
156_New_01-D,SAFE
30784,SAFE
19_NEW22,SAFE
19_NEW23,SAFE
33433,SAFE
45906,SAFE
17586,SAFE
39569,SAFE
42085,SAFE
10419,SAFE
32628,SAFE
46582,SAFE
13340,SAFE
3000,SAFE
5082,SAFE
064_NEW26,SAFE
12967,SAFE
6367,SAFE
24972,SAFE
37496,SAFE
7636,SAFE
13897,SAFE
10314,SAFE
3851,SAFE
53415,SAFE
13233,SAFE
9098,SAFE
11166,SAFE
15239,SAFE
13234,SAFE
11167,SAFE
13235,SAFE
102_New_5,SAFE
26124,SAFE
26120,SAFE
50509,SAFE
51598,SAFE
64857,SAFE
36904,SAFE
4633,SAFE
64305,SAFE
36348,SAFE
85_NEW44,SAFE
85_NEW45,SAFE
85_NEW46,SAFE
15060,SAFE
183_New_20,SAFE
2022,SAFE
28112,SAFE
28_New_47,SAFE
8904,SAFE
29594,SAFE
24359,SAFE
41929,SAFE
9827,SAFE
5986,SAFE
16202,SAFE
5488,SAFE
57336,SAFE
41292,SAFE
30698,SAFE
35982,SAFE
New_W188_0181,SAFE
32056,SAFE
166_NEW11,SAFE
44384,SAFE
36220,SAFE
156_NEW165,SAFE
50892,SAFE
10621,SAFE
10635,SAFE
165_NEW100,SAFE
34404,SAFE
8075,SAFE
7161,SAFE
12892,SAFE
6645,SAFE
14191,SAFE
U1,SAFE
5949,SAFE
3864,SAFE
93_NEW33,SAFE
43W_New_9,SAFE
14682,SAFE
50499,SAFE
50564,SAFE
7318,SAFE
3190,SAFE
16034,SAFE
030_New_24_D,SAFE
030_New_23_D,SAFE
13929,SAFE
4176,SAFE
41024,SAFE
50760,SAFE
12365,SAFE
26595,SAFE
"49385
",SAFE
48311,SAFE
57422,SAFE
W167N013,SAFE
34791,SAFE
3681,SAFE
18029,SAFE
44492,SAFE
46531,SAFE
37838,SAFE
41069,SAFE
38236,SAFE
37746,SAFE
U5,SAFE
U3,SAFE
38550,SAFE
82_NEW_197,SAFE
"33470
",SAFE
26685,SAFE
25_NEW80,SAFE
48070,SAFE
39923,SAFE
4180,SAFE
11731,SAFE
4916,SAFE
12940,SAFE
W143rd068,SAFE
49699,SAFE
35229,SAFE
23522,SAFE
13518,SAFE
15527,SAFE
33742,SAFE
16875,SAFE
4594,SAFE
10799,SAFE
48733,SAFE
59887,SAFE
43515,SAFE
32460,SAFE
4142,SAFE
3454,SAFE
17768,SAFE
23169,SAFE
9990,SAFE
9335,SAFE
60223,SAFE
34261,SAFE
44460,SAFE
45951,SAFE
12995,SAFE
4918,SAFE
10345,SAFE
8039,SAFE
11047,SAFE
49864,SAFE
4199,SAFE
2164,SAFE
4196,SAFE
10416,SAFE
14514,SAFE
2166,SAFE
14845,SAFE
6605,SAFE
16811,SAFE
10299,SAFE
40520,SAFE
8874,SAFE
14477,SAFE
10883,SAFE
14966,SAFE
12936,SAFE
8807,SAFE
25_NEW77,SAFE
29553,SAFE
14684,SAFE
New_W188_0201,SAFE
29875,SAFE
17467,SAFE
W190ST117,SAFE
18252,SAFE
53825,SAFE
17_New_25,SAFE
37151,SAFE
42831,SAFE
6857,SAFE
8822,SAFE
8722,SAFE
178_NEW6,SAFE
13090,SAFE
40659,SAFE
25_NEW41,SAFE
25_NEW46,SAFE
25_NEW5,SAFE
8496,SAFE
162_New_09,SAFE
161_New_5,SAFE
32615,SAFE
9283,SAFE
15394,SAFE
11342,SAFE
46156,SAFE
36314,SAFE
4659,SAFE
38070,SAFE
38247,SAFE
38228,SAFE
34200,SAFE
15214,SAFE
13206,SAFE
165_New_38,SAFE
49765,SAFE
NEED TO SURVEY,SAFE
67783,SAFE
30683,SAFE
10708,SAFE
17949,SAFE
7597,SAFE
41827,SAFE
31393,SAFE
30093,SAFE
34424,SAFE
30649,SAFE
26494,SAFE
12843,SAFE
5678,SAFE
3135,SAFE
11410,SAFE
11605,SAFE
23014,SAFE
14681,SAFE
24831,SAFE
53627,SAFE
53595,SAFE
53498,SAFE
130_NEW,SAFE
5341,SAFE
13553,SAFE
5339,SAFE
140_New1,SAFE
17588,SAFE
36666,SAFE
16944,SAFE
8896,SAFE
15083,SAFE
34648,SAFE
45062,SAFE
46169,SAFE
46386,SAFE
45096,SAFE
44512,SAFE
3949,SAFE
42137,SAFE
13220,SAFE
42178,SAFE
17712,SAFE
31403,SAFE
37829,SAFE
29773,SAFE
37040,SAFE
40906,SAFE
6829,SAFE
030_New_37_D,SAFE
51945,SAFE
6995,SAFE
7675,SAFE
44368,SAFE
4608,SAFE
2637,SAFE
14990,SAFE
15_NEW_20,SAFE
New_W188_0199,SAFE
W1680014,SAFE
48699,SAFE
12437,SAFE
10376,SAFE
10377,SAFE
51772,SAFE
198_New_91,SAFE
40965,SAFE
91_NEW87,SAFE
7_New9,SAFE
8573,SAFE
53812,SAFE
53815,SAFE
53833,SAFE
53832,SAFE
91_New71,SAFE
23134,SAFE
9109,SAFE
12664,SAFE
31560,SAFE
35571,SAFE
14400,SAFE
86_New116,SAFE
49625,SAFE
32543,SAFE
25499,SAFE
172_NEW10,SAFE
"29984
",SAFE
7922,SAFE
23172,SAFE
7442,SAFE
3319,SAFE
15503,SAFE
17487,SAFE
113_New_2,SAFE
67646,SAFE
43555,SAFE
8034,SAFE
064_NEW5,SAFE
6800,SAFE
New_W188_0266,SAFE
2054,SAFE
13576,SAFE
18_New_25,SAFE
18_NEW11,SAFE
12046,SAFE
13887,SAFE
25_NEW111,SAFE
4141,SAFE
12008,SAFE
14015,SAFE
W190ST130,SAFE
32048,SAFE
37266,SAFE
35508,SAFE
36718,SAFE
31453,SAFE
39042,SAFE
33120,SAFE
30193,SAFE
30428,SAFE
34007,SAFE
41424,SAFE
30964,SAFE
10595,SAFE
2458,SAFE
31841,SAFE
31062,SAFE
2030,SAFE
38890,SAFE
55718,SAFE
56327,SAFE
18255,SAFE
18256,SAFE
12196,SAFE
10089,SAFE
12988,SAFE
12991,SAFE
14675,SAFE
26405,SAFE
"38329
",SAFE
50415,SAFE
58848,SAFE
2016,SAFE
12895,SAFE
3764,SAFE
3729,SAFE
4803,SAFE
35157,SAFE
12315,SAFE
86_New38,SAFE
26044,SAFE
W190ST008,SAFE
34790,SAFE
195_New_50,SAFE
25883,SAFE
10464,SAFE
9743,SAFE
17188,SAFE
17187,SAFE
39116,SAFE
29261,SAFE
17008,SAFE
34717,SAFE
44631,SAFE
34116,SAFE
17517,SAFE
17511,SAFE
13515,SAFE
12257,SAFE
7321,SAFE
W149RD29,SAFE
31080,SAFE
28805,SAFE
32324,SAFE
25104,SAFE
17309,SAFE
43149,SAFE
17093,SAFE
"36223
",SAFE
6325,SAFE
40980,SAFE
40051,SAFE
2409,SAFE
14876,SAFE
8601,SAFE
6843,SAFE
6786,SAFE
12958,SAFE
6803,SAFE
6802,SAFE
3583,SAFE
26454,SAFE
32959,SAFE
NEW1690039,SAFE
11192,SAFE
23222,SAFE
93_New119,SAFE
4514,SAFE
15015,SAFE
10919,SAFE
25487,SAFE
54480,SAFE
54274,SAFE
25472,SAFE
23_New_23,SAFE
9948,SAFE
13041,SAFE
85_NEW63,SAFE
6539,SAFE
14781,SAFE
12134,SAFE
27376,SAFE
28089,SAFE
38595,SAFE
42219,SAFE
27409,SAFE
064_NEW38,SAFE
34527,SAFE
38256,SAFE
86_New56,SAFE
25380,SAFE
NEW1690110,SAFE
29164,SAFE
36313,SAFE
14901,SAFE
2566,SAFE
3448,SAFE
3447,SAFE
37291,SAFE
40154,SAFE
32044,SAFE
86_New32,SAFE
86_NEW31,SAFE
3829,SAFE
7603,SAFE
34705,SAFE
45737,SAFE
44859,SAFE
18184,SAFE
7907,SAFE
2145,SAFE
10407,SAFE
16165,SAFE
5950,SAFE
7971,SAFE
123_New_17,SAFE
68179,SAFE
W196N088,SAFE
15009,SAFE
4714,SAFE
15008,SAFE
3489,SAFE
30687,SAFE
6194,SAFE
16247,SAFE
6046,SAFE
10146,SAFE
22945,SAFE
40780,SAFE
8139,SAFE
8138,SAFE
50086,SAFE
170_NEW9,SAFE
9623,SAFE
5194,SAFE
11377,SAFE
8074,SAFE
60007,SAFE
9328,SAFE
13456,SAFE
15641,SAFE
3811,SAFE
68281,SAFE
5206,SAFE
7753,SAFE
10149,SAFE
6036,SAFE
"37358
",SAFE
W194N190,SAFE
49673,SAFE
49672,SAFE
126_New_1,SAFE
NEW1690014,SAFE
NEW1690012,SAFE
24553,SAFE
3682,SAFE
6806,SAFE
12962,SAFE
12961,SAFE
"31171
",SAFE
22691,SAFE
51526,SAFE
93_New61,SAFE
27140,SAFE
39289,SAFE
38575,SAFE
2473,SAFE
W190ST122,SAFE
17023,SAFE
3336,SAFE
6922,SAFE
13085,SAFE
11017,SAFE
6107,SAFE
25740,SAFE
28108,SAFE
29626,SAFE
30572,SAFE
153rd025,SAFE
11144,SAFE
86_New40,SAFE
34951,SAFE
13029,SAFE
22698,SAFE
40639,SAFE
9508,SAFE
16424,SAFE
50531,SAFE
50530,SAFE
15158,SAFE
13170,SAFE
37691,SAFE
23360,SAFE
10044,SAFE
13537,SAFE
3381,SAFE
45982,SAFE
7287,SAFE
17136,SAFE
12646,SAFE
17633,SAFE
198_New_116,SAFE
198_New_68,SAFE
7786,SAFE
27_New_30,SAFE
2998,SAFE
9212,SAFE
24556,SAFE
6916,SAFE
11010,SAFE
13074,SAFE
15105,SAFE
41428,SAFE
32803,SAFE
3853,SAFE
25471,SAFE
35941,SAFE
W192N024,SAFE
37366,SAFE
49354,SAFE
28345,SAFE
11566,SAFE
16267,SAFE
W193N116,SAFE
7954,SAFE
7959,SAFE
24536,SAFE
29129,SAFE
50554,SAFE
3597,SAFE
30930,SAFE
2845,SAFE
2841,SAFE
31_New_13,SAFE
2675,SAFE
18204,SAFE
18299,SAFE
3943,SAFE
50407,SAFE
50406,SAFE
New_06_150,SAFE
5270,SAFE
7301,SAFE
19092,SAFE
102_New_10,SAFE
9083,SAFE
11094,SAFE
23358,SAFE
83_New_98,SAFE
46709,SAFE
26430,SAFE
28328,SAFE
26678,SAFE
35124,SAFE
10562,SAFE
12685,SAFE
34901,SAFE
35167,SAFE
128_NEW,SAFE
15138,SAFE
W149RD03,SAFE
23243,SAFE
14001,SAFE
17909,SAFE
2373,SAFE
9056,SAFE
W190ST090,SAFE
15571,SAFE
38003,SAFE
26_New_25,SAFE
31405,SAFE
W194N130,SAFE
37763,SAFE
7352,SAFE
2974,SAFE
7705,SAFE
2163,SAFE
28544,SAFE
15778,SAFE
9759,SAFE
13957,SAFE
23164,SAFE
44989,SAFE
9342,SAFE
45223,SAFE
183_New_69,SAFE
27589,SAFE
26174,SAFE
49550,SAFE
9405,SAFE
13517,SAFE
3196,SAFE
12459,SAFE
49694,SAFE
49697,SAFE
36450,SAFE
8171,SAFE
10251,SAFE
36016,SAFE
24204,SAFE
37070,SAFE
8383,SAFE
W193N100,SAFE
32640,SAFE
3907,SAFE
27430,SAFE
79_New_24,SAFE
10815,SAFE
60257,SAFE
27532,SAFE
7243,SAFE
59W_New,SAFE
28332,SAFE
199_New_18,SAFE
156_NEW130,SAFE
7689,SAFE
7412,SAFE
13760,SAFE
26688,SAFE
34728,SAFE
3480,SAFE
New_W188_0194,SAFE
197_New_2,SAFE
36269,SAFE
36448,SAFE
13213,SAFE
17210,SAFE
14134,SAFE
3215,SAFE
36076,SAFE
12449,SAFE
18518,SAFE
197_New_17,SAFE
6318,SAFE
14483,SAFE
24198,SAFE
10306,SAFE
New_W188_0255,SAFE
40489,SAFE
86_New50,SAFE
35524,SAFE
30529,SAFE
30881,SAFE
33945,SAFE
33544,SAFE
41657,SAFE
31602,SAFE
33111,SAFE
17676,SAFE
37196,SAFE
38700,SAFE
24519,SAFE
24811,SAFE
142_NEW1,SAFE
11084,SAFE
W196N080,SAFE
14714,SAFE
4533,SAFE
10738,SAFE
12798,SAFE
NEW1690096,SAFE
14079,SAFE
7918,SAFE
14078,SAFE
26068,SAFE
44798,SAFE
6409,SAFE
6410,SAFE
34873,SAFE
40535,SAFE
34639,SAFE
38634,SAFE
82_NEW_97,SAFE
31005,SAFE
40054,SAFE
3724,SAFE
5814,SAFE
16_NEW88,SAFE
25_NEW60,SAFE
43097,SAFE
15843,SAFE
11807,SAFE
4571,SAFE
51428,SAFE
11114,SAFE
17916,SAFE
12740,SAFE
55860,SAFE
198_New_76,SAFE
50065,SAFE
49622,SAFE
26499,SAFE
49510,SAFE
68271,SAFE
49508,SAFE
156_NEW45,SAFE
12249,SAFE
15603,SAFE
36552,SAFE
14211,SAFE
3855,SAFE
New_W186_045,SAFE
14209,SAFE
5186,SAFE
17415,SAFE
29746,SAFE
12694,SAFE
11528,SAFE
17565,SAFE
7043,SAFE
7070,SAFE
18011,SAFE
5756,SAFE
5583,SAFE
10798,SAFE
4685,SAFE
15275,SAFE
23726,SAFE
26369,SAFE
29382,SAFE
39891,SAFE
6682,SAFE
10797,SAFE
34507,SAFE
27163,SAFE
30055,SAFE
24921,SAFE
45050,SAFE
26199,SAFE
130_NEW_205,SAFE
4580,SAFE
10784,SAFE
8747,SAFE
18_NEW12,SAFE
23080,SAFE
16_NEW11,SAFE
50355,SAFE
18311,SAFE
8342,SAFE
12473,SAFE
15877,SAFE
37971,SAFE
24147,SAFE
16656,SAFE
35233,SAFE
42250,SAFE
13858,SAFE
13857,SAFE
27547,SAFE
082_New_09_D,SAFE
082_New_02_D,SAFE
082_New_08_D,SAFE
11195,SAFE
5090,SAFE
5091,SAFE
14098,SAFE
131_New_4,SAFE
11635,SAFE
18838,SAFE
30311,SAFE
37857,SAFE
42326,SAFE
12550,SAFE
12692,SAFE
4401,SAFE
25724,SAFE
5100,SAFE
2681,SAFE
86_New26,SAFE
86_New25,SAFE
50308,SAFE
68051,SAFE
37558,SAFE
48737,SAFE
40063,SAFE
31242,SAFE
14986,SAFE
27127,SAFE
56295,SAFE
9_New6,SAFE
29262,SAFE
7772,SAFE
3664,SAFE
24684,SAFE
156_NEW146,SAFE
39140,SAFE
89_New18,SAFE
12192,SAFE
137_new1,SAFE
11746,SAFE
3880,SAFE
32196,SAFE
35247,SAFE
83_New_44,SAFE
5115,SAFE
23525,SAFE
14238,SAFE
10174,SAFE
6067,SAFE
25493,SAFE
4_New11,SAFE
59907,SAFE
12677,SAFE
2361,SAFE
4388,SAFE
23302,SAFE
39066,SAFE
31656,SAFE
82_NEW_73,SAFE
34305,SAFE
53880,SAFE
53878,SAFE
53881,SAFE
53882,SAFE
53883,SAFE
3928,SAFE
3475,SAFE
17160,SAFE
39652,SAFE
41914,SAFE
4551,SAFE
17570,SAFE
15581,SAFE
9389,SAFE
35154,SAFE
25312,SAFE
82_NEW_68,SAFE
24410,SAFE
New_W188_0039,SAFE
24546,SAFE
16_NEW55,SAFE
16_NEW101,SAFE
34218,SAFE
37279,SAFE
26609,SAFE
82_NEW_84,SAFE
38599,SAFE
64672,SAFE
39418,SAFE
39417,SAFE
3174,SAFE
22956,SAFE
7069,SAFE
8992,SAFE
88_New7,SAFE
88_New6,SAFE
88_New16,SAFE
26699,SAFE
40952,SAFE
22872,SAFE
22928,SAFE
15624,SAFE
13447,SAFE
12762,SAFE
34891,SAFE
17485,SAFE
10734,SAFE
91_NEW5,SAFE
91_NEW26,SAFE
4880,SAFE
48505,SAFE
55171,SAFE
New_W188_0155,SAFE
24_New_45,SAFE
9423,SAFE
10325,SAFE
11655,SAFE
48116,SAFE
67626,SAFE
48355,SAFE
32632,SAFE
3171,SAFE
11453,SAFE
NEW ROAD 27,SAFE
147_NEW4,SAFE
147_NEW5,SAFE
8692,SAFE
38393,SAFE
7588,SAFE
7262,SAFE
7265,SAFE
3265,SAFE
31765,SAFE
3600,SAFE
24626,SAFE
37910,SAFE
31662,SAFE
41590,SAFE
30343,SAFE
22912,SAFE
198_New_94,SAFE
36166,SAFE
22941,SAFE
22940,SAFE
25071,SAFE
37231,SAFE
16565,SAFE
34702,SAFE
41867,SAFE
52900,SAFE
17618,SAFE
46122,SAFE
3109,SAFE
12339,SAFE
1991,SAFE
1990,SAFE
4202,SAFE
3375,SAFE
6374,SAFE
12516,SAFE
6363,SAFE
7526,SAFE
125_NA_1,SAFE
198_New_118,SAFE
55116,SAFE
28304,SAFE
55117,SAFE
28570,SAFE
68178,SAFE
8181,SAFE
182_New,SAFE
7716,SAFE
2217,SAFE
49747,SAFE
35799,SAFE
32274,SAFE
55174,SAFE
93_New86,SAFE
14189,SAFE
41419,SAFE
17890,SAFE
17591,SAFE
37453,SAFE
17694,SAFE
11791,SAFE
31769,SAFE
49640,SAFE
39912,SAFE
16038,SAFE
30935,SAFE
44617,SAFE
6779,SAFE
165_New_01,SAFE
7715,SAFE
13911,SAFE
10332,SAFE
36080,SAFE
27133,SAFE
16_NEW82,SAFE
"32101
",SAFE
32101,SAFE
"34576
",SAFE
23121,SAFE
New_W188_0012,SAFE
New_W188_0025,SAFE
16521,SAFE
6335,SAFE
37117,SAFE
33156,SAFE
5809,SAFE
28246,SAFE
60357,SAFE
4_New10,SAFE
60355,SAFE
2411,SAFE
6656,SAFE
31889,SAFE
"DN185STR009
",SAFE
13869,SAFE
16615,SAFE
8431,SAFE
3694,SAFE
4744,SAFE
New_W188_0045,SAFE
5264,SAFE
29425,SAFE
7186,SAFE
13698,SAFE
DN184STR017,SAFE
36053,SAFE
37188,SAFE
53360,SAFE
53506,SAFE
30537,SAFE
44420,SAFE
29450,SAFE
29346,SAFE
16541,SAFE
2195,SAFE
2193,SAFE
6351,SAFE
10435,SAFE
12221,SAFE
5020,SAFE
6849,SAFE
15027,SAFE
15026,SAFE
W193N149,SAFE
35773,SAFE
31402,SAFE
23876,SAFE
23877,SAFE
180_NEW8,SAFE
7592,SAFE
18469,SAFE
40850,SAFE
40440,SAFE
4862,SAFE
8989,SAFE
38931,SAFE
17057,SAFE
165_New_40,SAFE
13818,SAFE
50910,SAFE
14256,SAFE
50321,SAFE
79_New_10,SAFE
7004,SAFE
54396,SAFE
30908,SAFE
34981,SAFE
3634,SAFE
3096,SAFE
28132,SAFE
8194,SAFE
10425,SAFE
14412,SAFE
123_New_10,SAFE
24814,SAFE
156_NEW123,SAFE
11906,SAFE
82_NEW_7,SAFE
NEW1690004,SAFE
3034,SAFE
10143,SAFE
114_99999_2,SAFE
NEW3,SAFE
W194N127,SAFE
55267,SAFE
28331,SAFE
22965,SAFE
"29994
",SAFE
"33582
",SAFE
W167N015,SAFE
45W_New_3,SAFE
92_New40,SAFE
25544,SAFE
44914,SAFE
31912,SAFE
41444,SAFE
6316,SAFE
51792,SAFE
25575,SAFE
31229,SAFE
37733,SAFE
25389,SAFE
26170,SAFE
30551,SAFE
4008,SAFE
6202,SAFE
13432,SAFE
7230,SAFE
7229,SAFE
28323,SAFE
13249,SAFE
9112,SAFE
27795,SAFE
24295,SAFE
W192N035,SAFE
38292,SAFE
2431,SAFE
17855,SAFE
4412,SAFE
10634,SAFE
10637,SAFE
15118,SAFE
6924,SAFE
New_10-150,SAFE
86_New44,SAFE
3167,SAFE
3100,SAFE
4482,SAFE
New_W188_0089,SAFE
8199,SAFE
8348,SAFE
10422,SAFE
25614,SAFE
DN080STR041,SAFE
93_New42,SAFE
34962,SAFE
50436,SAFE
66646,SAFE
44958,SAFE
5627,SAFE
11535,SAFE
3189,SAFE
15521,SAFE
7315,SAFE
15520,SAFE
13113,SAFE
8994,SAFE
2796,SAFE
4865,SAFE
9573,SAFE
86_New57,SAFE
079_New_06_D,SAFE
25184,SAFE
26603,SAFE
17933,SAFE
36095,SAFE
3911,SAFE
33454,SAFE
3062,SAFE
41511,SAFE
34420,SAFE
38849,SAFE
5063,SAFE
5346,SAFE
1934,SAFE
50956,SAFE
33741,SAFE
New_28_150,SAFE
127_NA_2,SAFE
50390,SAFE
3863,SAFE
11606,SAFE
5417,SAFE
53471,SAFE
7815,SAFE
18050,SAFE
11390,SAFE
7248,SAFE
26938,SAFE
27703,SAFE
40318,SAFE
16631,SAFE
12590,SAFE
24475,SAFE
25514,SAFE
50376,SAFE
26433,SAFE
28_New_40,SAFE
28_New_41,SAFE
14758,SAFE
38834,SAFE
91_NEW98,SAFE
15293,SAFE
52089,SAFE
New_W188_0077,SAFE
New_W188_0081,SAFE
5618,SAFE
11961,SAFE
10351,SAFE
7394,SAFE
10087,SAFE
9709,SAFE
3727,SAFE
23378,SAFE
48052,SAFE
9082,SAFE
36327,SAFE
27962,SAFE
79_New_30,SAFE
79_New_44,SAFE
93_New70,SAFE
12937,SAFE
33320,SAFE
5613,SAFE
16_NEW14,SAFE
26920,SAFE
60470,SAFE
5394,SAFE
95_NA_2,SAFE
32423,SAFE
9262,SAFE
31178,SAFE
48343,SAFE
29212,SAFE
25836,SAFE
24107,SAFE
17_New_30,SAFE
17_New_22,SAFE
25_NEW74,SAFE
25_NEW71,SAFE
2122,SAFE
25351,SAFE
49128,SAFE
48986,SAFE
49008,SAFE
42362,SAFE
59187,SAFE
5954,SAFE
195_New_37,SAFE
50327,SAFE
6129,SAFE
4318,SAFE
2290,SAFE
42156,SAFE
50666,SAFE
60263,SAFE
58038,SAFE
5981,SAFE
181_NEW1,SAFE
10041,SAFE
37830,SAFE
6322,SAFE
8330,SAFE
12464,SAFE
54902,SAFE
3_New31,SAFE
3_New12,SAFE
3_New_14_D,SAFE
003_New_10_D,SAFE
3_New27_D,SAFE
003_New_20_D,SAFE
003_New_24_D,SAFE
6488,SAFE
4224,SAFE
10117,SAFE
6000,SAFE
14172,SAFE
24995,SAFE
27_New_23,SAFE
6467,SAFE
3424,SAFE
7544,SAFE
48080,SAFE
31887,SAFE
18040,SAFE
14106,SAFE
14555,SAFE
12402,SAFE
52014,SAFE
New_W188_0276,SAFE
New_W188_0112,SAFE
New_W188_0115,SAFE
50998,SAFE
13_New4,SAFE
65851,SAFE
66250,SAFE
26550,SAFE
23605,SAFE
25140,SAFE
26549,SAFE
22_New_6,SAFE
45W_New_5,SAFE
7090,SAFE
5018,SAFE
12019,SAFE
5842,SAFE
23287,SAFE
"39298
",SAFE
"30754
",SAFE
27754,SAFE
25992,SAFE
25970,SAFE
24257,SAFE
54775,SAFE
60574,SAFE
4855,SAFE
7108,SAFE
9158,SAFE
5576,SAFE
"34694
",SAFE
"35428
",SAFE
5650,SAFE
3557,SAFE
15680,SAFE
16707,SAFE
93_New74,SAFE
11354,SAFE
12828,SAFE
46094,SAFE
13608,SAFE
96_New_2,SAFE
60069,SAFE
59579,SAFE
91_NEW84,SAFE
31296,SAFE
40195,SAFE
2645,SAFE
15447,SAFE
7247,SAFE
15221,SAFE
18323,SAFE
23995,SAFE
23481,SAFE
53389,SAFE
24_New_34,SAFE
198_New_74,SAFE
15086,SAFE
128_NA_3,SAFE
W190ST089,SAFE
39335,SAFE
12960,SAFE
13073,SAFE
15103,SAFE
59462,SAFE
59461,SAFE
59466,SAFE
57654,SAFE
46W_New_6,SAFE
28548,SAFE
U14,SAFE
U15,SAFE
3314,SAFE
11589,SAFE
19_NEW40,SAFE
48108,SAFE
67614,SAFE
152RD020,SAFE
32234,SAFE
53829,SAFE
53552,SAFE
53356,SAFE
23703,SAFE
27667,SAFE
10850,SAFE
33010,SAFE
17888,SAFE
7562,SAFE
24429,SAFE
19_NEW100,SAFE
94_New_5,SAFE
94_New_1,SAFE
16596,SAFE
48284,SAFE
21_NEW,SAFE
45423,SAFE
4057,SAFE
6158,SAFE
23758,SAFE
7590,SAFE
13452,SAFE
3101,SAFE
28448,SAFE
24818,SAFE
24819,SAFE
4243,SAFE
56251,SAFE
55389,SAFE
6570,SAFE
W189ST024,SAFE
41933,SAFE
40594,SAFE
51522,SAFE
7003,SAFE
10119,SAFE
79_New_61,SAFE
51487,SAFE
25_NEW31,SAFE
2133,SAFE
82_NEW_145,SAFE
60245,SAFE
24033,SAFE
023_New_05_D,SAFE
16351,SAFE
16354,SAFE
10250,SAFE
16353,SAFE
10248,SAFE
55626,SAFE
82_NEW_222,SAFE
38365,SAFE
10766,SAFE
7760,SAFE
55639,SAFE
16765,SAFE
4459,SAFE
85_NEW70,SAFE
W193N088,SAFE
26897,SAFE
60246,SAFE
23400,SAFE
16090,SAFE
39444,SAFE
14429,SAFE
W196N028,SAFE
10051,SAFE
92_New35,SAFE
60060,SAFE
45099,SAFE
174_NEW1,SAFE
11772,SAFE
39328,SAFE
48147,SAFE
48533,SAFE
44509,SAFE
45594,SAFE
44550,SAFE
43611,SAFE
25947,SAFE
25306,SAFE
24716,SAFE
30394,SAFE
92_New66,SAFE
92_New71,SAFE
31977,SAFE
45357,SAFE
146_New_01_D,SAFE
14197,SAFE
13682,SAFE
9524,SAFE
50249,SAFE
92_New11,SAFE
17_New_13,SAFE
10309,SAFE
4097,SAFE
180_NA_3,SAFE
40047,SAFE
31261,SAFE
91_NEW96,SAFE
46447,SAFE
42140,SAFE
83_New_78,SAFE
23940,SAFE
W193N087,SAFE
8000,SAFE
50563,SAFE
16429,SAFE
5153,SAFE
9847,SAFE
11969,SAFE
16143,SAFE
16653,SAFE
23521,SAFE
11910,SAFE
41990,SAFE
44425,SAFE
2800,SAFE
15155,SAFE
34813,SAFE
14472,SAFE
23942,SAFE
10838,SAFE
156_NEW60,SAFE
23116,SAFE
38586,SAFE
29818,SAFE
42311,SAFE
"DN185STR006
",SAFE
15352,SAFE
13354,SAFE
5004,SAFE
50341,SAFE
51677,SAFE
50342,SAFE
15892,SAFE
17903,SAFE
2106,SAFE
30172,SAFE
49133,SAFE
New_W188_0082,SAFE
56322,SAFE
56321,SAFE
5_New4,SAFE
55862,SAFE
17932,SAFE
11721,SAFE
34325,SAFE
W196N029,SAFE
34500,SAFE
7224,SAFE
31711,SAFE
49869,SAFE
16122,SAFE
16_NEW15,SAFE
82_NEW_204,SAFE
39383,SAFE
38084,SAFE
34516,SAFE
82_NEW_233,SAFE
4983,SAFE
11179,SAFE
44507,SAFE
85_NEW33,SAFE
171_NEW11,SAFE
43W_New_4,SAFE
53662,SAFE
13033,SAFE
34586,SAFE
35266,SAFE
28727,SAFE
24280,SAFE
24_New_44,SAFE
83_New_27,SAFE
40800,SAFE
93_New108,SAFE
93_New110,SAFE
93_New109,SAFE
14774,SAFE
156_NEW149,SAFE
5054,SAFE
30832,SAFE
12318,SAFE
4052,SAFE
11699,SAFE
3449,SAFE
173_NEW11,SAFE
29865,SAFE
7288,SAFE
11435,SAFE
3152,SAFE
5249,SAFE
3156,SAFE
4455,SAFE
16762,SAFE
8700,SAFE
15999,SAFE
9867,SAFE
46324,SAFE
35967,SAFE
38995,SAFE
9692,SAFE
24753,SAFE
3353,SAFE
131_New_2,SAFE
131_New_3,SAFE
14848,SAFE
25707,SAFE
68046,SAFE
48042,SAFE
86_New183,SAFE
19_NEW10,SAFE
19_NEW4,SAFE
19_NEW9,SAFE
17837,SAFE
34622,SAFE
28462,SAFE
5414,SAFE
36947,SAFE
23138,SAFE
13005,SAFE
40966,SAFE
49726,SAFE
32246,SAFE
4024,SAFE
15564,SAFE
2785,SAFE
10370,SAFE
90_New11,SAFE
2904,SAFE
45631,SAFE
39846,SAFE
39124,SAFE
25834,SAFE
46561,SAFE
17189,SAFE
9073,SAFE
39732,SAFE
32307,SAFE
53604,SAFE
5715,SAFE
152RD032,SAFE
152RD038,SAFE
2442,SAFE
37542,SAFE
80_NEW,SAFE
27474,SAFE
79_New_1,SAFE
50595,SAFE
5662,SAFE
28488,SAFE
13247,SAFE
25_NEW103,SAFE
51429,SAFE
23005,SAFE
4541,SAFE
4357,SAFE
13960,SAFE
152RD012,SAFE
36291,SAFE
3763,SAFE
24489,SAFE
5783,SAFE
51879,SAFE
48782,SAFE
51556,SAFE
23990,SAFE
28858,SAFE
27094,SAFE
79_New-27,SAFE
24776,SAFE
41667,SAFE
10646,SAFE
82_NEW_109,SAFE
22_New_17,SAFE
15391,SAFE
3961,SAFE
68405,SAFE
33466,SAFE
35696,SAFE
67603,SAFE
82_NEW_156,SAFE
40948,SAFE
68221,SAFE
68510,SAFE
27663,SAFE
NEW_183_38,SAFE
23727,SAFE
9390,SAFE
W193N155,SAFE
W193N084,SAFE
38896,SAFE
41439,SAFE
34743,SAFE
31149,SAFE
35196,SAFE
32205,SAFE
31870,SAFE
40982,SAFE
34110,SAFE
18038,SAFE
86_New67,SAFE
86_New191,SAFE
22696,SAFE
25450,SAFE
27322,SAFE
83_New_1,SAFE
53581,SAFE
53387,SAFE
11526,SAFE
23957,SAFE
161_New_7,SAFE
33875,SAFE
40819,SAFE
50885,SAFE
26618,SAFE
24331,SAFE
10056,SAFE
12123,SAFE
29404,SAFE
36211,SAFE
39251,SAFE
29621,SAFE
30673,SAFE
10842,SAFE
4630,SAFE
46005,SAFE
44665,SAFE
27915,SAFE
35932,SAFE
12303,SAFE
30539,SAFE
40333,SAFE
32986,SAFE
40077,SAFE
11072,SAFE
11622,SAFE
91_NEW21,SAFE
91_NEW25,SAFE
40992,SAFE
W196N092,SAFE
40522,SAFE
15751,SAFE
14_New3,SAFE
16932,SAFE
12909,SAFE
37242,SAFE
15_NEW_9,SAFE
6695,SAFE
6694,SAFE
36212,SAFE
13004,SAFE
25792,SAFE
43557,SAFE
6775,SAFE
16878,SAFE
40865,SAFE
2397,SAFE
50117,SAFE
35959,SAFE
41212,SAFE
17548,SAFE
8043,SAFE
24266,SAFE
25034,SAFE
24828,SAFE
53693,SAFE
24309,SAFE
59471,SAFE
50264,SAFE
51554,SAFE
15878,SAFE
6693,SAFE
6692,SAFE
10804,SAFE
10788,SAFE
13159,SAFE
79_New_34,SAFE
79_NEw-26,SAFE
40001,SAFE
10015,SAFE
12091,SAFE
"43686
",SAFE
26505,SAFE
12956,SAFE
28908,SAFE
3032,SAFE
23730,SAFE
17165,SAFE
14911,SAFE
12877,SAFE
12045,SAFE
53634,SAFE
53551,SAFE
15831,SAFE
23298,SAFE
29655,SAFE
12301,SAFE
49301,SAFE
4645,SAFE
4793,SAFE
68067,SAFE
27264,SAFE
41502,SAFE
52009,SAFE
New_W188_0281,SAFE
49134,SAFE
26_New_52,SAFE
16082,SAFE
16078,SAFE
3456,SAFE
7567,SAFE
151RD004,SAFE
39452,SAFE
37718,SAFE
5579,SAFE
28935,SAFE
17501,SAFE
13565,SAFE
23532,SAFE
4888,SAFE
6404,SAFE
8343,SAFE
14594,SAFE
5230,SAFE
17345,SAFE
14772,SAFE
37271,SAFE
29812,SAFE
4375,SAFE
4384,SAFE
4376,SAFE
31023,SAFE
10674,SAFE
42088,SAFE
16212,SAFE
5999,SAFE
68512,SAFE
19_NEW18,SAFE
123_New_20,SAFE
10885,SAFE
33639,SAFE
29326,SAFE
28677,SAFE
22983,SAFE
68199,SAFE
3059,SAFE
31695,SAFE
35924,SAFE
36425,SAFE
39056,SAFE
38951,SAFE
37095,SAFE
34547,SAFE
30825,SAFE
44823,SAFE
36083,SAFE
39561,SAFE
41394,SAFE
30502,SAFE
147RD044_D,SAFE
25969,SAFE
24265,SAFE
38576,SAFE
28971,SAFE
"34202
",SAFE
24671,SAFE
89_New4,SAFE
12928,SAFE
38242,SAFE
42303,SAFE
6265,SAFE
68639,SAFE
34037,SAFE
41433,SAFE
11461,SAFE
133_New,SAFE
13510,SAFE
5285,SAFE
5097,SAFE
11299,SAFE
12996,SAFE
38107,SAFE
W193N062,SAFE
29560,SAFE
5025,SAFE
9141,SAFE
37125,SAFE
"32973
L",SAFE
27020,SAFE
54784,SAFE
29603,SAFE
27019,SAFE
27018,SAFE
5654,SAFE
11495,SAFE
W143rd060,SAFE
82_NEW_25,SAFE
4406,SAFE
37783,SAFE
24422,SAFE
45W_New_6,SAFE
43618,SAFE
26708,SAFE
6073,SAFE
8082,SAFE
11293,SAFE
32597,SAFE
28741,SAFE
26991,SAFE
79_NEW90,SAFE
23595,SAFE
27661,SAFE
31847,SAFE
11857,SAFE
123_New_16,SAFE
14626,SAFE
6259,SAFE
123_New_12,SAFE
123_New_9,SAFE
9072,SAFE
11142,SAFE
30765,SAFE
40803,SAFE
9589,SAFE
18074,SAFE
59450,SAFE
15067,SAFE
8905,SAFE
6889,SAFE
6888,SAFE
85_NEW15,SAFE
2971,SAFE
11980,SAFE
2251,SAFE
91_NEW127,SAFE
91_NEW126,SAFE
92_New85,SAFE
33113,SAFE
32445,SAFE
10745,SAFE
18424,SAFE
5696,SAFE
18504,SAFE
2725,SAFE
25317,SAFE
11751,SAFE
9675,SAFE
16380,SAFE
48729,SAFE
16363,SAFE
85_NEW47,SAFE
2031,SAFE
6012,SAFE
53750,SAFE
40580,SAFE
"30597
",SAFE
49968,SAFE
49969,SAFE
7226,SAFE
6249,SAFE
59728,SAFE
55011,SAFE
39W_New_13,SAFE
4090,SAFE
27396,SAFE
11471,SAFE
14327,SAFE
"40074
",SAFE
15559,SAFE
10942,SAFE
2802,SAFE
28_New_34,SAFE
18499,SAFE
17811,SAFE
11031,SAFE
34061,SAFE
15422,SAFE
48746,SAFE
16_NEW4,SAFE
13370,SAFE
6819,SAFE
10686,SAFE
12746,SAFE
5689,SAFE
12839,SAFE
14388,SAFE
8177,SAFE
41911,SAFE
41452,SAFE
37380,SAFE
11260,SAFE
15309,SAFE
24660,SAFE
31632,SAFE
26193,SAFE
79_New_13,SAFE
24065,SAFE
8806,SAFE
37737,SAFE
14657,SAFE
8467,SAFE
12614,SAFE
12321,SAFE
8115,SAFE
31339,SAFE
183_New_66,SAFE
35615,SAFE
156_NEW135,SAFE
10072,SAFE
10067,SAFE
33_NEW12,SAFE
50594,SAFE
22799,SAFE
32279,SAFE
29344,SAFE
58048,SAFE
4502,SAFE
10713,SAFE
16581,SAFE
39584,SAFE
59585,SAFE
32015,SAFE
93_NEW295,SAFE
33118,SAFE
W193N033,SAFE
34684,SAFE
W193N056,SAFE
3051,SAFE
13123,SAFE
5269,SAFE
26266,SAFE
34180,SAFE
NEW1690128,SAFE
NEW1690127,SAFE
NEW1690131,SAFE
24950,SAFE
31273,SAFE
15264,SAFE
NEW1690072,SAFE
13125,SAFE
37907,SAFE
27445,SAFE
34188,SAFE
6103,SAFE
36937,SAFE
New_W188_0018,SAFE
88_New38,SAFE
"31490
",SAFE
6077,SAFE
9760,SAFE
17761,SAFE
18270,SAFE
8275,SAFE
6454,SAFE
6455,SAFE
14659,SAFE
26611,SAFE
14205,SAFE
32572,SAFE
3_New44_D,SAFE
3195,SAFE
12351,SAFE
NEW_04,SAFE
"32764
",SAFE
45884,SAFE
103_New_1,SAFE
10658,SAFE
4295,SAFE
19_NEW2,SAFE
24236,SAFE
1935,SAFE
40270,SAFE
"37693
",SAFE
44282,SAFE
82_NEW_26,SAFE
11664,SAFE
11663,SAFE
84_NEW25,SAFE
85_NEW11,SAFE
15450,SAFE
16285,SAFE
38612,SAFE
31356,SAFE
7029,SAFE
37561,SAFE
8605,SAFE
2591,SAFE
6745,SAFE
40327,SAFE
33138,SAFE
28992,SAFE
10258,SAFE
2833,SAFE
13155,SAFE
17135,SAFE
11986,SAFE
11732,SAFE
29051,SAFE
53764,SAFE
27923,SAFE
40549,SAFE
42366,SAFE
"DN189STR084
",SAFE
3426,SAFE
024_New_01_D,SAFE
27130,SAFE
14992,SAFE
6134,SAFE
25481,SAFE
27876,SAFE
26579,SAFE
28579,SAFE
26715,SAFE
35738,SAFE
8313,SAFE
8407,SAFE
8408,SAFE
10774,SAFE
8698,SAFE
15974,SAFE
26350,SAFE
DN184STR016,SAFE
26374,SAFE
41397,SAFE
156_NEW21,SAFE
6184,SAFE
8172,SAFE
1993,SAFE
83_New_85,SAFE
198_New_108,SAFE
42463,SAFE
60443,SAFE
16953,SAFE
12934,SAFE
31859,SAFE
2635,SAFE
13374,SAFE
22791,SAFE
25033,SAFE
26055,SAFE
25028,SAFE
45938,SAFE
36191,SAFE
39038,SAFE
18249,SAFE
23065,SAFE
9533,SAFE
49763,SAFE
14843,SAFE
7386,SAFE
95_New_11,SAFE
8895,SAFE
3392,SAFE
6927,SAFE
5889,SAFE
12063,SAFE
18137,SAFE
41803,SAFE
New_W186_013,SAFE
New_W186_015,SAFE
15673,SAFE
32268,SAFE
28733,SAFE
29196,SAFE
128_NEW19,SAFE
128_NEW202,SAFE
55125,SAFE
140_New,SAFE
3689,SAFE
16005,SAFE
3688,SAFE
153rd067,SAFE
153rd073,SAFE
50915,SAFE
27951,SAFE
54906,SAFE
29662,SAFE
DN080STR037,SAFE
26135,SAFE
6626,SAFE
35839,SAFE
32453,SAFE
30861,SAFE
6815,SAFE
14174,SAFE
16199,SAFE
2601,SAFE
93_New75,SAFE
29788,SAFE
36896,SAFE
50042,SAFE
W196N095,SAFE
9930,SAFE
34850,SAFE
18236,SAFE
5997,SAFE
48020,SAFE
53553,SAFE
28529,SAFE
24426,SAFE
31842,SAFE
31418,SAFE
2570,SAFE
17576,SAFE
13806,SAFE
6347,SAFE
26425,SAFE
127_NA_9,SAFE
10806,SAFE
42681,SAFE
11610,SAFE
12930,SAFE
6766,SAFE
37594,SAFE
51601,SAFE
50302,SAFE
7657,SAFE
15846,SAFE
29465,SAFE
198_New_52,SAFE
24209,SAFE
29281,SAFE
25548,SAFE
10652,SAFE
16744,SAFE
6533,SAFE
6534,SAFE
4431,SAFE
23792,SAFE
9629,SAFE
32652,SAFE
30395,SAFE
32438,SAFE
39151,SAFE
16770,SAFE
2907,SAFE
7391,SAFE
16575,SAFE
8619,SAFE
W1680012,SAFE
55083,SAFE
46346,SAFE
11838,SAFE
3556,SAFE
152RD011,SAFE
151RD014,SAFE
50470,SAFE
26392,SAFE
15594,SAFE
3876,SAFE
1_New4,SAFE
42164,SAFE
45692,SAFE
15903,SAFE
83_New_2,SAFE
29033,SAFE
24607,SAFE
68049,SAFE
24_New_31,SAFE
23853,SAFE
39175,SAFE
48360,SAFE
8474,SAFE
48704,SAFE
48698,SAFE
43457,SAFE
9702,SAFE
16806,SAFE
31672,SAFE
36227,SAFE
50747,SAFE
17577,SAFE
7390,SAFE
5357,SAFE
17580,SAFE
15589,SAFE
3259,SAFE
13569,SAFE
8906,SAFE
16786,SAFE
8231,SAFE
12375,SAFE
85_NEW21,SAFE
14261,SAFE
45755,SAFE
New_20_150,SAFE
30940,SAFE
39436,SAFE
23073,SAFE
25700,SAFE
50553,SAFE
44689,SAFE
50052,SAFE
9810,SAFE
33729,SAFE
39888,SAFE
17235,SAFE
17234,SAFE
15248,SAFE
30354,SAFE
11704,SAFE
25662,SAFE
59889,SAFE
55713,SAFE
084_New_02_D,SAFE
25974,SAFE
35270,SAFE
85_NEW67,SAFE
7189,SAFE
36213,SAFE
153rd023,SAFE
"39451
",SAFE
W190ST026,SAFE
2249,SAFE
"DN189STR033
",SAFE
"DN189STR031
",SAFE
46052,SAFE
16843,SAFE
3_NEW8,SAFE
14971,SAFE
68069,SAFE
17780,SAFE
141_NEW260,SAFE
4190,SAFE
82_NEW_220,SAFE
4725,SAFE
151RD016,SAFE
4667,SAFE
14951,SAFE
W190ST024,SAFE
W190ST023,SAFE
27_New_19,SAFE
2649,SAFE
53461,SAFE
41228,SAFE
38672,SAFE
55189,SAFE
25150,SAFE
60398,SAFE
6009,SAFE
31780,SAFE
15845,SAFE
11837,SAFE
13816,SAFE
3354,SAFE
131_NEW200,SAFE
37169,SAFE
NEW1690129,SAFE
15046,SAFE
35049,SAFE
33054,SAFE
12789,SAFE
6270,SAFE
15681,SAFE
37868,SAFE
28163,SAFE
28166,SAFE
34933,SAFE
W149RD24,SAFE
41829,SAFE
27279,SAFE
25333,SAFE
82_NEW_49,SAFE
25199,SAFE
8967,SAFE
23674,SAFE
23573,SAFE
27075,SAFE
50936,SAFE
50995,SAFE
50996,SAFE
50997,SAFE
198_New_125,SAFE
26260,SAFE
93_New77,SAFE
3816,SAFE
10006,SAFE
45485,SAFE
13131,SAFE
23513,SAFE
31496,SAFE
15600,SAFE
30_New_2,SAFE
28881,SAFE
9769,SAFE
31200,SAFE
4072,SAFE
8188,SAFE
16371,SAFE
100_New_1,SAFE
4706,SAFE
"42361
",SAFE
34480,SAFE
13502,SAFE
34209,SAFE
123_New_11,SAFE
30_NEW_11,SAFE
17804,SAFE
3518,SAFE
30222,SAFE
31743,SAFE
102_New_1,SAFE
29058,SAFE
10613,SAFE
16704,SAFE
38390,SAFE
48780,SAFE
2713,SAFE
16386,SAFE
49094,SAFE
W194N072,SAFE
W194N074,SAFE
45695,SAFE
40772,SAFE
W194N071,SAFE
25953,SAFE
2_New13,SAFE
24604,SAFE
29278,SAFE
2_New4,SAFE
42100,SAFE
"44325
",SAFE
9596,SAFE
15707,SAFE
41513,SAFE
31617,SAFE
W194N116,SAFE
13611,SAFE
91_NEW92,SAFE
55618,SAFE
55615,SAFE
12905,SAFE
10853,SAFE
12904,SAFE
33187,SAFE
10514,SAFE
8540,SAFE
28917,SAFE
40211,SAFE
34769,SAFE
14177,SAFE
New_36_150,SAFE
35746,SAFE
32947,SAFE
"40293
",SAFE
15676,SAFE
30738,SAFE
43222,SAFE
4601,SAFE
6688,SAFE
14416,SAFE
4634,SAFE
13541,SAFE
53368,SAFE
10672,SAFE
6557,SAFE
50192,SAFE
4364,SAFE
83_New_68,SAFE
5983,SAFE
5984,SAFE
28249,SAFE
27642,SAFE
25258,SAFE
25372,SAFE
24024,SAFE
28254,SAFE
23444,SAFE
48685,SAFE
2973,SAFE
New_W188_0152,SAFE
NEW1690034,SAFE
3019,SAFE
3495,SAFE
13927,SAFE
60572,SAFE
2724,SAFE
40582,SAFE
NEW1690075,SAFE
27903,SAFE
"49265
",SAFE
30332,SAFE
38454,SAFE
27594,SAFE
180_NA_4,SAFE
28563,SAFE
26831,SAFE
12989,SAFE
4727,SAFE
147_NEW2,SAFE
23436,SAFE
031_New_D,SAFE
33726,SAFE
"49478
",SAFE
4660,SAFE
54302,SAFE
55026,SAFE
W190ST099,SAFE
4823,SAFE
52884,SAFE
18444,SAFE
25370,SAFE
9785,SAFE
85_NEW20,SAFE
5037,SAFE
2959,SAFE
"DN185STR007
",SAFE
New_W188_0124,SAFE
80_New_11,SAFE
25188,SAFE
23750,SAFE
26378,SAFE
32_new1,SAFE
55367,SAFE
10644,SAFE
14765,SAFE
23001,SAFE
7426,SAFE
3309,SAFE
38049,SAFE
17416,SAFE
17522,SAFE
29_New_8,SAFE
2762,SAFE
17074,SAFE
25552,SAFE
63W_New_10,SAFE
50592,SAFE
39631,SAFE
40574,SAFE
6034,SAFE
6033,SAFE
2070,SAFE
18245,SAFE
91_NEW117,SAFE
5377,SAFE
23863,SAFE
39035,SAFE
5408,SAFE
5548,SAFE
14926,SAFE
NEW1690138,SAFE
NEW1690090,SAFE
NEW1690062,SAFE
40829,SAFE
33670,SAFE
30513,SAFE
34233,SAFE
4327,SAFE
51837,SAFE
6507,SAFE
13620,SAFE
10629,SAFE
30310,SAFE
8492,SAFE
10746,SAFE
6631,SAFE
4539,SAFE
190_New_12_D,SAFE
190_New_13_D,SAFE
32479,SAFE
18105,SAFE
18106,SAFE
3643,SAFE
15639,SAFE
17981,SAFE
"30605
",SAFE
New_W188_0258,SAFE
29630,SAFE
4593,SAFE
41898,SAFE
36257,SAFE
30952,SAFE
24621,SAFE
37929,SAFE
42356,SAFE
13650,SAFE
14937,SAFE
7571,SAFE
36843,SAFE
4871,SAFE
53517,SAFE
27_New_15,SAFE
30144,SAFE
33930,SAFE
5530,SAFE
86_New180,SAFE
13585,SAFE
46818,SAFE
6852,SAFE
36855,SAFE
39905,SAFE
30523,SAFE
10361,SAFE
39330,SAFE
W196N039,SAFE
13392,SAFE
11345,SAFE
7205,SAFE
60122,SAFE
5657,SAFE
32455,SAFE
93_New130,SAFE
93_New131,SAFE
085_New_1_D,SAFE
27266,SAFE
16_NEW18,SAFE
11572,SAFE
25817,SAFE
17810,SAFE
18448,SAFE
18650,SAFE
102_New_7,SAFE
102_New_9,SAFE
15039,SAFE
4681,SAFE
31205,SAFE
32625,SAFE
36015,SAFE
56292,SAFE
8027,SAFE
11627,SAFE
35878,SAFE
36642,SAFE
16396,SAFE
34907,SAFE
41622,SAFE
51810,SAFE
12087,SAFE
29476,SAFE
32577,SAFE
NEW1690016,SAFE
58W_NA_1,SAFE
19_NEW41,SAFE
13792,SAFE
DN080STR001,SAFE
28145,SAFE
DN184STR013,SAFE
33129,SAFE
W196N002,SAFE
37529,SAFE
50472,SAFE
24801,SAFE
W193N136,SAFE
8621,SAFE
16_NEW37,SAFE
83_New_24,SAFE
4247,SAFE
42025,SAFE
88_New,SAFE
27357,SAFE
82_NEW_203,SAFE
82_NEW_144,SAFE
53547,SAFE
53694,SAFE
53746,SAFE
29089,SAFE
55220,SAFE
56095,SAFE
56094,SAFE
11044,SAFE
36245,SAFE
33424,SAFE
11225,SAFE
49104,SAFE
11045,SAFE
6180,SAFE
8178,SAFE
2050,SAFE
27068,SAFE
55711,SAFE
30_New_43,SAFE
22875,SAFE
26977,SAFE
27373,SAFE
44249,SAFE
48690,SAFE
48688,SAFE
12512,SAFE
8280,SAFE
42546,SAFE
49558,SAFE
49603,SAFE
31691,SAFE
6042,SAFE
14222,SAFE
15784,SAFE
6043,SAFE
14221,SAFE
16462,SAFE
15573,SAFE
New_W188_0234,SAFE
17067,SAFE
6913,SAFE
46462,SAFE
24931,SAFE
6752,SAFE
7289,SAFE
91_NEW24,SAFE
6651,SAFE
2483,SAFE
25695,SAFE
25_NEW32,SAFE
5940,SAFE
81_NEW25,SAFE
5278,SAFE
42264,SAFE
11178,SAFE
31697,SAFE
33727,SAFE
35234,SAFE
33073,SAFE
164_New_02_D,SAFE
W1680004,SAFE
23836,SAFE
85_NEW10,SAFE
17936,SAFE
43369,SAFE
25_NEW70,SAFE
3248,SAFE
13557,SAFE
10147,SAFE
17_New_21,SAFE
48406,SAFE
198_New_48,SAFE
51479,SAFE
35815,SAFE
W196N016,SAFE
39402,SAFE
25696,SAFE
17_New_24,SAFE
32952,SAFE
27169,SAFE
22832,SAFE
6458,SAFE
10547,SAFE
40894,SAFE
40152,SAFE
9651,SAFE
7622,SAFE
3528,SAFE
25634,SAFE
24063,SAFE
29086,SAFE
32648,SAFE
44984,SAFE
New_W188_0182,SAFE
41422,SAFE
22822,SAFE
NEW1690111,SAFE
38588,SAFE
57310,SAFE
39795,SAFE
38451,SAFE
37798,SAFE
160_New_1,SAFE
46488,SAFE
45783,SAFE
10767,SAFE
91_NEW13,SAFE
NEW_183_40,SAFE
30678,SAFE
26310,SAFE
8850,SAFE
2682,SAFE
9823,SAFE
15963,SAFE
13939,SAFE
8974,SAFE
2787,SAFE
44983,SAFE
68556,SAFE
28244,SAFE
23098,SAFE
28085,SAFE
23568,SAFE
51627,SAFE
195_New_32,SAFE
51979,SAFE
50335,SAFE
15947,SAFE
2126,SAFE
6744,SAFE
151_NEW1,SAFE
151_NEW2,SAFE
27375,SAFE
42527,SAFE
24_NEW_22,SAFE
54508,SAFE
45562,SAFE
9253,SAFE
6002,SAFE
17215,SAFE
13022,SAFE
13021,SAFE
49753,SAFE
53582,SAFE
25285,SAFE
42412,SAFE
34807,SAFE
8232,SAFE
4125,SAFE
4392,SAFE
4391,SAFE
14909,SAFE
14908,SAFE
6510,SAFE
13944,SAFE
44730,SAFE
12065,SAFE
7698,SAFE
W167N028,SAFE
11341,SAFE
13395,SAFE
83_New_65,SAFE
50023,SAFE
195_New_27,SAFE
32215,SAFE
10890,SAFE
16966,SAFE
8799,SAFE
4678,SAFE
8798,SAFE
4677,SAFE
6785,SAFE
4675,SAFE
10887,SAFE
2629,SAFE
10886,SAFE
17578,SAFE
15741,SAFE
29565,SAFE
43467,SAFE
43466,SAFE
26180,SAFE
48656,SAFE
14707,SAFE
53355,SAFE
43805,SAFE
45305,SAFE
29976,SAFE
24_New_10,SAFE
39132,SAFE
"49408
",SAFE
9937,SAFE
15461,SAFE
28752,SAFE
8154,SAFE
18333,SAFE
3506,SAFE
"32993
",SAFE
24061,SAFE
17483,SAFE
198_New_78,SAFE
30304,SAFE
83_New_69,SAFE
31182,SAFE
16236,SAFE
16235,SAFE
16238,SAFE
53425,SAFE
"DN190STR028
",SAFE
22831,SAFE
25674,SAFE
23043,SAFE
30768,SAFE
40866,SAFE
10229,SAFE
4028,SAFE
16494,SAFE
13829,SAFE
37900,SAFE
39131,SAFE
53852,SAFE
15870,SAFE
"7661
",SAFE
17555,SAFE
9440,SAFE
54316,SAFE
54901,SAFE
24_New_28,SAFE
22948,SAFE
198_New_22,SAFE
49725,SAFE
30408,SAFE
125_New_4,SAFE
34299,SAFE
16895,SAFE
17540,SAFE
11504,SAFE
18314,SAFE
New_W188_0142,SAFE
16949,SAFE
9081,SAFE
15226,SAFE
49492,SAFE
49184,SAFE
49183,SAFE
29722,SAFE
55531,SAFE
55532,SAFE
59740,SAFE
37396,SAFE
33785,SAFE
42084,SAFE
89_New14,SAFE
12346,SAFE
2700,SAFE
7960,SAFE
37245,SAFE
2621,SAFE
14959,SAFE
8792,SAFE
30185,SAFE
31116,SAFE
7741,SAFE
41816,SAFE
38210,SAFE
24771,SAFE
14038,SAFE
18101,SAFE
41552,SAFE
40079,SAFE
40229,SAFE
35152,SAFE
34941,SAFE
30319,SAFE
29116,SAFE
5482,SAFE
23778,SAFE
23188,SAFE
92_New44,SAFE
40818,SAFE
10769,SAFE
3860,SAFE
6674,SAFE
12720,SAFE
14608,SAFE
37855,SAFE
41742,SAFE
8587,SAFE
15820,SAFE
9549,SAFE
43057,SAFE
32505,SAFE
NEW4,SAFE
W1680023,SAFE
New_W188_0262,SAFE
3049,SAFE
17908,SAFE
W196N023,SAFE
11503,SAFE
12252,SAFE
8080,SAFE
14244,SAFE
25854,SAFE
68588,SAFE
17675,SAFE
88_New15,SAFE
17335,SAFE
48535,SAFE
17962,SAFE
53511,SAFE
12950,SAFE
22950,SAFE
23799,SAFE
9414,SAFE
9996,SAFE
12069,SAFE
12070,SAFE
165_New_28,SAFE
30656,SAFE
53666,SAFE
24_New_30,SAFE
93_New125,SAFE
60435,SAFE
8745,SAFE
14700,SAFE
4988,SAFE
W190ST123,SAFE
8367,SAFE
5698,SAFE
9658,SAFE
5770,SAFE
24301,SAFE
14354,SAFE
14356,SAFE
10583,SAFE
19_NEW45,SAFE
48124,SAFE
46187,SAFE
5253,SAFE
33282,SAFE
33985,SAFE
60250,SAFE
39754,SAFE
39371,SAFE
33501,SAFE
33000,SAFE
38483,SAFE
31517,SAFE
31799,SAFE
33264,SAFE
27377,SAFE
25396,SAFE
2991,SAFE
7142,SAFE
9171,SAFE
17284,SAFE
2964,SAFE
7116,SAFE
13124,SAFE
11069,SAFE
9642,SAFE
13746,SAFE
5540,SAFE
5847,SAFE
9739,SAFE
16452,SAFE
27806,SAFE
48172,SAFE
31761,SAFE
17376,SAFE
59199,SAFE
34408,SAFE
"30500
",SAFE
2476,SAFE
3170,SAFE
24622,SAFE
25616,SAFE
29025,SAFE
17996,SAFE
15859,SAFE
12876,SAFE
13729,SAFE
2611,SAFE
4763,SAFE
50895,SAFE
32758,SAFE
37579,SAFE
16961,SAFE
13172,SAFE
7001,SAFE
17561,SAFE
11669,SAFE
17682,SAFE
17680,SAFE
23_New_2,SAFE
91_NEW111,SAFE
91_NEW110,SAFE
48511,SAFE
11821,SAFE
7643,SAFE
18347,SAFE
16231,SAFE
15347,SAFE
11949,SAFE
28831,SAFE
28577,SAFE
45862,SAFE
29816,SAFE
38819,SAFE
"35780
",SAFE
92_New18,SAFE
48434,SAFE
15217,SAFE
25295,SAFE
50698,SAFE
37313,SAFE
37132,SAFE
15182,SAFE
W196N102,SAFE
55207,SAFE
25701,SAFE
53445,SAFE
49088,SAFE
11027,SAFE
6233,SAFE
10136,SAFE
16417,SAFE
16418,SAFE
12380,SAFE
4292,SAFE
35940,SAFE
31903,SAFE
29770,SAFE
9364,SAFE
46442,SAFE
11460,SAFE
7307,SAFE
42055,SAFE
27896,SAFE
83_New_72,SAFE
W143rd039,SAFE
68201,SAFE
28233,SAFE
49779,SAFE
25057,SAFE
37525,SAFE
"43698
",SAFE
"DN189STR077
",SAFE
"DN189STR080
",SAFE
W193N131,SAFE
W193N129,SAFE
W193N128,SAFE
60535,SAFE
12698,SAFE
26834,SAFE
DN155STR007,SAFE
2537,SAFE
50957,SAFE
28550,SAFE
12609,SAFE
12557,SAFE
6037,SAFE
3955,SAFE
23131,SAFE
53508,SAFE
68245,SAFE
4451,SAFE
18190,SAFE
47993,SAFE
2410,SAFE
24070,SAFE
91_NEW30,SAFE
53729,SAFE
53417,SAFE
53622,SAFE
50008,SAFE
48471,SAFE
48405,SAFE
55482,SAFE
9426,SAFE
7348,SAFE
30062,SAFE
17378,SAFE
45045,SAFE
3575,SAFE
43539,SAFE
U19,SAFE
40863,SAFE
49888,SAFE
36593,SAFE
51540,SAFE
36747,SAFE
17799,SAFE
DN184STR021,SAFE
123_New_7,SAFE
27397,SAFE
12067,SAFE
10512,SAFE
6434,SAFE
W194N108,SAFE
W194N109,SAFE
W194N111,SAFE
W196N001,SAFE
16301,SAFE
26695,SAFE
40501,SAFE
33877,SAFE
10819,SAFE
2567,SAFE
3418,SAFE
13402,SAFE
9296,SAFE
7_New18,SAFE
14944,SAFE
22943,SAFE
27410,SAFE
44799,SAFE
83_New_13,SAFE
12842,SAFE
37751,SAFE
48992,SAFE
W190ST115,SAFE
7344,SAFE
17134,SAFE
5077,SAFE
7156,SAFE
29123,SAFE
8917,SAFE
51836,SAFE
33_NEW18,SAFE
26968,SAFE
23280,SAFE
NEW1690008,SAFE
32191,SAFE
38163,SAFE
24623,SAFE
13999,SAFE
11848,SAFE
3568,SAFE
7490,SAFE
7487,SAFE
9580,SAFE
18621,SAFE
11900,SAFE
15719,SAFE
66626,SAFE
10018,SAFE
3960,SAFE
48022,SAFE
67597,SAFE
30241,SAFE
41747,SAFE
40713,SAFE
156_NEW61,SAFE
15080,SAFE
10981,SAFE
37864,SAFE
35013,SAFE
7246,SAFE
37573,SAFE
4915,SAFE
11116,SAFE
18_NEW14,SAFE
10384,SAFE
26472,SAFE
55625,SAFE
11039,SAFE
24210,SAFE
4719,SAFE
45289,SAFE
16068,SAFE
28450,SAFE
48756,SAFE
9904,SAFE
36744,SAFE
35720,SAFE
15223,SAFE
086_New_02_D,SAFE
16833,SAFE
16913,SAFE
15037,SAFE
8836,SAFE
W149RD25,SAFE
3251,SAFE
10196,SAFE
8384,SAFE
50543,SAFE
16422,SAFE
11008,SAFE
17073,SAFE
6481,SAFE
44482,SAFE
44495,SAFE
127_NA_5,SAFE
31779,SAFE
35963,SAFE
31061,SAFE
50413,SAFE
18703,SAFE
033_New_01_D,SAFE
34388,SAFE
67642,SAFE
48189,SAFE
48119,SAFE
59696,SAFE
83_New_18,SAFE
DN017STR003,SAFE
49538,SAFE
W196N014,SAFE
147_NEW3,SAFE
36713,SAFE
23044,SAFE
13042,SAFE
84_NEW29,SAFE
24_New_35,SAFE
53877,SAFE
17607,SAFE
6168,SAFE
50689,SAFE
38284,SAFE
9332,SAFE
16221,SAFE
3390,SAFE
15074,SAFE
9886,SAFE
New_W188_0110,SAFE
16392,SAFE
53330,SAFE
25091,SAFE
4268,SAFE
24833,SAFE
2602,SAFE
6663,SAFE
25_NEW11,SAFE
139_NEW1,SAFE
17627,SAFE
16265,SAFE
28_New_3,SAFE
38878,SAFE
162_NA,SAFE
55712,SAFE
6639,SAFE
4547,SAFE
46133,SAFE
29209,SAFE
32904,SAFE
30938,SAFE
8128,SAFE
7614,SAFE
53664,SAFE
53307,SAFE
36991,SAFE
40321,SAFE
34385,SAFE
37845,SAFE
11911,SAFE
11587,SAFE
3310,SAFE
4549,SAFE
29_New_12,SAFE
30_New_48,SAFE
New_W186_039,SAFE
New_W186_038,SAFE
43424,SAFE
33719,SAFE
39809,SAFE
New_W186_023,SAFE
10871,SAFE
16482,SAFE
38341,SAFE
5344,SAFE
45555,SAFE
26265,SAFE
50392,SAFE
2545,SAFE
5114,SAFE
24920,SAFE
3836,SAFE
9850,SAFE
13258,SAFE
17288,SAFE
26264,SAFE
146RD011,SAFE
15161,SAFE
17119,SAFE
15163,SAFE
4878,SAFE
New_W188_0153,SAFE
4522,SAFE
171_NA,SAFE
171_NEW3,SAFE
37886,SAFE
84_NEW12,SAFE
45907,SAFE
46795,SAFE
86_New18,SAFE
31801,SAFE
37368,SAFE
5489,SAFE
17197,SAFE
183_New_62,SAFE
48605,SAFE
9859,SAFE
33519,SAFE
10754,SAFE
5829,SAFE
43267,SAFE
16150,SAFE
156_NEW1,SAFE
3920,SAFE
198_New_111,SAFE
27362,SAFE
35699,SAFE
26656,SAFE
13865,SAFE
156_NEW37,SAFE
25761,SAFE
5932,SAFE
16154,SAFE
18143,SAFE
28124,SAFE
40W_New_20,SAFE
12555,SAFE
16595,SAFE
25_NEW101,SAFE
26435,SAFE
49112,SAFE
35786,SAFE
44929,SAFE
35950,SAFE
"38917
",SAFE
55006,SAFE
16426,SAFE
65842,SAFE
85_NEW22,SAFE
15568,SAFE
28953,SAFE
18213,SAFE
2168,SAFE
4201,SAFE
43826,SAFE
16_NEW98,SAFE
8223,SAFE
17336,SAFE
38231,SAFE
33487,SAFE
51028,SAFE
30496,SAFE
17123,SAFE
6972,SAFE
13141,SAFE
25_NEW25,SAFE
24229,SAFE
25946,SAFE
27973,SAFE
27974,SAFE
24983,SAFE
24985,SAFE
24850,SAFE
25949,SAFE
58W_NA_4,SAFE
15139,SAFE
28664,SAFE
25661,SAFE
43711,SAFE
45027,SAFE
41315,SAFE
33915,SAFE
11967,SAFE
16004,SAFE
48493,SAFE
23576,SAFE
6471,SAFE
10561,SAFE
12489,SAFE
6341,SAFE
43620,SAFE
35861,SAFE
23662,SAFE
23564,SAFE
13526,SAFE
13342,SAFE
42513,SAFE
14276,SAFE
12292,SAFE
4041,SAFE
12305,SAFE
153rd050,SAFE
8716,SAFE
13572,SAFE
"43690
",SAFE
"30019
",SAFE
14306,SAFE
13699,SAFE
16228,SAFE
27183,SAFE
39231,SAFE
48220,SAFE
32149,SAFE
9400,SAFE
39329,SAFE
27790,SAFE
29096,SAFE
28759,SAFE
26194,SAFE
12801,SAFE
49029,SAFE
28275,SAFE
23694,SAFE
45297,SAFE
108_New_3,SAFE
93_New57,SAFE
2357,SAFE
13183,SAFE
4921,SAFE
49591,SAFE
83_New_96,SAFE
198_New_59,SAFE
6379,SAFE
26073,SAFE
45927,SAFE
4342,SAFE
1983,SAFE
23434,SAFE
4100,SAFE
55132,SAFE
42202,SAFE
199_New_6,SAFE
11562,SAFE
2541,SAFE
81_NEW2,SAFE
28956,SAFE
2205,SAFE
7408,SAFE
10574,SAFE
10895,SAFE
86_New193,SAFE
17286,SAFE
11617,SAFE
23504,SAFE
13246,SAFE
11430,SAFE
3149,SAFE
6100,SAFE
3954,SAFE
130_NEW1,SAFE
55640,SAFE
NEW1690078,SAFE
NEW1690047,SAFE
28493,SAFE
24916,SAFE
9734,SAFE
26190,SAFE
8196,SAFE
23281,SAFE
83_New_86,SAFE
165_New_16,SAFE
165_New_17,SAFE
38958,SAFE
38544,SAFE
37994,SAFE
28390,SAFE
24_New_73,SAFE
60467,SAFE
4050,SAFE
14892,SAFE
82_NEW_28,SAFE
182_New_17,SAFE
82_NEW_160,SAFE
3834,SAFE
3385,SAFE
3207,SAFE
9567,SAFE
39880,SAFE
13696,SAFE
16587,SAFE
8051,SAFE
7908,SAFE
18141,SAFE
15129,SAFE
24078,SAFE
53465,SAFE
10840,SAFE
37402,SAFE
33369,SAFE
13640,SAFE
198_New_56,SAFE
41556,SAFE
25458,SAFE
8680,SAFE
13231,SAFE
17379,SAFE
17488,SAFE
48528,SAFE
22738,SAFE
79_New_15,SAFE
4104,SAFE
51430,SAFE
11842,SAFE
50401,SAFE
11648,SAFE
3371,SAFE
15762,SAFE
9470,SAFE
5354,SAFE
3217,SAFE
NEW1690130,SAFE
NEW1690132,SAFE
New_W188_0166,SAFE
28723,SAFE
8451,SAFE
86_New181,SAFE
10870,SAFE
15917,SAFE
99_99999_1,SAFE
4879,SAFE
15399,SAFE
153rd069,SAFE
14484,SAFE
2142,SAFE
8899,SAFE
17044,SAFE
15307,SAFE
11079,SAFE
32708,SAFE
39926,SAFE
91_NEW2,SAFE
32989,SAFE
26282,SAFE
25956,SAFE
24_New_20,SAFE
7850,SAFE
45953,SAFE
34510,SAFE
86_New152,SAFE
86_New154,SAFE
92_New121,SAFE
27326,SAFE
14933,SAFE
9905,SAFE
W149RD15,SAFE
17223,SAFE
17221,SAFE
4975,SAFE
2917,SAFE
16342,SAFE
50380,SAFE
36156,SAFE
38397,SAFE
31495,SAFE
3618,SAFE
9805,SAFE
2088,SAFE
156_NEW139,SAFE
51043,SAFE
3009,SAFE
16_NEW20,SAFE
26634,SAFE
2508,SAFE
26_New_42,SAFE
9947,SAFE
29980,SAFE
New_32_150,SAFE
48531,SAFE
35707,SAFE
85_NEW71,SAFE
29076,SAFE
86_New126,SAFE
79_New_28,SAFE
48118,SAFE
9264,SAFE
3036,SAFE
27422,SAFE
27054,SAFE
2037,SAFE
30031,SAFE
30021,SAFE
35529,SAFE
13937,SAFE
46227,SAFE
34255,SAFE
51805,SAFE
31817,SAFE
36735,SAFE
2429,SAFE
40701,SAFE
3596,SAFE
17960,SAFE
17644,SAFE
26474,SAFE
182_New8,SAFE
28838,SAFE
25173,SAFE
23802,SAFE
24932,SAFE
8052,SAFE
15253,SAFE
36479,SAFE
27656,SAFE
48539,SAFE
28270,SAFE
14719,SAFE
32058,SAFE
New_W188_0019,SAFE
23945,SAFE
24740,SAFE
10878,SAFE
W194N059,SAFE
11749,SAFE
17802,SAFE
15803,SAFE
8060,SAFE
4033,SAFE
16427,SAFE
27_New_2,SAFE
91_NEW93,SAFE
W149RD09,SAFE
42666,SAFE
146RD014,SAFE
17_New_47,SAFE
40188,SAFE
146RD032,SAFE
New_17-150,SAFE
39386,SAFE
45571,SAFE
10639,SAFE
39277,SAFE
17433,SAFE
8504,SAFE
9294,SAFE
9300,SAFE
18259,SAFE
198_New_88,SAFE
198_New_82,SAFE
198_New_102,SAFE
13504,SAFE
53390,SAFE
14983,SAFE
14673,SAFE
36357,SAFE
41289,SAFE
34496,SAFE
5_New3,SAFE
17305,SAFE
5686,SAFE
8939,SAFE
2613,SAFE
2536,SAFE
29952,SAFE
35257,SAFE
23199,SAFE
7986,SAFE
7988,SAFE
4_New2,SAFE
4_New4,SAFE
50727,SAFE
28856,SAFE
82_NEW_154,SAFE
56360,SAFE
146RD021,SAFE
13481,SAFE
197_New_52,SAFE
24406,SAFE
064_NEW9,SAFE
064_NEW7,SAFE
82_NEW_30,SAFE
45713,SAFE
82_NEW_190,SAFE
82_NEW_58,SAFE
82_NEW_153,SAFE
8418,SAFE
16046,SAFE
16050,SAFE
New_W188_0178,SAFE
New_W188_0175,SAFE
31676,SAFE
35562,SAFE
15536,SAFE
43013,SAFE
8672,SAFE
33122,SAFE
New_W188_0060,SAFE
W190ST046,SAFE
W190ST047,SAFE
W190ST013,SAFE
44334,SAFE
43485,SAFE
131_New_5,SAFE
10374,SAFE
51892,SAFE
51894,SAFE
18241,SAFE
10497,SAFE
11619,SAFE
152RD010,SAFE
34680,SAFE
79_New_7,SAFE
39149,SAFE
35588,SAFE
200_New_2,SAFE
200_New_4,SAFE
200_New_7,SAFE
16283,SAFE
17809,SAFE
40268,SAFE
42239,SAFE
"42475
",SAFE
12001,SAFE
42479,SAFE
31088,SAFE
13873,SAFE
49966,SAFE
50179,SAFE
48764,SAFE
40312,SAFE
41840,SAFE
12190,SAFE
24630,SAFE
84_NEW18,SAFE
32495,SAFE
"38038
",SAFE
9251,SAFE
5120,SAFE
New_W188_0070,SAFE
New_W188_0086,SAFE
36446,SAFE
45504,SAFE
W196N041,SAFE
8011,SAFE
5992,SAFE
68112,SAFE
33623,SAFE
28756,SAFE
24517,SAFE
22903,SAFE
34828,SAFE
26976,SAFE
5331,SAFE
12975,SAFE
40725,SAFE
40851,SAFE
41027,SAFE
39883,SAFE
30405,SAFE
37227,SAFE
27252,SAFE
34753,SAFE
30786,SAFE
12236,SAFE
3970,SAFE
14813,SAFE
38772,SAFE
"40548
",SAFE
32504,SAFE
16069,SAFE
16737,SAFE
6530,SAFE
5224,SAFE
28841,SAFE
17508,SAFE
5067,SAFE
4598,SAFE
4782,SAFE
34096,SAFE
68203,SAFE
68200,SAFE
8110,SAFE
16564,SAFE
44622,SAFE
48740,SAFE
29277,SAFE
53464,SAFE
86_New28,SAFE
86_New29,SAFE
29251,SAFE
2393,SAFE
8586,SAFE
2221,SAFE
New_W186_011,SAFE
5639,SAFE
10670,SAFE
38842,SAFE
34435,SAFE
53428,SAFE
28016,SAFE
16394,SAFE
83_New_57,SAFE
83_New_28,SAFE
25113,SAFE
27135,SAFE
25340,SAFE
25262,SAFE
16659,SAFE
58006,SAFE
41231,SAFE
53383,SAFE
6343,SAFE
5372,SAFE
13584,SAFE
3134,SAFE
93_New85,SAFE
32220,SAFE
14599,SAFE
2596,SAFE
25235,SAFE
12806,SAFE
17032,SAFE
2524,SAFE
10776,SAFE
6465,SAFE
54285,SAFE
15367,SAFE
9695,SAFE
25731,SAFE
5848,SAFE
4952,SAFE
34785,SAFE
8344,SAFE
68524,SAFE
30398,SAFE
40524,SAFE
50542,SAFE
28136,SAFE
55721,SAFE
18237,SAFE
10949,SAFE
22_New_20,SAFE
9427,SAFE
3220,SAFE
11508,SAFE
68262,SAFE
36230,SAFE
4407,SAFE
8565,SAFE
4583,SAFE
31704,SAFE
W190ST095,SAFE
8163,SAFE
67743,SAFE
33694,SAFE
5674,SAFE
24290,SAFE
2539,SAFE
5570,SAFE
49493,SAFE
24196,SAFE
24438,SAFE
28314,SAFE
24439,SAFE
25384,SAFE
28582,SAFE
26671,SAFE
26670,SAFE
27_NEW_17,SAFE
23_New_20,SAFE
W189ST040,SAFE
11650,SAFE
11783,SAFE
30877,SAFE
34922,SAFE
46020,SAFE
45063,SAFE
"43725
",SAFE
27_New_3,SAFE
11130,SAFE
W190ST109,SAFE
W190ST071,SAFE
15541,SAFE
35162,SAFE
31957,SAFE
17491,SAFE
17489,SAFE
24361,SAFE
2728,SAFE
92_New54,SAFE
30303,SAFE
8539,SAFE
29090,SAFE
2140,SAFE
46199,SAFE
New_W188_0133,SAFE
49135,SAFE
50887,SAFE
13901,SAFE
14347,SAFE
12294,SAFE
24159,SAFE
27035,SAFE
37071,SAFE
13812,SAFE
59904,SAFE
93_New54,SAFE
6840,SAFE
6841,SAFE
50317,SAFE
4751,SAFE
17786,SAFE
5555,SAFE
12778,SAFE
146_New_03_d,SAFE
40393,SAFE
W196N059,SAFE
8512,SAFE
5695,SAFE
18472,SAFE
53974,SAFE
52272,SAFE
33768,SAFE
33322,SAFE
86_New156,SAFE
86_New165,SAFE
86_New157,SAFE
86_New159,SAFE
199_New_22,SAFE
32689,SAFE
1910018,SAFE
3350,SAFE
7469,SAFE
37202,SAFE
5728,SAFE
17983,SAFE
25646,SAFE
W190ST140,SAFE
W190ST029,SAFE
6088,SAFE
60286,SAFE
5480,SAFE
10948,SAFE
3801,SAFE
8727,SAFE
13700,SAFE
165_New_02,SAFE
41798,SAFE
34548,SAFE
7112,SAFE
6677,SAFE
4462,SAFE
44306,SAFE
42983,SAFE
42891,SAFE
39640,SAFE
W193N130,SAFE
17428,SAFE
153rd065,SAFE
42679,SAFE
3_New25,SAFE
13443,SAFE
10998,SAFE
44637,SAFE
55028,SAFE
37503,SAFE
13555,SAFE
2815,SAFE
10461,SAFE
29279,SAFE
156_NEW118,SAFE
33762,SAFE
W185ST029,SAFE
15379,SAFE
49041,SAFE
27262,SAFE
12316,SAFE
7007,SAFE
14827,SAFE
40616,SAFE
23323,SAFE
83_New_121,SAFE
25622,SAFE
W190ST078,SAFE
3_New22,SAFE
27361,SAFE
27971,SAFE
39874,SAFE
39055,SAFE
NEW1690114,SAFE
17037,SAFE
42686,SAFE
38809,SAFE
4858,SAFE
9618,SAFE
51037,SAFE
11959,SAFE
29073,SAFE
51463,SAFE
25_NEW55,SAFE
14206,SAFE
6118,SAFE
45977,SAFE
39551,SAFE
50521,SAFE
26119,SAFE
5192,SAFE
5193,SAFE
10318,SAFE
41038,SAFE
10350,SAFE
2632,SAFE
27164,SAFE
51520,SAFE
18014,SAFE
16_NEW100,SAFE
2_New3,SAFE
1930,SAFE
8713,SAFE
15982,SAFE
30385,SAFE
42688,SAFE
15007,SAFE
5223,SAFE
13134,SAFE
6968,SAFE
40W_New_5,SAFE
14417,SAFE
12403,SAFE
2081,SAFE
W194N140,SAFE
30707,SAFE
"38307
",SAFE
27187,SAFE
31877,SAFE
87_NEW15,SAFE
W143rd037,SAFE
4535,SAFE
2404,SAFE
31863,SAFE
17048,SAFE
9431,SAFE
68078,SAFE
3795,SAFE
34316,SAFE
161_NEW102,SAFE
8071,SAFE
14713,SAFE
10275,SAFE
11672,SAFE
W190ST076,SAFE
W190ST077,SAFE
17608,SAFE
18229,SAFE
9744,SAFE
180_NA_2,SAFE
17164,SAFE
13191,SAFE
13192,SAFE
11128,SAFE
15199,SAFE
3564,SAFE
13153,SAFE
4895,SAFE
10437,SAFE
2198,SAFE
153rd024,SAFE
29072,SAFE
23035,SAFE
91_NEW19,SAFE
91_NEW70,SAFE
18150,SAFE
26035,SAFE
U27,SAFE
2703,SAFE
5642,SAFE
5643,SAFE
5644,SAFE
7653,SAFE
15865,SAFE
28564,SAFE
8846,SAFE
198_New_96,SAFE
9247,SAFE
7068,SAFE
11482,SAFE
25814,SAFE
22747,SAFE
17172,SAFE
17080,SAFE
2561,SAFE
14902,SAFE
"41553
",SAFE
6382,SAFE
14466,SAFE
28150,SAFE
37067,SAFE
NEW1690086,SAFE
4021,SAFE
7946,SAFE
46085,SAFE
42270,SAFE
38082,SAFE
37965,SAFE
2836,SAFE
197_New_26,SAFE
33186,SAFE
17321,SAFE
13334,SAFE
18367,SAFE
190_New_26_D,SAFE
"43738
",SAFE
27662,SAFE
27490,SAFE
45280,SAFE
45279,SAFE
26778,SAFE
10266,SAFE
2065,SAFE
"DN189STR022
",SAFE
"49355
",SAFE
40544,SAFE
46693,SAFE
9150,SAFE
106_New_11,SAFE
2949,SAFE
48866,SAFE
14979,SAFE
4087,SAFE
29680,SAFE
4124,SAFE
46358,SAFE
11836,SAFE
7658,SAFE
7659,SAFE
15847,SAFE
17851,SAFE
199_New_2,SAFE
91_New69,SAFE
40628,SAFE
53391,SAFE
7846,SAFE
182_New9,SAFE
35168,SAFE
11184,SAFE
1948,SAFE
31594,SAFE
W143rd015,SAFE
24322,SAFE
10281,SAFE
10280,SAFE
40745,SAFE
13757,SAFE
12276,SAFE
17985,SAFE
49078,SAFE
W185ST026,SAFE
29796,SAFE
5322,SAFE
3221,SAFE
14699,SAFE
16299,SAFE
32062,SAFE
83_New_99,SAFE
83_New_62,SAFE
34457,SAFE
33574,SAFE
32719,SAFE
17533,SAFE
W167N004,SAFE
16697,SAFE
10900,SAFE
24945,SAFE
11878,SAFE
3216,SAFE
9626,SAFE
W193N032,SAFE
37814,SAFE
NEW1690097,SAFE
16916,SAFE
10844,SAFE
New_W188_0095,SAFE
New_W188_0105,SAFE
27028,SAFE
6157,SAFE
1977,SAFE
12325,SAFE
4056,SAFE
27305,SAFE
15754,SAFE
7555,SAFE
12785,SAFE
090_New_05_D,SAFE
53707,SAFE
53730,SAFE
28947,SAFE
53823,SAFE
30_New_1,SAFE
79_New_75,SAFE
2446,SAFE
8812,SAFE
17564,SAFE
59849,SAFE
23589,SAFE
41281,SAFE
18119,SAFE
82_NEW_205,SAFE
41052,SAFE
32123,SAFE
New_W188_0230,SAFE
86_New145,SAFE
6955,SAFE
181_NEW,SAFE
9502,SAFE
15796,SAFE
93_New17,SAFE
32634,SAFE
153rd076,SAFE
153rd072,SAFE
153rd064,SAFE
4769,SAFE
15064,SAFE
7418,SAFE
3786,SAFE
27023,SAFE
1910031,SAFE
1910036,SAFE
1910035,SAFE
30739,SAFE
6757,SAFE
15332,SAFE
15322,SAFE
13335,SAFE
79_New_54,SAFE
17429,SAFE
8133,SAFE
12831,SAFE
8683,SAFE
12833,SAFE
25827,SAFE
6642,SAFE
26_New_28,SAFE
24119,SAFE
19_NEW16,SAFE
34733,SAFE
198_New_44,SAFE
8096,SAFE
89_NEW250,SAFE
28037,SAFE
092_New_01_D,SAFE
26076,SAFE
17736,SAFE
26582,SAFE
24_New_25,SAFE
15817,SAFE
29696,SAFE
37233,SAFE
10329,SAFE
49644,SAFE
23658,SAFE
23562,SAFE
27637,SAFE
"39972
",SAFE
15385,SAFE
44458,SAFE
53736,SAFE
6578,SAFE
14318,SAFE
4715,SAFE
5862,SAFE
53695,SAFE
53719,SAFE
49867,SAFE
14149,SAFE
68244,SAFE
23841,SAFE
25573,SAFE
53607,SAFE
44404,SAFE
079_New_03_D,SAFE
16293,SAFE
26352,SAFE
16837,SAFE
2080,SAFE
44486,SAFE
17892,SAFE
24064,SAFE
DN184STR008,SAFE
39385,SAFE
32610,SAFE
4899,SAFE
7623,SAFE
13694,SAFE
49667,SAFE
27077,SAFE
29768,SAFE
W194N094,SAFE
51975,SAFE
28904,SAFE
79_New_43,SAFE
7991,SAFE
6748,SAFE
30535,SAFE
29541,SAFE
50388,SAFE
38036,SAFE
16256,SAFE
5292,SAFE
14148,SAFE
9506,SAFE
12122,SAFE
064_NEW30,SAFE
36688,SAFE
17824,SAFE
29265,SAFE
17628,SAFE
29575,SAFE
24856,SAFE
3033,SAFE
3315,SAFE
10913,SAFE
20_NEW6,SAFE
4818,SAFE
4817,SAFE
30_New_36,SAFE
30_New_35,SAFE
2499,SAFE
80_New_21,SAFE
22999,SAFE
44777,SAFE
34178,SAFE
37049,SAFE
79_New_47,SAFE
7729,SAFE
9964,SAFE
077_NEW2,SAFE
16796,SAFE
59662,SAFE
45465,SAFE
31295,SAFE
31898,SAFE
42348,SAFE
12582,SAFE
2269,SAFE
27673,SAFE
48686,SAFE
30500,SAFE
"DN189STR016
",SAFE
"34408
",SAFE
45464,SAFE
15871,SAFE
48769,SAFE
48768,SAFE
175_NEW5,SAFE
10659,SAFE
12719,SAFE
6544,SAFE
10065,SAFE
82_NEW_66,SAFE
4026,SAFE
179_NEW,SAFE
14790,SAFE
14853,SAFE
8666,SAFE
16820,SAFE
17039,SAFE
23140,SAFE
23242,SAFE
198_New_93,SAFE
33007,SAFE
5971,SAFE
48218,SAFE
48065,SAFE
48138,SAFE
6540,SAFE
39097,SAFE
29811,SAFE
31507,SAFE
27_NEW80,SAFE
16_NEW103,SAFE
44801,SAFE
22889,SAFE
35957,SAFE
48824,SAFE
23387,SAFE
28159,SAFE
4068,SAFE
28_New_37,SAFE
New_W188_0007,SAFE
40434,SAFE
36449,SAFE
16582,SAFE
55839,SAFE
NEW1690077,SAFE
32120,SAFE
39411,SAFE
32164,SAFE
24874,SAFE
24041,SAFE
9534,SAFE
48085,SAFE
23682,SAFE
5337,SAFE
9599,SAFE
29960,SAFE
44967,SAFE
45730,SAFE
37674,SAFE
15147,SAFE
9259,SAFE
41901,SAFE
40509,SAFE
8790,SAFE
5912,SAFE
24415,SAFE
49802,SAFE
26659,SAFE
28989,SAFE
53929,SAFE
53928,SAFE
25058,SAFE
16245,SAFE
22938,SAFE
24775,SAFE
23357,SAFE
2364,SAFE
35620,SAFE
NEW1690010,SAFE
1961,SAFE
37795,SAFE
38647,SAFE
82_NEW_138,SAFE
45326,SAFE
82_NEW_137,SAFE
6353,SAFE
8089,SAFE
31451,SAFE
27546,SAFE
55029,SAFE
24_New_60,SAFE
49077,SAFE
New_W188_0238,SAFE
26026,SAFE
48029,SAFE
15746,SAFE
46041,SAFE
7150,SAFE
9944,SAFE
7856,SAFE
13319,SAFE
39156,SAFE
32331,SAFE
41953,SAFE
New_W188_0101,SAFE
New_W188_0100,SAFE
41456,SAFE
34156,SAFE
9465,SAFE
11604,SAFE
17_New_23,SAFE
22982,SAFE
25671,SAFE
40058,SAFE
NEW1690032,SAFE
2781,SAFE
6987,SAFE
15883,SAFE
13866,SAFE
17431,SAFE
67608,SAFE
27390,SAFE
24067,SAFE
85_NEW17,SAFE
198_New_37,SAFE
198_New_39,SAFE
198_New_46,SAFE
7_New15,SAFE
3224,SAFE
3225,SAFE
11468,SAFE
199_New_25,SAFE
27680,SAFE
10128,SAFE
16218,SAFE
14553,SAFE
27831,SAFE
3921,SAFE
16092,SAFE
5966,SAFE
4067,SAFE
3916,SAFE
92_New50,SAFE
4565,SAFE
10965,SAFE
3520,SAFE
4063,SAFE
23375,SAFE
27867,SAFE
26357,SAFE
2437,SAFE
6577,SAFE
4477,SAFE
14704,SAFE
6490,SAFE
12662,SAFE
9966,SAFE
22_New_7,SAFE
33728,SAFE
32193,SAFE
14906,SAFE
3322,SAFE
18192,SAFE
12160,SAFE
12631,SAFE
3741,SAFE
23691,SAFE
28701,SAFE
45530,SAFE
45478,SAFE
36354,SAFE
32921,SAFE
4827,SAFE
10391,SAFE
31607,SAFE
29136,SAFE
6238,SAFE
59975,SAFE
23230,SAFE
93_New123,SAFE
26096,SAFE
60575,SAFE
50934,SAFE
9446,SAFE
4336,SAFE
16675,SAFE
10667,SAFE
18653,SAFE
5794,SAFE
26_New_56,SAFE
12547,SAFE
11609,SAFE
7940,SAFE
22955,SAFE
40901,SAFE
36563,SAFE
38796,SAFE
38171,SAFE
37917,SAFE
41346,SAFE
38540,SAFE
22790,SAFE
10400,SAFE
12363,SAFE
59451,SAFE
85_NEW34,SAFE
11886,SAFE
60182,SAFE
6502,SAFE
29194,SAFE
24499,SAFE
68513,SAFE
19_NEW20,SAFE
"34910
",SAFE
8707,SAFE
6667,SAFE
49105,SAFE
New_W188_0288,SAFE
25663,SAFE
50347,SAFE
25_NEW23,SAFE
9915,SAFE
17664,SAFE
W194N022,SAFE
51824,SAFE
2_New5,SAFE
29400,SAFE
17063,SAFE
"39698
",SAFE
082_New_05_D,SAFE
082_New_01_D,SAFE
82_NEW_24,SAFE
26175,SAFE
29175,SAFE
25429,SAFE
26178,SAFE
29111,SAFE
49194,SAFE
32030,SAFE
15_NEW_7,SAFE
60402,SAFE
23610,SAFE
46W_New_7,SAFE
157_NA,SAFE
5611,SAFE
23102,SAFE
9694,SAFE
7220,SAFE
45993,SAFE
34123,SAFE
25404,SAFE
42372,SAFE
40297,SAFE
39244,SAFE
32365,SAFE
12810,SAFE
8871,SAFE
15040,SAFE
New_W188_0083,SAFE
35535,SAFE
83_New_75,SAFE
29417,SAFE
31420,SAFE
18174,SAFE
53788,SAFE
50694,SAFE
12371,SAFE
12472,SAFE
45893,SAFE
16800,SAFE
24_NEW_15,SAFE
36942,SAFE
35677,SAFE
29996,SAFE
35382,SAFE
41268,SAFE
4640,SAFE
13010,SAFE
8764,SAFE
29283,SAFE
165_New_06,SAFE
2940,SAFE
56329,SAFE
11507,SAFE
5913,SAFE
81_NEW27,SAFE
32811,SAFE
3284,SAFE
37193,SAFE
9780,SAFE
New_W188_0188,SAFE
New_W188_0189,SAFE
3206,SAFE
15687,SAFE
New_W186_019,SAFE
New_W186_016,SAFE
New_W186_017,SAFE
W194N005,SAFE
18178,SAFE
2693,SAFE
4023,SAFE
14364,SAFE
4085,SAFE
37066,SAFE
27635,SAFE
25_NEW94,SAFE
9548,SAFE
7724,SAFE
29890,SAFE
39973,SAFE
39W_New_14,SAFE
10679,SAFE
12800,SAFE
83_NEW_92,SAFE
45025,SAFE
28675,SAFE
41113,SAFE
37507,SAFE
14351,SAFE
023_New_07_D,SAFE
35393,SAFE
22_New_27,SAFE
24140,SAFE
37185,SAFE
16169,SAFE
10208,SAFE
24127,SAFE
48104,SAFE
15729,SAFE
3412,SAFE
11792,SAFE
13776,SAFE
11794,SAFE
49559,SAFE
4274,SAFE
40306,SAFE
34065,SAFE
W143rd056,SAFE
15126,SAFE
82_NEW_44,SAFE
29093,SAFE
24953,SAFE
28453,SAFE
W192N009,SAFE
3183,SAFE
39791,SAFE
26396,SAFE
28442,SAFE
85_NEW62,SAFE
4095,SAFE
127_NEW19,SAFE
46265,SAFE
16987,SAFE
38401,SAFE
89_New7,SAFE
89_New6,SAFE
24913,SAFE
38015,SAFE
28637,SAFE
51670,SAFE
15177,SAFE
45W_New_4,SAFE
33664,SAFE
37921,SAFE
39596,SAFE
10490,SAFE
026_New_05_D,SAFE
200_New_34,SAFE
82_NEW_116,SAFE
43478,SAFE
5021,SAFE
39067,SAFE
50916,SAFE
13034,SAFE
25407,SAFE
19_NEW39,SAFE
68070,SAFE
27437,SAFE
2099,SAFE
4932,SAFE
15246,SAFE
128_NEW14,SAFE
59563,SAFE
28324,SAFE
28590,SAFE
27076,SAFE
12707,SAFE
26315,SAFE
50515,SAFE
32016,SAFE
16383,SAFE
8201,SAFE
4084,SAFE
12354,SAFE
14359,SAFE
17_New_5,SAFE
26930,SAFE
39254,SAFE
31756,SAFE
34074,SAFE
40090,SAFE
35739,SAFE
48771,SAFE
5220,SAFE
53866,SAFE
10579,SAFE
6485,SAFE
15614,SAFE
42501,SAFE
156_NEW48,SAFE
39320,SAFE
27065,SAFE
36929,SAFE
38676,SAFE
W143rd058,SAFE
3203,SAFE
41207,SAFE
"37869
",SAFE
10273,SAFE
32_New4,SAFE
32431,SAFE
35511,SAFE
165_New_33,SAFE
165_New_10,SAFE
4428,SAFE
34120,SAFE
18535,SAFE
24_New_39,SAFE
24010,SAFE
29260,SAFE
29259,SAFE
13013,SAFE
50182,SAFE
10939,SAFE
53818,SAFE
53807,SAFE
25040,SAFE
50753,SAFE
64298,SAFE
42515,SAFE
5472,SAFE
39052,SAFE
11940,SAFE
86_New141,SAFE
24683,SAFE
39662,SAFE
12291,SAFE
197_New_70,SAFE
11512,SAFE
23397,SAFE
10135,SAFE
8755,SAFE
4508,SAFE
10718,SAFE
39276,SAFE
33175,SAFE
New_31_150,SAFE
42731,SAFE
NEW1690052,SAFE
16496,SAFE
31317,SAFE
33459,SAFE
10289,SAFE
8714,SAFE
41594,SAFE
42299,SAFE
4536,SAFE
55803,SAFE
W143rd036,SAFE
36899,SAFE
14456,SAFE
6338,SAFE
6348,SAFE
35470,SAFE
36648,SAFE
8312,SAFE
8314,SAFE
25_NEW81,SAFE
16686,SAFE
24534,SAFE
29105,SAFE
W193N134,SAFE
W193N102,SAFE
4175,SAFE
26286,SAFE
23944,SAFE
23640,SAFE
22745,SAFE
49188,SAFE
37168,SAFE
198_New_53,SAFE
198_New_50,SAFE
86_New121,SAFE
33085,SAFE
"39467
",SAFE
68525,SAFE
28391,SAFE
26164,SAFE
11201,SAFE
12531,SAFE
9006,SAFE
11209,SAFE
"41705
",SAFE
18_NEW4,SAFE
27878,SAFE
9689,SAFE
28309,SAFE
8667,SAFE
16824,SAFE
26_New_11,SAFE
30733,SAFE
32335,SAFE
9168,SAFE
7855,SAFE
8030,SAFE
50871,SAFE
New_W188_0024,SAFE
2967,SAFE
51432,SAFE
24201,SAFE
15049,SAFE
48734,SAFE
48735,SAFE
48130,SAFE
9634,SAFE
6209,SAFE
W196N058,SAFE
29820,SAFE
32399,SAFE
33082,SAFE
7751,SAFE
34138,SAFE
6005,SAFE
30079,SAFE
27142,SAFE
6418,SAFE
86_New184,SAFE
9355,SAFE
14764,SAFE
18209,SAFE
44270,SAFE
37263,SAFE
50349,SAFE
39990,SAFE
41928,SAFE
43301,SAFE
44692,SAFE
7529,SAFE
49854,SAFE
16853,SAFE
6660,SAFE
11799,SAFE
35627,SAFE
198_New_103,SAFE
39786,SAFE
2736,SAFE
"49488
",SAFE
W190ST094,SAFE
25151,SAFE
195_New_40,SAFE
60281,SAFE
5_New7,SAFE
92_New68,SAFE
33071,SAFE
11164,SAFE
42786,SAFE
7559,SAFE
26_NEW144,SAFE
59710,SAFE
New_W188_0056,SAFE
35966,SAFE
27611,SAFE
16598,SAFE
53550,SAFE
7040,SAFE
7041,SAFE
22880,SAFE
41178,SAFE
59842,SAFE
34374,SAFE
40224,SAFE
53331,SAFE
31659,SAFE
6862,SAFE
93_New21,SAFE
22963,SAFE
New_W188_0001,SAFE
28198,SAFE
14468,SAFE
2349,SAFE
DN080STR022,SAFE
13600,SAFE
87_NEW23,SAFE
41534,SAFE
27_New_7,SAFE
30244,SAFE
156_NEW47,SAFE
83_New_50,SAFE
3126,SAFE
37876,SAFE
36196,SAFE
38531,SAFE
6899,SAFE
13049,SAFE
23550,SAFE
23476,SAFE
3077,SAFE
14404,SAFE
198_New_65,SAFE
2181,SAFE
15572,SAFE
7362,SAFE
3240,SAFE
5531,SAFE
9971,SAFE
25156,SAFE
41401,SAFE
50271,SAFE
106_New_12,SAFE
28969,SAFE
NEW1690133,SAFE
37120,SAFE
9471,SAFE
93_New93,SAFE
11945,SAFE
18406,SAFE
175_NEW_5,SAFE
3491,SAFE
14973,SAFE
40124,SAFE
33325,SAFE
42281,SAFE
82_NEW_67,SAFE
30763,SAFE
16451,SAFE
190_New_09_D,SAFE
31325,SAFE
23771,SAFE
29195,SAFE
12911,SAFE
13008,SAFE
5897,SAFE
"49383
",SAFE
18830,SAFE
23619,SAFE
25051,SAFE
23454,SAFE
23699,SAFE
22817,SAFE
25669,SAFE
23223,SAFE
41794,SAFE
33547,SAFE
64784,SAFE
13663,SAFE
2856,SAFE
13659,SAFE
12573,SAFE
28882,SAFE
12268,SAFE
18315,SAFE
16281,SAFE
11370,SAFE
26751,SAFE
27069,SAFE
56093,SAFE
50848,SAFE
57376,SAFE
27_New_60,SAFE
45771,SAFE
6828,SAFE
10918,SAFE
2_New14,SAFE
60531,SAFE
6666,SAFE
80_New_7,SAFE
25508,SAFE
NEW1690106,SAFE
17343,SAFE
W194N142,SAFE
28998,SAFE
"39855
",SAFE
"37684
",SAFE
W190ST121,SAFE
14840,SAFE
60358,SAFE
59722,SAFE
40334,SAFE
8584,SAFE
26_NEW145,SAFE
30138,SAFE
3_New36_D,SAFE
43463,SAFE
27472,SAFE
40951,SAFE
2124,SAFE
12544,SAFE
2748,SAFE
28_NEW53,SAFE
7790,SAFE
"38667
",SAFE
25182,SAFE
25181,SAFE
31690,SAFE
32028,SAFE
52018,SAFE
15445,SAFE
17769,SAFE
5625,SAFE
7774,SAFE
24143,SAFE
26630,SAFE
26631,SAFE
34171,SAFE
37655,SAFE
26947,SAFE
40538,SAFE
16332,SAFE
1971,SAFE
15304,SAFE
37201,SAFE
43488,SAFE
11433,SAFE
24421,SAFE
46157,SAFE
16420,SAFE
14397,SAFE
New_W188_0078,SAFE
6689,SAFE
8514,SAFE
22992,SAFE
27720,SAFE
34652,SAFE
5411,SAFE
48585,SAFE
16968,SAFE
8391,SAFE
146RD042,SAFE
101_New,SAFE
91_NEW120,SAFE
91_NEW17,SAFE
17047,SAFE
10083,SAFE
44870,SAFE
30_New_40,SAFE
8019,SAFE
14291,SAFE
23808,SAFE
53629,SAFE
5_New,SAFE
23559,SAFE
"35668
",SAFE
86_New106,SAFE
W190ST003,SAFE
22_New_29,SAFE
26624,SAFE
106_NA_1,SAFE
29154,SAFE
7834,SAFE
85_NEW4,SAFE
6870,SAFE
38914,SAFE
6970,SAFE
15056,SAFE
3697,SAFE
31167,SAFE
42661,SAFE
26530,SAFE
16341,SAFE
25115,SAFE
26262,SAFE
28252,SAFE
12156,SAFE
17337,SAFE
38500,SAFE
13697,SAFE
15079,SAFE
13921,SAFE
7728,SAFE
32446,SAFE
24352,SAFE
86_New69,SAFE
86_New70,SAFE
NEW1690055,SAFE
22967,SAFE
33253,SAFE
14768,SAFE
5664,SAFE
33011,SAFE
33110,SAFE
84_NEW,SAFE
NEW12,SAFE
23100,SAFE
10_New01,SAFE
60242,SAFE
16033,SAFE
54408,SAFE
14896,SAFE
37182,SAFE
34620,SAFE
13860,SAFE
59674,SAFE
60241,SAFE
57960,SAFE
60109,SAFE
34101,SAFE
33257,SAFE
24369,SAFE
26799,SAFE
23_New_11,SAFE
10763,SAFE
15122,SAFE
31665,SAFE
22869,SAFE
25725,SAFE
23626,SAFE
81_NEW12,SAFE
25_NEW65,SAFE
25_NEW64,SAFE
11036,SAFE
55861,SAFE
13320,SAFE
48044,SAFE
48049,SAFE
4851,SAFE
4434,SAFE
14200,SAFE
8779,SAFE
15815,SAFE
79_New_5,SAFE
13052,SAFE
17058,SAFE
8497,SAFE
DN194STR057,SAFE
31500,SAFE
41251,SAFE
27633,SAFE
32500,SAFE
34735,SAFE
25779,SAFE
40103,SAFE
29148,SAFE
30854,SAFE
10540,SAFE
32751,SAFE
3804,SAFE
2927,SAFE
14144,SAFE
29030,SAFE
17910,SAFE
W194N052,SAFE
11558,SAFE
45287,SAFE
93_New96,SAFE
24296,SAFE
93_New92,SAFE
28910,SAFE
24836,SAFE
"DN189STR051
",SAFE
8436,SAFE
36547,SAFE
33879,SAFE
9_New8,SAFE
11087,SAFE
197_New_13,SAFE
24163,SAFE
38689,SAFE
23697,SAFE
24394,SAFE
3745,SAFE
15672,SAFE
55042,SAFE
48691,SAFE
48689,SAFE
27363,SAFE
60071,SAFE
W196N061,SAFE
4275,SAFE
11294,SAFE
5582,SAFE
48030,SAFE
19_NEW33,SAFE
17775,SAFE
23442,SAFE
83_New_32,SAFE
92_New113,SAFE
12429,SAFE
13622,SAFE
5725,SAFE
17679,SAFE
15644,SAFE
3188,SAFE
13864,SAFE
48274,SAFE
6879,SAFE
064_NEW40,SAFE
24034,SAFE
NEW1690009,SAFE
36120,SAFE
146RD024,SAFE
2387,SAFE
14424,SAFE
50374,SAFE
51768,SAFE
29088,SAFE
26302,SAFE
86_New42,SAFE
50114,SAFE
29192,SAFE
199_New_13,SAFE
15591,SAFE
6941,SAFE
W1680006,SAFE
16_NEW42,SAFE
128_NEW3,SAFE
68615,SAFE
7296,SAFE
7146,SAFE
39377,SAFE
31572,SAFE
13877,SAFE
127_NEW200,SAFE
46361,SAFE
48767,SAFE
32816,SAFE
22687,SAFE
8728,SAFE
12933,SAFE
18740,SAFE
4668,SAFE
23_NEW_18,SAFE
25645,SAFE
10_New05,SAFE
5557,SAFE
30177,SAFE
46262,SAFE
55722,SAFE
55715,SAFE
91_NEW10,SAFE
48512,SAFE
5462,SAFE
131_New_1,SAFE
7637,SAFE
16738,SAFE
2006,SAFE
24358,SAFE
18463,SAFE
W190ST103,SAFE
24889,SAFE
31_New_12,SAFE
59911,SAFE
43045,SAFE
17101,SAFE
48487,SAFE
24051,SAFE
27497,SAFE
32938,SAFE
35888,SAFE
13232,SAFE
29490,SAFE
16539,SAFE
10773,SAFE
10404,SAFE
24690,SAFE
9397,SAFE
25895,SAFE
33015,SAFE
31782,SAFE
28403,SAFE
123_NA_1,SAFE
7799,SAFE
48174,SAFE
W189ST032,SAFE
W189ST016,SAFE
41278,SAFE
25867,SAFE
29665,SAFE
W193N030,SAFE
23541,SAFE
17412,SAFE
42020,SAFE
18483,SAFE
5771,SAFE
35718,SAFE
064_NEW3,SAFE
46459,SAFE
68635,SAFE
39639,SAFE
5588,SAFE
5459,SAFE
5460,SAFE
5461,SAFE
27501,SAFE
W190ST042,SAFE
U28,SAFE
2527,SAFE
26935,SAFE
4182,SAFE
39835,SAFE
5426,SAFE
9418,SAFE
11182,SAFE
13121,SAFE
11065,SAFE
10298,SAFE
24227,SAFE
44820,SAFE
30860,SAFE
13451,SAFE
2462,SAFE
153rd012,SAFE
41651,SAFE
W190ST128,SAFE
43W_New_7,SAFE
43W_New_10,SAFE
109_New_1,SAFE
45875,SAFE
27341,SAFE
27005,SAFE
033_NEW17,SAFE
27491,SAFE
27498,SAFE
4468,SAFE
4469,SAFE
40960,SAFE
6904,SAFE
30489,SAFE
26766,SAFE
8968,SAFE
37822,SAFE
17883,SAFE
3244,SAFE
3237,SAFE
7361,SAFE
11513,SAFE
"DN190STR006
",SAFE
"DN190STR011
",SAFE
14890,SAFE
11331,SAFE
11353,SAFE
7166,SAFE
25670,SAFE
49664,SAFE
12406,SAFE
12407,SAFE
37898,SAFE
30903,SAFE
4636,SAFE
10741,SAFE
23226,SAFE
17199,SAFE
10226,SAFE
37755,SAFE
106_New_20,SAFE
7102,SAFE
18474,SAFE
13173,SAFE
27_NEW67,SAFE
28_NEW_14,SAFE
2798,SAFE
6992,SAFE
11061,SAFE
17550,SAFE
3230,SAFE
15849,SAFE
26_New_74,SAFE
26_New_73,SAFE
27900,SAFE
28828,SAFE
25506,SAFE
27059,SAFE
23130,SAFE
28305,SAFE
39453,SAFE
28182,SAFE
12493,SAFE
6364,SAFE
42349,SAFE
85NEW56,SAFE
27_New_36,SAFE
35768,SAFE
28873,SAFE
26154,SAFE
3071,SAFE
50432,SAFE
200_New_11,SAFE
23879,SAFE
29275,SAFE
24025,SAFE
"40940
",SAFE
29211,SAFE
30788,SAFE
34134,SAFE
38848,SAFE
93_New111,SAFE
48380,SAFE
14602,SAFE
14603,SAFE
10487,SAFE
41290,SAFE
26932,SAFE
12047,SAFE
13264,SAFE
109_New,SAFE
15265,SAFE
5390,SAFE
9551,SAFE
3527,SAFE
156_NEW70,SAFE
7091,SAFE
39310,SAFE
31890,SAFE
28_New_26,SAFE
28_New_25,SAFE
22783,SAFE
9313,SAFE
28408,SAFE
33139,SAFE
22975,SAFE
23186,SAFE
15444,SAFE
46250,SAFE
32664,SAFE
6887,SAFE
5837,SAFE
25465,SAFE
51609,SAFE
18451,SAFE
11035,SAFE
162_New_10,SAFE
161_New_3,SAFE
16192,SAFE
7993,SAFE
28502,SAFE
23155,SAFE
24996,SAFE
17601,SAFE
41457,SAFE
7181,SAFE
161_New_2,SAFE
9371,SAFE
31653,SAFE
29729,SAFE
10907,SAFE
38266,SAFE
40056,SAFE
33219,SAFE
39603,SAFE
57978,SAFE
10080,SAFE
NEW1690018,SAFE
14249,SAFE
10184,SAFE
13805,SAFE
10008,SAFE
32488,SAFE
15880,SAFE
6882,SAFE
48760,SAFE
8763,SAFE
10852,SAFE
W190ST088,SAFE
37174,SAFE
New_W188_0171,SAFE
New_W188_0184,SAFE
183_New_03,SAFE
83_New_26,SAFE
16797,SAFE
8328,SAFE
6323,SAFE
4156,SAFE
3944,SAFE
54488,SAFE
82_NEW_22,SAFE
55021,SAFE
55003,SAFE
50712,SAFE
26487,SAFE
3278,SAFE
3279,SAFE
17590,SAFE
29215,SAFE
9682,SAFE
28896,SAFE
25864,SAFE
26146,SAFE
93_New56,SAFE
31722,SAFE
New_W188_0006,SAFE
24624,SAFE
3320,SAFE
13032,SAFE
"41280
",SAFE
"38649
",SAFE
48661,SAFE
24762,SAFE
New_W188_0023,SAFE
37571,SAFE
49674,SAFE
14495,SAFE
31715,SAFE
7447,SAFE
15_NEW_1,SAFE
93_New37,SAFE
39641,SAFE
29745,SAFE
17104,SAFE
17744,SAFE
17743,SAFE
NEW1690112,SAFE
12841,SAFE
58016,SAFE
4088,SAFE
50891,SAFE
"DN189STR042
",SAFE
8287,SAFE
13545,SAFE
7178,SAFE
49148,SAFE
New_W188_0271,SAFE
14187,SAFE
10653,SAFE
42367,SAFE
28978,SAFE
11607,SAFE
27_New_33,SAFE
24342,SAFE
33558,SAFE
31503,SAFE
24026,SAFE
8902,SAFE
4316,SAFE
3709,SAFE
5793,SAFE
49089,SAFE
3227,SAFE
4_New9,SAFE
59712,SAFE
49197,SAFE
38487,SAFE
22_New_28,SAFE
2547,SAFE
6917,SAFE
11206,SAFE
17152,SAFE
16823,SAFE
25415,SAFE
32157,SAFE
29987,SAFE
2321,SAFE
34489,SAFE
W143rd006,SAFE
W143rd005,SAFE
30644,SAFE
39602,SAFE
10946,SAFE
4754,SAFE
199_New_23,SAFE
16296,SAFE
13433,SAFE
24643,SAFE
17003,SAFE
38302,SAFE
16798,SAFE
6587,SAFE
27823,SAFE
16466,SAFE
12424,SAFE
82_NEW_117,SAFE
W193N004,SAFE
39499,SAFE
53379,SAFE
New_W188_0290,SAFE
48868,SAFE
13201,SAFE
11133,SAFE
88_New9,SAFE
86_New46,SAFE
16663,SAFE
2304,SAFE
39012,SAFE
38325,SAFE
5561,SAFE
16500,SAFE
15711,SAFE
34290,SAFE
36745,SAFE
36303,SAFE
17549,SAFE
14883,SAFE
26145,SAFE
15108,SAFE
W194N165,SAFE
W194N159,SAFE
23_New_27,SAFE
6412,SAFE
48755,SAFE
29013,SAFE
25_NEW7,SAFE
8648,SAFE
198_New_75,SAFE
128_NEW8,SAFE
25625,SAFE
29038,SAFE
36246,SAFE
17401,SAFE
34923,SAFE
128_NEW4,SAFE
85_NEW26,SAFE
85_NEW25,SAFE
85_NEW24,SAFE
85_NEW23,SAFE
37134,SAFE
50501,SAFE
36420,SAFE
28350,SAFE
11317,SAFE
17405,SAFE
5177,SAFE
40147,SAFE
59633,SAFE
4690,SAFE
6718,SAFE
17815,SAFE
50217,SAFE
199_New_10,SAFE
35990,SAFE
NEW_183_44,SAFE
82_NEW_74,SAFE
6704,SAFE
40892,SAFE
33232,SAFE
10156,SAFE
9525,SAFE
5401,SAFE
22_New_22,SAFE
15438,SAFE
36749,SAFE
42125,SAFE
32700,SAFE
146RD013,SAFE
26886,SAFE
16318,SAFE
24118,SAFE
26980,SAFE
125_NA,SAFE
9469,SAFE
34411,SAFE
12181,SAFE
7325,SAFE
65852,SAFE
13086,SAFE
22773,SAFE
53811,SAFE
53810,SAFE
37122,SAFE
39853,SAFE
33837,SAFE
14302,SAFE
18036,SAFE
"30604
",SAFE
"39082
",SAFE
42924,SAFE
26_New_4,SAFE
26827,SAFE
2339,SAFE
48270,SAFE
66610,SAFE
25245,SAFE
38897,SAFE
35661,SAFE
35278,SAFE
33681,SAFE
"DN185STR002
",SAFE
U18,SAFE
15326,SAFE
16771,SAFE
8568,SAFE
50691,SAFE
23211,SAFE
26343,SAFE
9429,SAFE
83_New_88,SAFE
15924,SAFE
82_NEW_175,SAFE
7824,SAFE
79_New_4,SAFE
17891,SAFE
38580,SAFE
24062,SAFE
17392,SAFE
10118,SAFE
26542,SAFE
25590,SAFE
25588,SAFE
12345,SAFE
6957,SAFE
36402,SAFE
11349,SAFE
86_New112,SAFE
14543,SAFE
14542,SAFE
3132,SAFE
W196N063,SAFE
W196N062,SAFE
38841,SAFE
56298,SAFE
200_New_57,SAFE
37944,SAFE
25484,SAFE
12496,SAFE
12498,SAFE
31599,SAFE
34822,SAFE
34295,SAFE
12749,SAFE
16782,SAFE
W1680001,SAFE
NEW1690134,SAFE
10282,SAFE
14362,SAFE
39242,SAFE
9747,SAFE
91_NEW123,SAFE
91_NEW125,SAFE
53718,SAFE
87_NEW16,SAFE
18122,SAFE
9441,SAFE
2115,SAFE
18064,SAFE
23303,SAFE
13498,SAFE
35094,SAFE
36007,SAFE
37080,SAFE
9086,SAFE
39496,SAFE
27874,SAFE
26575,SAFE
22722,SAFE
"33766
",SAFE
29473,SAFE
5743,SAFE
10451,SAFE
35482,SAFE
NEW1690079,SAFE
11621,SAFE
11361,SAFE
10983,SAFE
18116,SAFE
9965,SAFE
18176,SAFE
68115,SAFE
9244,SAFE
W194N025,SAFE
W194N018,SAFE
9603,SAFE
23745,SAFE
17935,SAFE
45773,SAFE
37369,SAFE
48684,SAFE
17544,SAFE
12102,SAFE
3331,SAFE
3837,SAFE
35663,SAFE
38332,SAFE
30789,SAFE
41152,SAFE
31184,SAFE
40331,SAFE
31112,SAFE
5993,SAFE
60444,SAFE
9659,SAFE
4319,SAFE
24595,SAFE
6713,SAFE
30462,SAFE
25803,SAFE
33844,SAFE
31640,SAFE
51898,SAFE
11125,SAFE
2864,SAFE
29146,SAFE
New_W188_0254,SAFE
28798,SAFE
12280,SAFE
40W_New_9,SAFE
29174,SAFE
26865,SAFE
59576,SAFE
58314,SAFE
W193N078,SAFE
6210,SAFE
48379,SAFE
18152,SAFE
37983,SAFE
162_New_03,SAFE
10923,SAFE
66775,SAFE
11306,SAFE
35726,SAFE
26996,SAFE
36885,SAFE
35570,SAFE
33127,SAFE
4301,SAFE
8458,SAFE
10586,SAFE
12756,SAFE
10973,SAFE
11344,SAFE
9288,SAFE
17384,SAFE
15401,SAFE
W143rd044,SAFE
34879,SAFE
195_New_2,SAFE
195_New_1,SAFE
3751,SAFE
25_NEW73,SAFE
W194N168,SAFE
46527,SAFE
2615,SAFE
11265,SAFE
9699,SAFE
18790,SAFE
37598,SAFE
13092,SAFE
10707,SAFE
4478,SAFE
14809,SAFE
3936,SAFE
12195,SAFE
14812,SAFE
15973,SAFE
127_NEW5,SAFE
11446,SAFE
50403,SAFE
33088,SAFE
22768,SAFE
10121,SAFE
7405,SAFE
9290,SAFE
13508,SAFE
34831,SAFE
42373,SAFE
40810,SAFE
39808,SAFE
49195,SAFE
82_NEW_115,SAFE
14830,SAFE
12859,SAFE
2540,SAFE
23032,SAFE
1965,SAFE
53507,SAFE
57954,SAFE
30987,SAFE
15759,SAFE
41746,SAFE
12519,SAFE
5044,SAFE
7252,SAFE
13649,SAFE
13943,SAFE
11080,SAFE
10123,SAFE
39635,SAFE
55190,SAFE
46586,SAFE
New_W188_0242,SAFE
46079,SAFE
24382,SAFE
15608,SAFE
17766,SAFE
W143rd048,SAFE
4933,SAFE
43479,SAFE
6872,SAFE
51012,SAFE
28_New_11,SAFE
50943,SAFE
22879,SAFE
183_New_81,SAFE
25310,SAFE
12825,SAFE
"DN190STR013
",SAFE
4843,SAFE
36118,SAFE
33534,SAFE
53701,SAFE
3704,SAFE
23410,SAFE
55384,SAFE
157_New_14,SAFE
"38959
",SAFE
197_New_20,SAFE
24443,SAFE
14486,SAFE
10403,SAFE
40265,SAFE
10220,SAFE
10340,SAFE
16627,SAFE
48747,SAFE
3419,SAFE
12223,SAFE
7225,SAFE
6564,SAFE
82_NEW_199,SAFE
82_NEW_196,SAFE
18300,SAFE
37781,SAFE
12068,SAFE
82_NEW_98,SAFE
13299,SAFE
5734,SAFE
5735,SAFE
13956,SAFE
9840,SAFE
17986,SAFE
29119,SAFE
7811,SAFE
26828,SAFE
35202,SAFE
5257,SAFE
23246,SAFE
10256,SAFE
4611,SAFE
W193N108,SAFE
44713,SAFE
28943,SAFE
7218,SAFE
38826,SAFE
87_NEW13,SAFE
48521,SAFE
180_NEW5,SAFE
29687,SAFE
103_NA_2,SAFE
16074,SAFE
53509,SAFE
90_New59,SAFE
25329,SAFE
29395,SAFE
"40976
",SAFE
5422,SAFE
30524,SAFE
W143rd047,SAFE
195_New_20,SAFE
W194N054,SAFE
16170,SAFE
49006,SAFE
11001,SAFE
85_NEW73,SAFE
50729,SAFE
3923,SAFE
4783,SAFE
6602,SAFE
7711,SAFE
29849,SAFE
32481,SAFE
11283,SAFE
6069,SAFE
14541,SAFE
153rd008,SAFE
55264,SAFE
1929,SAFE
1910008,SAFE
W193N006,SAFE
37904,SAFE
14070,SAFE
2369,SAFE
68050,SAFE
6796,SAFE
W190ST037,SAFE
68269,SAFE
82_NEW_149,SAFE
16_NEW108,SAFE
48260,SAFE
48430,SAFE
7530,SAFE
50223,SAFE
50220,SAFE
4926,SAFE
45976,SAFE
93_New43,SAFE
3442,SAFE
5533,SAFE
11681,SAFE
16483,SAFE
15544,SAFE
7827,SAFE
10982,SAFE
27269,SAFE
10291,SAFE
53830,SAFE
6136,SAFE
67773,SAFE
3_New19,SAFE
3_New20,SAFE
3_New26,SAFE
3_New23,SAFE
26_New_5,SAFE
W190ST085,SAFE
172_NEW13,SAFE
13832,SAFE
15722,SAFE
7521,SAFE
6531,SAFE
24928,SAFE
"37789
",SAFE
12476,SAFE
11712,SAFE
DN184STR035,SAFE
7955,SAFE
29992,SAFE
6845,SAFE
12106,SAFE
9137,SAFE
49496,SAFE
92_New77,SAFE
28886,SAFE
28027,SAFE
92_New76,SAFE
86_New163,SAFE
86_New174,SAFE
28476,SAFE
15653,SAFE
17_New_6,SAFE
48678,SAFE
29163,SAFE
17735,SAFE
3020,SAFE
25_NEW54,SAFE
43591,SAFE
12816,SAFE
28_New_45,SAFE
35065,SAFE
8560,SAFE
92_New129,SAFE
9166,SAFE
2963,SAFE
8382,SAFE
13662,SAFE
2461,SAFE
3119,SAFE
9287,SAFE
3057,SAFE
12138,SAFE
4653,SAFE
25642,SAFE
8702,SAFE
2018,SAFE
14363,SAFE
37661,SAFE
10817,SAFE
67631,SAFE
24177,SAFE
5496,SAFE
34016,SAFE
25995,SAFE
50857,SAFE
16720,SAFE
33757,SAFE
29316,SAFE
40117,SAFE
W190ST110,SAFE
"49486
",SAFE
44406,SAFE
15346,SAFE
9228,SAFE
6150,SAFE
8151,SAFE
29880,SAFE
36860,SAFE
25171,SAFE
23775,SAFE
7707,SAFE
7890,SAFE
15765,SAFE
3650,SAFE
17742,SAFE
91_NEW80,SAFE
16290,SAFE
8308,SAFE
14000,SAFE
38527,SAFE
11007,SAFE
5219,SAFE
17_New_10,SAFE
42095,SAFE
55108,SAFE
36355,SAFE
26147,SAFE
31332,SAFE
25_NEW83,SAFE
29555,SAFE
7792,SAFE
38298,SAFE
39924,SAFE
2686,SAFE
6920,SAFE
11266,SAFE
48710,SAFE
5183,SAFE
15427,SAFE
15780,SAFE
W194N076,SAFE
W194N078,SAFE
18467,SAFE
49548,SAFE
36405,SAFE
New_W188_0274,SAFE
43412,SAFE
38197,SAFE
5142,SAFE
27906,SAFE
25737,SAFE
27699,SAFE
26269,SAFE
23063,SAFE
48239,SAFE
12310,SAFE
15515,SAFE
7376,SAFE
13256,SAFE
7074,SAFE
12657,SAFE
4363,SAFE
30941,SAFE
53771,SAFE
13398,SAFE
5167,SAFE
11286,SAFE
4328,SAFE
50902,SAFE
33992,SAFE
68578,SAFE
36403,SAFE
16670,SAFE
81_NEW11,SAFE
41047,SAFE
3097,SAFE
7080,SAFE
New_W186_044,SAFE
27980,SAFE
85_NEW59,SAFE
37654,SAFE
27289,SAFE
38235,SAFE
14780,SAFE
12718,SAFE
"35375
",SAFE
12869,SAFE
44356,SAFE
46401,SAFE
35518,SAFE
4264,SAFE
51775,SAFE
36524,SAFE
26702,SAFE
35842,SAFE
6269,SAFE
8715,SAFE
14885,SAFE
8112,SAFE
17_New_9,SAFE
44380,SAFE
51994,SAFE
51467,SAFE
17_NEW_46,SAFE
13329,SAFE
15801,SAFE
4835,SAFE
14910,SAFE
4615,SAFE
2571,SAFE
43W_New_2,SAFE
W143rd008,SAFE
11257,SAFE
9176,SAFE
2972,SAFE
3504,SAFE
16569,SAFE
25064,SAFE
10126,SAFE
116_99999,SAFE
2201,SAFE
29001,SAFE
2758,SAFE
16336,SAFE
44647,SAFE
33731,SAFE
26130,SAFE
15063,SAFE
40112,SAFE
12314,SAFE
28170,SAFE
32798,SAFE
8591,SAFE
27496,SAFE
2607,SAFE
28413,SAFE
198_New_136,SAFE
W1680019,SAFE
43648,SAFE
"43739
",SAFE
23030,SAFE
83_New_30,SAFE
24905,SAFE
15072,SAFE
82_NEW_53,SAFE
86_New140,SAFE
4074,SAFE
79_New_66,SAFE
10116,SAFE
7400,SAFE
30643,SAFE
36743,SAFE
17347,SAFE
101_99999_1,SAFE
14833,SAFE
29365,SAFE
6170,SAFE
2517,SAFE
4439,SAFE
13788,SAFE
008_New,SAFE
4795,SAFE
79_New_2,SAFE
34989,SAFE
15437,SAFE
3208,SAFE
22821,SAFE
29185,SAFE
10_New06,SAFE
2654,SAFE
5211,SAFE
53357,SAFE
16641,SAFE
11932,SAFE
32508,SAFE
3559,SAFE
7665,SAFE
7127,SAFE
86_New144,SAFE
86_New143,SAFE
17850,SAFE
48103,SAFE
23402,SAFE
53776,SAFE
003_New_30_D,SAFE
15018,SAFE
14779,SAFE
15519,SAFE
87_NEW14,SAFE
4277,SAFE
29717,SAFE
27847,SAFE
2690,SAFE
48288,SAFE
68081,SAFE
16244,SAFE
W196N084,SAFE
W196N083,SAFE
44933,SAFE
34642,SAFE
82_NEW_8,SAFE
17147,SAFE
83_New_16,SAFE
15291,SAFE
W167N036,SAFE
38985,SAFE
17_New_7,SAFE
NEW1690058,SAFE
40177,SAFE
46549,SAFE
79_NEw_39,SAFE
79_New_38,SAFE
16667,SAFE
48259,SAFE
34543,SAFE
66532,SAFE
49758,SAFE
26157,SAFE
"38863
",SAFE
27026,SAFE
28794,SAFE
4931,SAFE
7019,SAFE
27_New_31,SAFE
27_New_29,SAFE
27_New_28,SAFE
14865,SAFE
13046,SAFE
13045,SAFE
48292,SAFE
16592,SAFE
10158,SAFE
38671,SAFE
28663,SAFE
25667,SAFE
24609,SAFE
23447,SAFE
46105,SAFE
4436,SAFE
12324,SAFE
7_New1,SAFE
45900,SAFE
3466,SAFE
1942,SAFE
16304,SAFE
64678,SAFE
10197,SAFE
14266,SAFE
26506,SAFE
33689,SAFE
48676,SAFE
29543,SAFE
14882,SAFE
42179,SAFE
W143rd007,SAFE
67751,SAFE
50399,SAFE
7159,SAFE
40633,SAFE
33948,SAFE
36974,SAFE
49700,SAFE
3822,SAFE
5933,SAFE
8915,SAFE
8102,SAFE
2503,SAFE
42883,SAFE
13303,SAFE
13302,SAFE
7958,SAFE
11288,SAFE
35122,SAFE
41342,SAFE
32548,SAFE
9392,SAFE
66534,SAFE
36481,SAFE
7953,SAFE
NEW1690117,SAFE
181_NEW2,SAFE
8207,SAFE
35285,SAFE
4939,SAFE
82_NEW_47,SAFE
New_W188_0111,SAFE
023_New_01_D,SAFE
32100,SAFE
59239,SAFE
50905,SAFE
16728,SAFE
38688,SAFE
13823,SAFE
35596,SAFE
42012,SAFE
14323,SAFE
8737,SAFE
198_New_105,SAFE
12098,SAFE
3079,SAFE
3234,SAFE
10493,SAFE
15066,SAFE
48660,SAFE
W143rd023,SAFE
50315,SAFE
42199,SAFE
32669,SAFE
26801,SAFE
90_New58,SAFE
5036,SAFE
7359,SAFE
30890,SAFE
3508,SAFE
86_New105,SAFE
23723,SAFE
8325,SAFE
5064,SAFE
48987,SAFE
48989,SAFE
60259,SAFE
161_New_8,SAFE
9282,SAFE
35743,SAFE
5287,SAFE
93_New72,SAFE
7858,SAFE
9945,SAFE
17684,SAFE
4515,SAFE
070_NEW3,SAFE
31038,SAFE
14297,SAFE
29156,SAFE
9188,SAFE
34318,SAFE
38937,SAFE
48472,SAFE
35038,SAFE
39576,SAFE
13982,SAFE
36168,SAFE
31773,SAFE
11884,SAFE
46176,SAFE
46307,SAFE
81_NEW19,SAFE
44319,SAFE
18622,SAFE
076_NEW,SAFE
4892,SAFE
86_New3,SAFE
86_New4,SAFE
35347,SAFE
15543,SAFE
3976,SAFE
31157,SAFE
38847,SAFE
3926,SAFE
28076,SAFE
38921,SAFE
38209,SAFE
36293,SAFE
198_New_51,SAFE
22759,SAFE
24784,SAFE
12656,SAFE
51773,SAFE
34414,SAFE
4924,SAFE
"41520
",SAFE
W193N048,SAFE
16905,SAFE
4333,SAFE
156_NEW136,SAFE
5780,SAFE
180_NA_1,SAFE
4096,SAFE
W192N010,SAFE
24126,SAFE
36660,SAFE
11372,SAFE
4071,SAFE
17523,SAFE
2052,SAFE
23103,SAFE
"35854
",SAFE
12048,SAFE
17506,SAFE
7314,SAFE
5290,SAFE
13512,SAFE
5288,SAFE
17504,SAFE
25096,SAFE
28619,SAFE
37753,SAFE
67619,SAFE
5671,SAFE
15838,SAFE
28616,SAFE
14210,SAFE
24284,SAFE
1972,SAFE
11307,SAFE
9279,SAFE
15979,SAFE
13961,SAFE
17993,SAFE
29697,SAFE
49670,SAFE
23838,SAFE
16_NEW84,SAFE
11530,SAFE
27841,SAFE
27864,SAFE
9587,SAFE
11051,SAFE
68526,SAFE
30599,SAFE
7556,SAFE
W196N013,SAFE
10663,SAFE
2021,SAFE
23596,SAFE
6566,SAFE
34524,SAFE
125_New_3,SAFE
2371,SAFE
28620,SAFE
43592,SAFE
14660,SAFE
23887,SAFE
42130,SAFE
25604,SAFE
82_NEW_176,SAFE
46449,SAFE
15747,SAFE
16678,SAFE
85_NEW101,SAFE
13368,SAFE
17526,SAFE
31270,SAFE
24895,SAFE
178_NEW1,SAFE
13804,SAFE
49343,SAFE
15748,SAFE
48701,SAFE
17243,SAFE
25641,SAFE
8820,SAFE
4867,SAFE
17808,SAFE
5580,SAFE
5581,SAFE
34321,SAFE
29610,SAFE
26808,SAFE
28_New_49,SAFE
7237,SAFE
3856,SAFE
49978,SAFE
55262,SAFE
6133,SAFE
30022,SAFE
39574,SAFE
New_W188_0252,SAFE
1980,SAFE
10019,SAFE
16963,SAFE
12568,SAFE
56294,SAFE
8696,SAFE
53683,SAFE
"30235
",SAFE
8611,SAFE
40267,SAFE
23285,SAFE
183_New_53,SAFE
5047,SAFE
198_New_95,SAFE
W189ST015,SAFE
W189ST012,SAFE
014_New_1_D,SAFE
W143rd038,SAFE
8148,SAFE
79_New_26,SAFE
2861,SAFE
60252,SAFE
030_New_22_D,SAFE
146RD006,SAFE
46330,SAFE
198_New_40,SAFE
41610,SAFE
8816,SAFE
38012,SAFE
86_New45,SAFE
25962,SAFE
11894,SAFE
11891,SAFE
38517,SAFE
18167,SAFE
30012,SAFE
30590,SAFE
8145,SAFE
14503,SAFE
22874,SAFE
25189,SAFE
6456,SAFE
New_W186_030,SAFE
30639,SAFE
30086,SAFE
24030,SAFE
9883,SAFE
28501,SAFE
New_W186_004,SAFE
8503,SAFE
8669,SAFE
13736,SAFE
175_NEW_6,SAFE
3937,SAFE
30096,SAFE
10481,SAFE
27168,SAFE
12686,SAFE
15923,SAFE
1910038,SAFE
28092,SAFE
2853,SAFE
36879,SAFE
31025,SAFE
W167N043,SAFE
16542,SAFE
13044,SAFE
51964,SAFE
50396,SAFE
4380,SAFE
33023,SAFE
7094,SAFE
NEW1690094,SAFE
5683,SAFE
29396,SAFE
6212,SAFE
13532,SAFE
16138,SAFE
18382,SAFE
"49257
",SAFE
39071,SAFE
29325,SAFE
25242,SAFE
68089,SAFE
48077,SAFE
93_New142,SAFE
8423,SAFE
37119,SAFE
156_NEW5,SAFE
7310,SAFE
13738,SAFE
82_NEW_130,SAFE
24449,SAFE
91_NEW6,SAFE
13815,SAFE
29485,SAFE
9292,SAFE
New_W188_0047,SAFE
New_W188_0046,SAFE
29502,SAFE
182_New11,SAFE
182_New4,SAFE
54896,SAFE
11014,SAFE
3366,SAFE
7712,SAFE
5584,SAFE
W196N066,SAFE
W196N022,SAFE
26_New_6,SAFE
34005,SAFE
9564,SAFE
18298,SAFE
7914,SAFE
18628,SAFE
33959,SAFE
49198,SAFE
34263,SAFE
9493,SAFE
84_NEW01,SAFE
65839,SAFE
17125,SAFE
8813,SAFE
26192,SAFE
34902,SAFE
28240,SAFE
28861,SAFE
27354,SAFE
6911,SAFE
14049,SAFE
16638,SAFE
35903,SAFE
34885,SAFE
3988,SAFE
16844,SAFE
9111,SAFE
022_New_01_D,SAFE
"34592
",SAFE
13151,SAFE
10495,SAFE
36432,SAFE
33038,SAFE
6119,SAFE
23860,SAFE
53660,SAFE
46174,SAFE
6182,SAFE
10457,SAFE
2218,SAFE
32413,SAFE
53762,SAFE
22_New_3,SAFE
31648,SAFE
17339,SAFE
2417,SAFE
13429,SAFE
59709,SAFE
7429,SAFE
48203,SAFE
40531,SAFE
5487,SAFE
"32202
",SAFE
"40828
",SAFE
26608,SAFE
22743,SAFE
25500,SAFE
29015,SAFE
30531,SAFE
33603,SAFE
161_NEW104,SAFE
54582,SAFE
"49264
",SAFE
48087,SAFE
22809,SAFE
NEW1690030,SAFE
6099,SAFE
6685,SAFE
24412,SAFE
8302,SAFE
86_New102,SAFE
36889,SAFE
37457,SAFE
3523,SAFE
156_NEW83,SAFE
195_New_4,SAFE
"DN190STR027
",SAFE
91_NEW72,SAFE
91_NEW73,SAFE
14056,SAFE
32734,SAFE
53566,SAFE
53583,SAFE
12071,SAFE
29911,SAFE
40061,SAFE
31431,SAFE
33_NEW3,SAFE
12812,SAFE
29446,SAFE
27622,SAFE
23721,SAFE
17770,SAFE
17790,SAFE
9484,SAFE
30429,SAFE
38185,SAFE
36054,SAFE
DN080STR048,SAFE
55487,SAFE
50334,SAFE
49707,SAFE
4329,SAFE
15358,SAFE
14661,SAFE
27516,SAFE
3277,SAFE
4524,SAFE
17056,SAFE
W143rd063,SAFE
7121,SAFE
5327,SAFE
53794,SAFE
New_W188_0061,SAFE
064_NEW20,SAFE
48944,SAFE
48609,SAFE
12722,SAFE
12721,SAFE
49696,SAFE
49693,SAFE
88_New37,SAFE
27350,SAFE
41262,SAFE
27970,SAFE
28864,SAFE
51513,SAFE
50896,SAFE
28_New_22,SAFE
3766,SAFE
87_NEW11,SAFE
16148,SAFE
16088,SAFE
4145,SAFE
"43736
",SAFE
41810,SAFE
27518,SAFE
49147,SAFE
12219,SAFE
32382,SAFE
15156,SAFE
92_New7,SAFE
92_New8,SAFE
92_New9,SAFE
25193,SAFE
60262,SAFE
9078,SAFE
1910010,SAFE
32616,SAFE
15530,SAFE
31384,SAFE
9563,SAFE
23818,SAFE
12348,SAFE
2014,SAFE
178_NEW2,SAFE
4779,SAFE
17054,SAFE
"DN189STR079
",SAFE
5525,SAFE
23133,SAFE
51480,SAFE
36298,SAFE
40884,SAFE
5596,SAFE
078_New,SAFE
W193N156,SAFE
W193N003,SAFE
40021,SAFE
156_NEW120,SAFE
8863,SAFE
10720,SAFE
8198,SAFE
NEW07,SAFE
183_New_08,SAFE
8633,SAFE
55206,SAFE
38854,SAFE
33557,SAFE
40991,SAFE
25248,SAFE
34911,SAFE
New_W188_0236,SAFE
54391,SAFE
6822,SAFE
13297,SAFE
93_New20,SAFE
15706,SAFE
14481,SAFE
6125,SAFE
29524,SAFE
31429,SAFE
48739,SAFE
42738,SAFE
069_NEW8,SAFE
93_New40,SAFE
"26735
",SAFE
17328,SAFE
9210,SAFE
34428,SAFE
5789,SAFE
16984,SAFE
198_New_71,SAFE
84_NEW280,SAFE
23793,SAFE
86_New148,SAFE
83_New_109,SAFE
15955,SAFE
31935,SAFE
12212,SAFE
5619,SAFE
13817,SAFE
34937,SAFE
39017,SAFE
15605,SAFE
45399,SAFE
29584,SAFE
16677,SAFE
55270,SAFE
166_NEW3,SAFE
54900,SAFE
54913,SAFE
54505,SAFE
54506,SAFE
54507,SAFE
33362,SAFE
54326,SAFE
3749,SAFE
16128,SAFE
15718,SAFE
17113,SAFE
198_New_119,SAFE
5195,SAFE
5841,SAFE
14702,SAFE
34965,SAFE
59727,SAFE
156_NEW62,SAFE
156_NEW100,SAFE
4526,SAFE
2494,SAFE
49530,SAFE
195_New_26,SAFE
36907,SAFE
82_NEW_102,SAFE
5943,SAFE
17_New_14,SAFE
11476,SAFE
5963,SAFE
24590,SAFE
2749,SAFE
26366,SAFE
26427,SAFE
9068,SAFE
4805,SAFE
25748,SAFE
16841,SAFE
29806,SAFE
12341,SAFE
49156,SAFE
48695,SAFE
12_New1,SAFE
12650,SAFE
26934,SAFE
6020,SAFE
43290,SAFE
49070,SAFE
28325,SAFE
16463,SAFE
42946,SAFE
42213,SAFE
90_New51,SAFE
11880,SAFE
17496,SAFE
11462,SAFE
10005,SAFE
10636,SAFE
4730,SAFE
18_NEW10,SAFE
30777,SAFE
33530,SAFE
23725,SAFE
"30931
",SAFE
14307,SAFE
16330,SAFE
14618,SAFE
23705,SAFE
48672,SAFE
27_New_8,SAFE
12851,SAFE
18166,SAFE
3797,SAFE
27_New_56,SAFE
25327,SAFE
14217,SAFE
156_NEW175,SAFE
156_NEW169,SAFE
14248,SAFE
3991,SAFE
29588,SAFE
8516,SAFE
6487,SAFE
16331,SAFE
28_New_24,SAFE
23078,SAFE
"49279
",SAFE
36410,SAFE
16985,SAFE
16847,SAFE
9165,SAFE
48671,SAFE
7648,SAFE
29979,SAFE
199_New_17,SAFE
9095,SAFE
25807,SAFE
59750,SAFE
29721,SAFE
13841,SAFE
84_New7,SAFE
3535,SAFE
34307,SAFE
15308,SAFE
93_New112,SAFE
5726,SAFE
17597,SAFE
6891,SAFE
8630,SAFE
25_NEW78,SAFE
86_New30,SAFE
68603,SAFE
54781,SAFE
27374,SAFE
W194N163,SAFE
12114,SAFE
52017,SAFE
8811,SAFE
29711,SAFE
42136,SAFE
23704,SAFE
25001,SAFE
23157,SAFE
45625,SAFE
7546,SAFE
23572,SAFE
80_New_5,SAFE
48357,SAFE
13330,SAFE
49056,SAFE
34848,SAFE
34849,SAFE
5049,SAFE
11226,SAFE
14982,SAFE
3420,SAFE
2355,SAFE
7734,SAFE
36393,SAFE
15638,SAFE
133_NEW210,SAFE
54696,SAFE
93_New50,SAFE
9315,SAFE
55859,SAFE
26489,SAFE
24705,SAFE
9918,SAFE
9331,SAFE
31012,SAFE
39111,SAFE
11381,SAFE
24835,SAFE
16388,SAFE
4620,SAFE
49592,SAFE
"32821
",SAFE
45341,SAFE
35828,SAFE
87_NEW22,SAFE
33183,SAFE
12725,SAFE
25527,SAFE
39047,SAFE
5574,SAFE
26_New_8,SAFE
7764,SAFE
12889,SAFE
41642,SAFE
15842,SAFE
56362,SAFE
48786,SAFE
7380,SAFE
28_New_13,SAFE
7162,SAFE
12522,SAFE
59976,SAFE
9420,SAFE
17654,SAFE
11630,SAFE
W196N049,SAFE
53727,SAFE
53765,SAFE
3021,SAFE
48352,SAFE
36754,SAFE
17513,SAFE
40577,SAFE
39914,SAFE
064_NEW10,SAFE
11475,SAFE
8501,SAFE
11425,SAFE
16801,SAFE
30748,SAFE
40062,SAFE
38299,SAFE
123_New_8,SAFE
24_New_8,SAFE
084_New_1_D,SAFE
14981,SAFE
55828,SAFE
3869,SAFE
48180,SAFE
32686,SAFE
40957,SAFE
33929,SAFE
41432,SAFE
153rd058,SAFE
153rd027,SAFE
14605,SAFE
81_NEW26,SAFE
88_New34,SAFE
41116,SAFE
5299,SAFE
34478,SAFE
14824,SAFE
39849,SAFE
11052,SAFE
50752,SAFE
6499,SAFE
W193N138,SAFE
W193N139,SAFE
35820,SAFE
15057,SAFE
8331,SAFE
12462,SAFE
14411,SAFE
8670,SAFE
10668,SAFE
16831,SAFE
12807,SAFE
3542,SAFE
12088,SAFE
180_NEW1,SAFE
48716,SAFE
48715,SAFE
48714,SAFE
29401,SAFE
45937,SAFE
25482,SAFE
23734,SAFE
16287,SAFE
34606,SAFE
W190ST063,SAFE
"37262
",SAFE
"42336
",SAFE
38229,SAFE
17132,SAFE
31279,SAFE
34375,SAFE
48947,SAFE
16_NEW46,SAFE
14110,SAFE
57674,SAFE
3457,SAFE
38379,SAFE
8186,SAFE
6160,SAFE
8411,SAFE
83_New_53,SAFE
11944,SAFE
48687,SAFE
23_NEW_19,SAFE
18295,SAFE
24120,SAFE
68375,SAFE
122_New_2,SAFE
26_NEW103,SAFE
23273,SAFE
22865,SAFE
4197,SAFE
46143,SAFE
New_W188_0294,SAFE
9495,SAFE
26182,SAFE
200_New_25,SAFE
45606,SAFE
13780,SAFE
39974,SAFE
32951,SAFE
44292,SAFE
44775,SAFE
43650,SAFE
24310,SAFE
44920,SAFE
54999,SAFE
36872,SAFE
4045,SAFE
6144,SAFE
16327,SAFE
14861,SAFE
16835,SAFE
32546,SAFE
NEW1690085,SAFE
"35473
",SAFE
7_New23,SAFE
59892,SAFE
29_New_3,SAFE
51013,SAFE
2_New9,SAFE
2_New8,SAFE
13252,SAFE
68630,SAFE
14524,SAFE
42565,SAFE
39093,SAFE
41036,SAFE
3406,SAFE
11826,SAFE
11822,SAFE
28122,SAFE
6443,SAFE
11256,SAFE
9818,SAFE
55490,SAFE
25542,SAFE
13138,SAFE
17122,SAFE
195_New_38,SAFE
25_NEW100,SAFE
17643,SAFE
11716,SAFE
5542,SAFE
4330,SAFE
"37671
",SAFE
34682,SAFE
8947,SAFE
153rd048,SAFE
15860,SAFE
40340,SAFE
40985,SAFE
33244,SAFE
13454,SAFE
50903,SAFE
197_New_54,SAFE
26864,SAFE
17040,SAFE
1910034,SAFE
39586,SAFE
27241,SAFE
14716,SAFE
8542,SAFE
9449,SAFE
3241,SAFE
3391,SAFE
18098,SAFE
51583,SAFE
24882,SAFE
26845,SAFE
12732,SAFE
12728,SAFE
112_NA_1,SAFE
24320,SAFE
6324,SAFE
41206,SAFE
16_NEW58,SAFE
"49316
",SAFE
W143rd042,SAFE
182_New_15,SAFE
W185ST013,SAFE
13530,SAFE
24491,SAFE
26617,SAFE
3519,SAFE
17097,SAFE
3204,SAFE
15351,SAFE
27275,SAFE
4471,SAFE
17727,SAFE
4093,SAFE
67673,SAFE
50459,SAFE
28028,SAFE
9439,SAFE
33580,SAFE
40066,SAFE
9410,SAFE
3969,SAFE
35104,SAFE
15940,SAFE
25174,SAFE
29526,SAFE
41248,SAFE
13536,SAFE
10862,SAFE
6223,SAFE
16333,SAFE
8590,SAFE
30522,SAFE
40149,SAFE
96_New_4,SAFE
"49461
",SAFE
5284,SAFE
68196,SAFE
25675,SAFE
32270,SAFE
9987,SAFE
16101,SAFE
7141,SAFE
10064,SAFE
23555,SAFE
37074,SAFE
48369,SAFE
8447,SAFE
4359,SAFE
15404,SAFE
27519,SAFE
28949,SAFE
26479,SAFE
32337,SAFE
3887,SAFE
5236,SAFE
49620,SAFE
3644,SAFE
17980,SAFE
3326,SAFE
55856,SAFE
11151,SAFE
39347,SAFE
3748,SAFE
New_W188_0162,SAFE
9627,SAFE
17495,SAFE
16954,SAFE
"DN189STR059
",SAFE
12235,SAFE
12233,SAFE
28_New_21,SAFE
31165,SAFE
49313,SAFE
"35592
",SAFE
"49241
",SAFE
10492,SAFE
23205,SAFE
28261,SAFE
41942,SAFE
23266,SAFE
17060,SAFE
31997,SAFE
53497,SAFE
New_W188_0135,SAFE
19_NEW42,SAFE
22712,SAFE
53418,SAFE
158_NA,SAFE
40191,SAFE
5464,SAFE
63W_New_6,SAFE
31950,SAFE
17359,SAFE
27956,SAFE
43484,SAFE
13915,SAFE
7606,SAFE
49110,SAFE
48633,SAFE
2064,SAFE
14204,SAFE
11301,SAFE
45283,SAFE
13466,SAFE
10631,SAFE
46697,SAFE
13160,SAFE
9087,SAFE
26101,SAFE
5559,SAFE
29935,SAFE
32865,SAFE
30202,SAFE
16612,SAFE
9710,SAFE
51015,SAFE
31406,SAFE
8406,SAFE
2296,SAFE
86_New186,SAFE
12355,SAFE
3979,SAFE
38438,SAFE
41042,SAFE
34529,SAFE
7866,SAFE
6032,SAFE
8781,SAFE
48068,SAFE
27352,SAFE
182_NEW2,SAFE
54786,SAFE
16543,SAFE
3209,SAFE
37754,SAFE
200_New_41,SAFE
23768,SAFE
27913,SAFE
31181,SAFE
12220,SAFE
31_New_10,SAFE
49561,SAFE
50022,SAFE
49562,SAFE
16185,SAFE
10088,SAFE
18220,SAFE
33523,SAFE
9924,SAFE
40344,SAFE
42317,SAFE
W190ST126,SAFE
28_New_23,SAFE
15234,SAFE
24311,SAFE
1910039,SAFE
39286,SAFE
197_New_69,SAFE
26855,SAFE
58026,SAFE
25539,SAFE
29274,SAFE
11774,SAFE
79_New_71,SAFE
67623,SAFE
26488,SAFE
"49411
",SAFE
37946,SAFE
48526,SAFE
15301,SAFE
4898,SAFE
23924,SAFE
84_NEW35,SAFE
82_NEW_83,SAFE
43522,SAFE
8298,SAFE
29014,SAFE
36834,SAFE
40303,SAFE
29864,SAFE
23406,SAFE
28566,SAFE
4416,SAFE
6523,SAFE
4415,SAFE
33235,SAFE
86_New185,SAFE
24551,SAFE
24755,SAFE
38462,SAFE
2443,SAFE
48823,SAFE
48831,SAFE
16_NEW104,SAFE
6559,SAFE
59168,SAFE
50311,SAFE
44244,SAFE
13024,SAFE
8507,SAFE
"49275
",SAFE
15173,SAFE
82_NEW_93,SAFE
82_NEW_48,SAFE
11291,SAFE
W196N113,SAFE
59726,SAFE
5527,SAFE
48626,SAFE
"41097
",SAFE
49649,SAFE
DN184STR007,SAFE
10854,SAFE
53773,SAFE
9938,SAFE
34078,SAFE
10735,SAFE
38170,SAFE
26675,SAFE
53728,SAFE
31671,SAFE
128_NEW9,SAFE
13149,SAFE
22_New_23,SAFE
22_New_10,SAFE
11586,SAFE
42680,SAFE
9274,SAFE
3662,SAFE
11220,SAFE
13274,SAFE
22766,SAFE
36668,SAFE
170_NEW16,SAFE
24481,SAFE
2535,SAFE
2427,SAFE
15534,SAFE
15826,SAFE
25297,SAFE
8491,SAFE
10964,SAFE
53433,SAFE
44722,SAFE
14770,SAFE
32946,SAFE
54446,SAFE
82_NEW_114,SAFE
12182,SAFE
3925,SAFE
3788,SAFE
9892,SAFE
25020,SAFE
16888,SAFE
53440,SAFE
17432,SAFE
30207,SAFE
7107,SAFE
25_NEW33,SAFE
25_NEW27,SAFE
25_NEW34,SAFE
33808,SAFE
30067,SAFE
26754,SAFE
15_NEW_23,SAFE
48305,SAFE
25025,SAFE
170_NEW2,SAFE
6498,SAFE
12507,SAFE
26469,SAFE
3563,SAFE
7115,SAFE
33677,SAFE
18_NEW21,SAFE
"30199
",SAFE
15432,SAFE
3594,SAFE
4133,SAFE
12396,SAFE
26457,SAFE
156_NEW137,SAFE
14747,SAFE
W193N147,SAFE
3123,SAFE
14192,SAFE
DN080STR024,SAFE
NEW1690060,SAFE
7182,SAFE
28843,SAFE
4844,SAFE
46W_New_8,SAFE
4985,SAFE
85_NEW19,SAFE
31059,SAFE
4349,SAFE
10669,SAFE
40010,SAFE
51693,SAFE
7896,SAFE
18436,SAFE
29531,SAFE
30614,SAFE
8970,SAFE
2319,SAFE
24721,SAFE
67628,SAFE
15547,SAFE
13384,SAFE
26491,SAFE
23542,SAFE
25093,SAFE
40141,SAFE
14529,SAFE
10740,SAFE
16662,SAFE
8263,SAFE
5684,SAFE
50274,SAFE
15612,SAFE
38009,SAFE
13647,SAFE
30809,SAFE
11532,SAFE
44511,SAFE
9021,SAFE
9020,SAFE
37444,SAFE
12487,SAFE
8743,SAFE
93_New129,SAFE
14303,SAFE
25010,SAFE
6151,SAFE
17543,SAFE
29004,SAFE
2187,SAFE
3229,SAFE
90_New20,SAFE
29409,SAFE
"38183
",SAFE
"36070
",SAFE
195_New_35,SAFE
14360,SAFE
26927,SAFE
60288,SAFE
2316,SAFE
2311,SAFE
12632,SAFE
41949,SAFE
13107,SAFE
30872,SAFE
19_NEW32,SAFE
9442,SAFE
9657,SAFE
5556,SAFE
U40,SAFE
W185ST025,SAFE
30544,SAFE
198_New_81,SAFE
New_W188_0269,SAFE
4873,SAFE
39562,SAFE
40797,SAFE
33964,SAFE
8721,SAFE
91_NEW12,SAFE
16547,SAFE
10438,SAFE
49057,SAFE
28277,SAFE
5396,SAFE
23247,SAFE
15542,SAFE
42203,SAFE
200_New_26,SAFE
34723,SAFE
8435,SAFE
22697,SAFE
40295,SAFE
48582,SAFE
16665,SAFE
3865,SAFE
14142,SAFE
59691,SAFE
198_New_80,SAFE
198_New_79,SAFE
12731,SAFE
29443,SAFE
15648,SAFE
12323,SAFE
11755,SAFE
24763,SAFE
9132,SAFE
15277,SAFE
8515,SAFE
39546,SAFE
45586,SAFE
26_New_33,SAFE
3959,SAFE
16668,SAFE
"DN189STR085
",SAFE
"DN189STR086
",SAFE
"DN189STR087
",SAFE
28095,SAFE
29955,SAFE
26884,SAFE
13165,SAFE
3558,SAFE
49151,SAFE
24347,SAFE
50479,SAFE
28588,SAFE
26450,SAFE
16_NEW118,SAFE
16_NEW52,SAFE
W193N012,SAFE
28303,SAFE
4437,SAFE
15836,SAFE
18781,SAFE
17938,SAFE
13471,SAFE
5641,SAFE
15203,SAFE
11145,SAFE
16044,SAFE
W190ST082,SAFE
37758,SAFE
197_New_1,SAFE
"37819
",SAFE
55034,SAFE
16858,SAFE
56236,SAFE
25922,SAFE
2673,SAFE
60406,SAFE
33511,SAFE
50455,SAFE
24085,SAFE
31757,SAFE
50782,SAFE
37219,SAFE
41426,SAFE
6611,SAFE
10873,SAFE
5157,SAFE
9993,SAFE
7909,SAFE
1933,SAFE
4011,SAFE
12283,SAFE
193_NEW01,SAFE
86_New61,SAFE
33499,SAFE
2213,SAFE
15874,SAFE
24718,SAFE
16900,SAFE
89_New8,SAFE
4080,SAFE
24_New_56,SAFE
32471,SAFE
17393,SAFE
13406,SAFE
32036,SAFE
4523,SAFE
10022,SAFE
26_New_7,SAFE
New_W188_0186,SAFE
4299,SAFE
37967,SAFE
11392,SAFE
33475,SAFE
195_New_31,SAFE
7448,SAFE
38066,SAFE
79_New_74,SAFE
157_New_11,SAFE
53388,SAFE
39834,SAFE
35240,SAFE
45658,SAFE
50242,SAFE
13152,SAFE
11186,SAFE
New_W188_0224,SAFE
6309,SAFE
128_NEW2,SAFE
W149RD01,SAFE
173_NEW7,SAFE
126_New_3,SAFE
24355,SAFE
14213,SAFE
80_New_20,SAFE
4448,SAFE
82_NEW_141,SAFE
4940,SAFE
17636,SAFE
13750,SAFE
10576,SAFE
New_W188_0033,SAFE
83_NEW_97,SAFE
New_W188_0044,SAFE
32417,SAFE
10569,SAFE
2897,SAFE
37717,SAFE
34064,SAFE
24870,SAFE
11251,SAFE
13298,SAFE
17289,SAFE
41157,SAFE
55868,SAFE
38756,SAFE
14636,SAFE
42734,SAFE
34703,SAFE
156_NEW142,SAFE
5675,SAFE
47W_New_1,SAFE
12873,SAFE
46W_New_3,SAFE
12736,SAFE
12567,SAFE
9613,SAFE
34530,SAFE
6894,SAFE
New_W188_0210,SAFE
New_W188_0157,SAFE
51469,SAFE
17585,SAFE
28180,SAFE
26393,SAFE
27645,SAFE
13353,SAFE
3378,SAFE
10972,SAFE
59685,SAFE
64302,SAFE
50268,SAFE
49971,SAFE
48711,SAFE
94_New_2,SAFE
53472,SAFE
New_W186_028,SAFE
10843,SAFE
16915,SAFE
29700,SAFE
50759,SAFE
79_New_20,SAFE
200_New_33,SAFE
2862,SAFE
33382,SAFE
39515,SAFE
38814,SAFE
12513,SAFE
7449,SAFE
26960,SAFE
27705,SAFE
32718,SAFE
14314,SAFE
35294,SAFE
35023,SAFE
16328,SAFE
11_New_3,SAFE
55769,SAFE
10748,SAFE
2492,SAFE
13593,SAFE
45448,SAFE
49748,SAFE
17166,SAFE
13733,SAFE
1910020,SAFE
5909,SAFE
7125,SAFE
6936,SAFE
165_New_36,SAFE
10530,SAFE
26_New_24,SAFE
197_New_18,SAFE
39327,SAFE
27742,SAFE
13617,SAFE
15736,SAFE
82_NEW_150,SAFE
82_NEW_151,SAFE
4961,SAFE
35530,SAFE
23464,SAFE
86_New43,SAFE
6378,SAFE
46089,SAFE
93_New9,SAFE
27568,SAFE
10709,SAFE
39430,SAFE
37170,SAFE
199_New_26,SAFE
31104,SAFE
5857,SAFE
37606,SAFE
24918,SAFE
137_NEW222,SAFE
50450,SAFE
59661,SAFE
New_02_150,SAFE
New_16-150,SAFE
30589,SAFE
7495,SAFE
160_New_3,SAFE
27444,SAFE
5733,SAFE
37146,SAFE
32898,SAFE
183_New_50,SAFE
44561,SAFE
50043,SAFE
85_NEW68,SAFE
37597,SAFE
60267,SAFE
15100,SAFE
4816,SAFE
2402,SAFE
17233,SAFE
37982,SAFE
23885,SAFE
5881,SAFE
W193N042,SAFE
165_New_19,SAFE
17641,SAFE
30410,SAFE
39262,SAFE
2138,SAFE
24532,SAFE
13799,SAFE
13549,SAFE
39860,SAFE
NEW_183_37,SAFE
183_New_61,SAFE
49546,SAFE
49565,SAFE
24594,SAFE
198_New_77,SAFE
68198,SAFE
82_NEW_96,SAFE
13796,SAFE
7123,SAFE
4631,SAFE
50658,SAFE
7968,SAFE
10723,SAFE
36301,SAFE
2975,SAFE
86_New162,SAFE
49928,SAFE
13811,SAFE
23777,SAFE
14703,SAFE
17691,SAFE
54783,SAFE
NEW1690069,SAFE
51560,SAFE
13380,SAFE
W149RD07,SAFE
35885,SAFE
24634,SAFE
8526,SAFE
57974,SAFE
35321,SAFE
W192N041,SAFE
170_NEW14,SAFE
31119,SAFE
156_NEW141,SAFE
8620,SAFE
82_NEW_80,SAFE
198_New_43,SAFE
23587,SAFE
DN080STR014,SAFE
83_New_101,SAFE
53919,SAFE
W167N017,SAFE
37255,SAFE
3027,SAFE
43043,SAFE
26_New_58,SAFE
37902,SAFE
27012,SAFE
28300,SAFE
3904,SAFE
3349,SAFE
50551,SAFE
28688,SAFE
30284,SAFE
35331,SAFE
13205,SAFE
10244,SAFE
31826,SAFE
58W_NA_3,SAFE
30299,SAFE
27158,SAFE
40743,SAFE
28372,SAFE
38752,SAFE
153rd068,SAFE
93_New65,SAFE
15567,SAFE
30208,SAFE
11565,SAFE
9792,SAFE
28410,SAFE
11032,SAFE
2309,SAFE
44353,SAFE
18194,SAFE
17_New_31,SAFE
9030,SAFE
13251,SAFE
11382,SAFE
23825,SAFE
32864,SAFE
W193N132,SAFE
48591,SAFE
55821,SAFE
7883,SAFE
160_New_4,SAFE
40690,SAFE
6232,SAFE
4590,SAFE
15986,SAFE
48683,SAFE
48682,SAFE
5241,SAFE
32721,SAFE
35964,SAFE
11889,SAFE
17942,SAFE
8998,SAFE
6296,SAFE
42032,SAFE
25578,SAFE
15734,SAFE
28662,SAFE
59847,SAFE
39885,SAFE
19_NEW27,SAFE
23248,SAFE
25198,SAFE
W194N057,SAFE
11723,SAFE
5087,SAFE
38472,SAFE
2962,SAFE
28543,SAFE
35100,SAFE
30112,SAFE
17525,SAFE
13564,SAFE
42438,SAFE
28054,SAFE
156_NEW6,SAFE
29031,SAFE
37438,SAFE
53304,SAFE
13135,SAFE
59470,SAFE
38249,SAFE
40889,SAFE
6039,SAFE
7204,SAFE
W196N035,SAFE
4672,SAFE
35525,SAFE
35197,SAFE
10824,SAFE
4609,SAFE
68634,SAFE
30801,SAFE
13268,SAFE
86_New7,SAFE
6615,SAFE
23784,SAFE
8940,SAFE
8036,SAFE
4424,SAFE
12709,SAFE
7969,SAFE
32293,SAFE
8091,SAFE
DN189STR016,SAFE
9547,SAFE
36356,SAFE
5051,SAFE
7831,SAFE
48333,SAFE
4178,SAFE
86_New118,SAFE
86_New119,SAFE
7303,SAFE
New_W188_0147,SAFE
10978,SAFE
4891,SAFE
15941,SAFE
3150,SAFE
New_W188_0037,SAFE
156_NEW116,SAFE
41569,SAFE
W190ST083,SAFE
"40189
",SAFE
"30044
",SAFE
16763,SAFE
17203,SAFE
New_W188_0259,SAFE
68071,SAFE
8426,SAFE
13373,SAFE
W196N027,SAFE
42351,SAFE
NEW1690123,SAFE
55001,SAFE
16866,SAFE
16867,SAFE
35036,SAFE
15442,SAFE
7709,SAFE
11005,SAFE
023_New_04_D,SAFE
48120,SAFE
152RD042,SAFE
46750,SAFE
30852,SAFE
37861,SAFE
42400,SAFE
14735,SAFE
6885,SAFE
"33293
",SAFE
24_NEW_18,SAFE
29615,SAFE
4579,SAFE
16986,SAFE
2652,SAFE
13122,SAFE
25860,SAFE
34678,SAFE
41734,SAFE
37408,SAFE
38103,SAFE
34595,SAFE
11882,SAFE
39410,SAFE
3129,SAFE
3645,SAFE
48631,SAFE
64321,SAFE
5905,SAFE
4831,SAFE
8959,SAFE
26003,SAFE
23048,SAFE
9123,SAFE
13116,SAFE
29831,SAFE
28291,SAFE
40912,SAFE
11955,SAFE
15997,SAFE
23493,SAFE
28364,SAFE
4613,SAFE
50398,SAFE
27718,SAFE
7553,SAFE
129_NEW-1,SAFE
35338,SAFE
92_New75,SAFE
4770,SAFE
11885,SAFE
200_New_36,SAFE
4306,SAFE
13076,SAFE
11012,SAFE
New_W188_0268,SAFE
16725,SAFE
8897,SAFE
14286,SAFE
42165,SAFE
16172,SAFE
23206,SAFE
38223,SAFE
17411,SAFE
3554,SAFE
6177,SAFE
15089,SAFE
11053,SAFE
41839,SAFE
18084,SAFE
2742,SAFE
29306,SAFE
16660,SAFE
26017,SAFE
13898,SAFE
9536,SAFE
9600,SAFE
28362,SAFE
86_New114,SAFE
45273,SAFE
New_W188_0103,SAFE
31_New_23,SAFE
069_NEW6,SAFE
45480,SAFE
40428,SAFE
2366,SAFE
48433,SAFE
7109,SAFE
27760,SAFE
35219,SAFE
48492,SAFE
51963,SAFE
9046,SAFE
17404,SAFE
42187,SAFE
28754,SAFE
29250,SAFE
10665,SAFE
2367,SAFE
New_23_150,SAFE
10237,SAFE
7119,SAFE
16286,SAFE
NEW1690053,SAFE
17453,SAFE
5237,SAFE
9610,SAFE
23633,SAFE
17255,SAFE
43014,SAFE
2870,SAFE
16203,SAFE
18111,SAFE
3652,SAFE
23301,SAFE
87_NEW29,SAFE
W192N008,SAFE
24137,SAFE
15290,SAFE
17280,SAFE
9633,SAFE
33358,SAFE
W196N114,SAFE
13618,SAFE
23549,SAFE
29_New_6,SAFE
36920,SAFE
39373,SAFE
20_NEW8,SAFE
34403,SAFE
42402,SAFE
50391,SAFE
1998,SAFE
8176,SAFE
92_New39,SAFE
10432,SAFE
15044,SAFE
42284,SAFE
012_New_100_D,SAFE
5252,SAFE
26721,SAFE
35093,SAFE
15181,SAFE
23922,SAFE
44320,SAFE
5463,SAFE
49751,SAFE
37723,SAFE
2822,SAFE
065_NEW5,SAFE
53862,SAFE
55081,SAFE
38W_New_1,SAFE
10781,SAFE
29699,SAFE
6333,SAFE
New_W188_0088,SAFE
10830,SAFE
22_NEW3,SAFE
32561,SAFE
36276,SAFE
37415,SAFE
4742,SAFE
14566,SAFE
85_NEW2,SAFE
49103,SAFE
11487,SAFE
32658,SAFE
13966,SAFE
18096,SAFE
6669,SAFE
42782,SAFE
2518,SAFE
6263,SAFE
8329,SAFE
29329,SAFE
4215,SAFE
34995,SAFE
"27202
",SAFE
39388,SAFE
13343,SAFE
29121,SAFE
W1680024,SAFE
29390,SAFE
27960,SAFE
17_New_4,SAFE
26544,SAFE
24414,SAFE
37749,SAFE
12959,SAFE
W149RD27,SAFE
2490,SAFE
30003,SAFE
36385,SAFE
37732,SAFE
48693,SAFE
42658,SAFE
3683,SAFE
36468,SAFE
18639,SAFE
8476,SAFE
16024,SAFE
38678,SAFE
48453,SAFE
33859,SAFE
W190ST102,SAFE
New_W186_037,SAFE
36900,SAFE
37695,SAFE
31787,SAFE
W190ST014,SAFE
6790,SAFE
8553,SAFE
14965,SAFE
9230,SAFE
12350,SAFE
New_W188_0076,SAFE
59714,SAFE
60289,SAFE
64597,SAFE
W194N137,SAFE
4718,SAFE
14810,SAFE
33927,SAFE
New_W188_0158,SAFE
10963,SAFE
33999,SAFE
8174,SAFE
28_New_32,SAFE
42010,SAFE
17042,SAFE
34035,SAFE
11479,SAFE
33420,SAFE
29496,SAFE
25741,SAFE
14920,SAFE
8759,SAFE
29197,SAFE
51762,SAFE
45W_New_2,SAFE
22720,SAFE
17244,SAFE
38515,SAFE
32383,SAFE
4735,SAFE
12908,SAFE
11398,SAFE
6630,SAFE
6328,SAFE
15_NEW_19,SAFE
11404,SAFE
48256,SAFE
18_NEW15,SAFE
36598,SAFE
15_NEW_3,SAFE
2098,SAFE
82_NEW_95,SAFE
7733,SAFE
15956,SAFE
11033,SAFE
026_New_06_D,SAFE
39950,SAFE
11002,SAFE
28487,SAFE
40299,SAFE
39065,SAFE
40492,SAFE
40656,SAFE
33707,SAFE
24797,SAFE
198_New_92,SAFE
23354,SAFE
86_New103,SAFE
198_New_87,SAFE
4223,SAFE
83_NEW_84,SAFE
24188,SAFE
54485,SAFE
24741,SAFE
42517,SAFE
25537,SAFE
5670,SAFE
13642,SAFE
10130,SAFE
3348,SAFE
2731,SAFE
4756,SAFE
29018,SAFE
14917,SAFE
9562,SAFE
17668,SAFE
32483,SAFE
26034,SAFE
49108,SAFE
92_New124,SAFE
"49400
",SAFE
26279,SAFE
35261,SAFE
86_New9,SAFE
26283,SAFE
85_NEW1,SAFE
16484,SAFE
36960,SAFE
15533,SAFE
82_NEW_230,SAFE
55716,SAFE
37452,SAFE
16131,SAFE
32357,SAFE
32580,SAFE
24_New_36,SAFE
48397,SAFE
24853,SAFE
27871,SAFE
26397,SAFE
182_New_18,SAFE
9401,SAFE
195_New_5,SAFE
25422,SAFE
"44554
",SAFE
W190ST027,SAFE
14181,SAFE
99_New_2,SAFE
26447,SAFE
128_NEW10,SAFE
52023,SAFE
17461,SAFE
113_New_1,SAFE
86_New58,SAFE
17144,SAFE
86_New39,SAFE
1910015,SAFE
39214,SAFE
53816,SAFE
37440,SAFE
10347,SAFE
W193N077,SAFE
"49434
",SAFE
48378,SAFE
5096,SAFE
W193N115,SAFE
"42004
",SAFE
44939,SAFE
10_New02,SAFE
48245,SAFE
9537,SAFE
7249,SAFE
5688,SAFE
9024,SAFE
13405,SAFE
27066,SAFE
14515,SAFE
165_New_35,SAFE
15377,SAFE
13574,SAFE
"37333
",SAFE
11869,SAFE
13043,SAFE
28687,SAFE
4602,SAFE
2922,SAFE
13679,SAFE
17290,SAFE
2059,SAFE
11397,SAFE
15165,SAFE
36995,SAFE
2786,SAFE
12748,SAFE
17_NEW_42,SAFE
41623,SAFE
11011,SAFE
24074,SAFE
6108,SAFE
7947,SAFE
6201,SAFE
39618,SAFE
23383,SAFE
35483,SAFE
31922,SAFE
170_NEW13,SAFE
41938,SAFE
37224,SAFE
83_New_80,SAFE
17443,SAFE
59852,SAFE
6755,SAFE
U20,SAFE
29312,SAFE
14793,SAFE
27856,SAFE
6991,SAFE
85_NEW14,SAFE
13147,SAFE
7942,SAFE
25_NEW75,SAFE
25_NEW76,SAFE
25_NEW66,SAFE
43487,SAFE
90_New8,SAFE
44481,SAFE
82_NEW_111,SAFE
44459,SAFE
W192N002,SAFE
59561,SAFE
8810,SAFE
23237,SAFE
38243,SAFE
93_New45,SAFE
23643,SAFE
84_NEW40,SAFE
W1680003,SAFE
31879,SAFE
27010,SAFE
W196N099,SAFE
92_New6,SAFE
26866,SAFE
NEW1690095,SAFE
New_W188_0040,SAFE
48485,SAFE
28148,SAFE
11378,SAFE
15921,SAFE
6015,SAFE
3945,SAFE
4225,SAFE
67749,SAFE
48158,SAFE
48435,SAFE
48583,SAFE
127_NEW16,SAFE
43244,SAFE
198_New_10,SAFE
New_W188_0228,SAFE
16233,SAFE
128_NEW7,SAFE
12448,SAFE
23084,SAFE
15383,SAFE
9831,SAFE
50160,SAFE
42134,SAFE
13528,SAFE
24948,SAFE
25135,SAFE
28411,SAFE
49731,SAFE
10454,SAFE
37721,SAFE
W185ST021,SAFE
11743,SAFE
W192N025,SAFE
7213,SAFE
8220,SAFE
16402,SAFE
8026,SAFE
28655,SAFE
5701,SAFE
35969,SAFE
40563,SAFE
34229,SAFE
38327,SAFE
50128,SAFE
49079,SAFE
12602,SAFE
53518,SAFE
1_New3,SAFE
"39513
",SAFE
33008,SAFE
83_New_29,SAFE
55757,SAFE
51832,SAFE
2335,SAFE
45912,SAFE
8604,SAFE
16791,SAFE
10700,SAFE
93_New41,SAFE
15041,SAFE
W149RD17,SAFE
11698,SAFE
42389,SAFE
48375,SAFE
10449,SAFE
16894,SAFE
48051,SAFE
13039,SAFE
18013,SAFE
10494,SAFE
23264,SAFE
25753,SAFE
86_New77,SAFE
16502,SAFE
19_NEW28,SAFE
15851,SAFE
7635,SAFE
18222,SAFE
3483,SAFE
6595,SAFE
26191,SAFE
14533,SAFE
7987,SAFE
30481,SAFE
9_New_1_D,SAFE
23018,SAFE
29141,SAFE
28779,SAFE
6638,SAFE
92_New117,SAFE
3687,SAFE
7290,SAFE
33776,SAFE
2730,SAFE
126_New_2,SAFE
30744,SAFE
30705,SAFE
23960,SAFE
38108,SAFE
11771,SAFE
31857,SAFE
2895,SAFE
33_NEW4,SAFE
8048,SAFE
51547,SAFE
W193N041,SAFE
30101,SAFE
9609,SAFE
5906,SAFE
57568,SAFE
45712,SAFE
9194,SAFE
2441,SAFE
18381,SAFE
8748,SAFE
29510,SAFE
25474,SAFE
W193N133,SAFE
9361,SAFE
4760,SAFE
5324,SAFE
7349,SAFE
17_NEW_45,SAFE
28832,SAFE
40064,SAFE
DN080STR023,SAFE
DN080STR021,SAFE
22709,SAFE
13403,SAFE
9298,SAFE
8818,SAFE
New_22_150,SAFE
New_24_150,SAFE
New_26_150,SAFE
12296,SAFE
27040,SAFE
85_NEW53,SAFE
33640,SAFE
3477,SAFE
9636,SAFE
17772,SAFE
37171,SAFE
79_New_62,SAFE
11674,SAFE
NEW1690029,SAFE
6319,SAFE
10353,SAFE
42265,SAFE
6717,SAFE
8054,SAFE
W193N152,SAFE
27205,SAFE
28628,SAFE
5400,SAFE
15853,SAFE
10725,SAFE
17192,SAFE
27201,SAFE
55053,SAFE
37284,SAFE
27189,SAFE
49098,SAFE
12575,SAFE
51607,SAFE
68056,SAFE
29467,SAFE
24627,SAFE
41795,SAFE
14295,SAFE
38250,SAFE
8704,SAFE
50847,SAFE
35307,SAFE
2447,SAFE
11177,SAFE
9781,SAFE
17107,SAFE
27_New_34,SAFE
New_W188_0013,SAFE
6340,SAFE
46461,SAFE
29071,SAFE
10785,SAFE
2531,SAFE
W190ST132,SAFE
3093,SAFE
18459,SAFE
3235,SAFE
39W_New_12,SAFE
17296,SAFE
9185,SAFE
2920,SAFE
49033,SAFE
8894,SAFE
W189ST014,SAFE
7081,SAFE
29814,SAFE
39802,SAFE
200_New_64,SAFE
15075,SAFE
15077,SAFE
44802,SAFE
49191,SAFE
45068,SAFE
40617,SAFE
11117,SAFE
92_New28,SAFE
45865,SAFE
28627,SAFE
W193N151,SAFE
8373,SAFE
13112,SAFE
8986,SAFE
39091,SAFE
29648,SAFE
35909,SAFE
9488,SAFE
5908,SAFE
16487,SAFE
13200,SAFE
3299,SAFE
13687,SAFE
9594,SAFE
41326,SAFE
3377,SAFE
New_W188_0140,SAFE
New_W188_0127,SAFE
55710,SAFE
13325,SAFE
13766,SAFE
82_NEW_125,SAFE
10711,SAFE
56353,SAFE
9863,SAFE
8682,SAFE
22918,SAFE
29643,SAFE
24411,SAFE
27007,SAFE
38335,SAFE
29787,SAFE
83_New_67,SAFE
38349,SAFE
93_New66,SAFE
82_NEW_178,SAFE
32781,SAFE
28123,SAFE
11925,SAFE
13741,SAFE
37011,SAFE
14305,SAFE
48554,SAFE
4577,SAFE
5617,SAFE
10786,SAFE
W194N095,SAFE
W194N096,SAFE
28715,SAFE
34889,SAFE
49757,SAFE
36004,SAFE
41425,SAFE
40783,SAFE
33428,SAFE
92_New72,SAFE
92_New73,SAFE
38085,SAFE
32232,SAFE
40857,SAFE
48264,SAFE
16269,SAFE
7279,SAFE
86_New153,SAFE
45825,SAFE
40178,SAFE
34444,SAFE
129_NEW-5,SAFE
11750,SAFE
50611,SAFE
34296,SAFE
83_New_93,SAFE
17306,SAFE
13713,SAFE
55244,SAFE
15861,SAFE
8647,SAFE
10721,SAFE
4280,SAFE
4558,SAFE
91_NEW29,SAFE
44491,SAFE
23675,SAFE
29778,SAFE
28919,SAFE
23939,SAFE
"DN189STR030
",SAFE
7491,SAFE
24250,SAFE
11235,SAFE
82_NEW_36,SAFE
9413,SAFE
17596,SAFE
2130,SAFE
6751,SAFE
14940,SAFE
8771,SAFE
18129,SAFE
43W_New_3,SAFE
46408,SAFE
68504,SAFE
9786,SAFE
11092,SAFE
24614,SAFE
New_W186_046,SAFE
32491,SAFE
DN080STR031,SAFE
9581,SAFE
37006,SAFE
37883,SAFE
W193N099,SAFE
31865,SAFE
5497,SAFE
13783,SAFE
9677,SAFE
34282,SAFE
5092,SAFE
13324,SAFE
50439,SAFE
45863,SAFE
59723,SAFE
11946,SAFE
10296,SAFE
27471,SAFE
15473,SAFE
25941,SAFE
28560,SAFE
45754,SAFE
14361,SAFE
W143rd045,SAFE
W190ST054,SAFE
23588,SAFE
28273,SAFE
37569,SAFE
12697,SAFE
030_New_10_D,SAFE
31848,SAFE
8634,SAFE
49532,SAFE
9252,SAFE
17931,SAFE
8419,SAFE
35283,SAFE
23926,SAFE
85_NEW12,SAFE
5375,SAFE
156_NEW59,SAFE
25587,SAFE
24123,SAFE
33993,SAFE
15511,SAFE
49723,SAFE
17934,SAFE
197_New_36,SAFE
182_New6,SAFE
13543,SAFE
11466,SAFE
32526,SAFE
51610,SAFE
44649,SAFE
16_NEW16,SAFE
28784,SAFE
198_New_73,SAFE
41244,SAFE
4489,SAFE
127_NA_3,SAFE
50484,SAFE
W194N032,SAFE
New_34_150,SAFE
127_NA_6,SAFE
16036,SAFE
26169,SAFE
8321,SAFE
37350,SAFE
49615,SAFE
46820,SAFE
9558,SAFE
58W_New_2,SAFE
153rd005,SAFE
45005,SAFE
16503,SAFE
18337,SAFE
36933,SAFE
16072,SAFE
16_NEW76,SAFE
16_NEW78,SAFE
42927,SAFE
2325,SAFE
077_NEW5,SAFE
13734,SAFE
11616,SAFE
3010,SAFE
156_NEW132,SAFE
18481,SAFE
3368,SAFE
30_New_7,SAFE
30_New_49,SAFE
16031,SAFE
45159,SAFE
33338,SAFE
91_NEW22,SAFE
3888,SAFE
W196N068,SAFE
29280,SAFE
W194N070,SAFE
11202,SAFE
24247,SAFE
15186,SAFE
9317,SAFE
8520,SAFE
18028,SAFE
2017,SAFE
W196N043,SAFE
198_New_99,SAFE
29118,SAFE
24899,SAFE
New_W188_0151,SAFE
37493,SAFE
10789,SAFE
85_NEW69,SAFE
25155,SAFE
5163,SAFE
9295,SAFE
11071,SAFE
58W_NA_6,SAFE
68254,SAFE
33979,SAFE
15753,SAFE
157_New_5,SAFE
W194N134,SAFE
6608,SAFE
45138,SAFE
31239,SAFE
W1680016,SAFE
12606,SAFE
23503,SAFE
6740,SAFE
16586,SAFE
12135,SAFE
13097,SAFE
93_New46,SAFE
49534,SAFE
4267,SAFE
34913,SAFE
31440,SAFE
18438,SAFE
26541,SAFE
91_NEW23,SAFE
37586,SAFE
13988,SAFE
41301,SAFE
33795,SAFE
24789,SAFE
40903,SAFE
17103,SAFE
4886,SAFE
7277,SAFE
39911,SAFE
081_New_02_D,SAFE
32363,SAFE
9505,SAFE
24544,SAFE
82_NEW_112,SAFE
16468,SAFE
8741,SAFE
66241,SAFE
13182,SAFE
24_New_70,SAFE
6983,SAFE
19_NEW,SAFE
43114,SAFE
8150,SAFE
16177,SAFE
12818,SAFE
29355,SAFE
51592,SAFE
25968,SAFE
87_NEW26,SAFE
31727,SAFE
24605,SAFE
41896,SAFE
11022,SAFE
11023,SAFE
6574,SAFE
29_New_5,SAFE
2999,SAFE
7531,SAFE
14649,SAFE
13168,SAFE
5682,SAFE
41831,SAFE
10236,SAFE
31416,SAFE
177_NEW1,SAFE
19_NEW26,SAFE
50725,SAFE
5782,SAFE
32230,SAFE
13257,SAFE
49762,SAFE
33817,SAFE
10656,SAFE
2915,SAFE
8521,SAFE
80_New_23,SAFE
2036,SAFE
88_New19,SAFE
50690,SAFE
79_NEw_23,SAFE
40591,SAFE
82_NEW_110,SAFE
2716,SAFE
9347,SAFE
7192,SAFE
33829,SAFE
11581,SAFE
11733,SAFE
17448,SAFE
79_New_36,SAFE
27_New_40,SAFE
41841,SAFE
33145,SAFE
10614,SAFE
197_New_37,SAFE
2633,SAFE
45727,SAFE
37461,SAFE
10971,SAFE
51045,SAFE
25_NEW67,SAFE
2392,SAFE
29459,SAFE
17202,SAFE
60151,SAFE
W189ST042,SAFE
3337,SAFE
35467,SAFE
79_New_41,SAFE
12931,SAFE
26229,SAFE
9005,SAFE
11078,SAFE
31141,SAFE
23655,SAFE
44582,SAFE
88_New11,SAFE
17001,SAFE
55717,SAFE
"39173
",SAFE
33867,SAFE
49708,SAFE
17703,SAFE
86_New94,SAFE
50856,SAFE
55031,SAFE
1910014,SAFE
32691,SAFE
35849,SAFE
NEW1690113,SAFE
15769,SAFE
7338,SAFE
15540,SAFE
51784,SAFE
51783,SAFE
67070,SAFE
47W_New,SAFE
14561,SAFE
18276,SAFE
11890,SAFE
10246,SAFE
28625,SAFE
67729,SAFE
55495,SAFE
49037,SAFE
26701,SAFE
5945,SAFE
26442,SAFE
32130,SAFE
55166,SAFE
16864,SAFE
27126,SAFE
59908,SAFE
15532,SAFE
9076,SAFE
165_New_30,SAFE
15495,SAFE
6222,SAFE
55041,SAFE
55040,SAFE
53732,SAFE
12607,SAFE
32955,SAFE
34167,SAFE
17637,SAFE
31198,SAFE
38941,SAFE
172_NEW7,SAFE
8324,SAFE
14490,SAFE
New_35_150,SAFE
18_NEW58,SAFE
10300,SAFE
23021,SAFE
8595,SAFE
30867,SAFE
51774,SAFE
24314,SAFE
7093,SAFE
48347,SAFE
39597,SAFE
W143rd033,SAFE
39457,SAFE
44437,SAFE
49155,SAFE
3573,SAFE
4747,SAFE
50574,SAFE
36470,SAFE
45474,SAFE
31232,SAFE
079_New_02_D,SAFE
33229,SAFE
41640,SAFE
38060,SAFE
25694,SAFE
NEW1690141,SAFE
37821,SAFE
8868,SAFE
35474,SAFE
10985,SAFE
16225,SAFE
4674,SAFE
36618,SAFE
17_NEW_48,SAFE
33904,SAFE
13923,SAFE
91_NEW57,SAFE
7273,SAFE
32457,SAFE
11840,SAFE
13408,SAFE
92_New74,SAFE
17692,SAFE
"49274
",SAFE
7961,SAFE
38572,SAFE
W196N019,SAFE
6520,SAFE
7727,SAFE
45249,SAFE
11573,SAFE
50397,SAFE
25365,SAFE
10172,SAFE
25_NEW10,SAFE
22856,SAFE
39483,SAFE
15678,SAFE
39218,SAFE
38512,SAFE
9221,SAFE
18221,SAFE
42902,SAFE
79_New_57,SAFE
5378,SAFE
56299,SAFE
"49249
",SAFE
44864,SAFE
63W_New_7,SAFE
48770,SAFE
26319,SAFE
68285,SAFE
48777,SAFE
8454,SAFE
24_New_24,SAFE
33702,SAFE
18519,SAFE
8144,SAFE
30305,SAFE
13322,SAFE
4480,SAFE
New_W188_0211,SAFE
48705,SAFE
156_NEW34,SAFE
3035,SAFE
2733,SAFE
49145,SAFE
W192N033,SAFE
38326,SAFE
11784,SAFE
9531,SAFE
9535,SAFE
17027,SAFE
26_New_19,SAFE
26_New_20,SAFE
13_NA,SAFE
11432,SAFE
23779,SAFE
39405,SAFE
48466,SAFE
W193N118,SAFE
W193N119,SAFE
28320,SAFE
New_W188_0251,SAFE
83_New_116,SAFE
8651,SAFE
9357,SAFE
34103,SAFE
55617,SAFE
44343,SAFE
17866,SAFE
4427,SAFE
14329,SAFE
56233,SAFE
"32210
",SAFE
44690,SAFE
163_New_3,SAFE
37639,SAFE
151RD010,SAFE
6912,SAFE
17696,SAFE
6117,SAFE
29871,SAFE
10950,SAFE
31979,SAFE
14139,SAFE
33458,SAFE
163_New_1,SAFE
14_New2,SAFE
4724,SAFE
"40731
",SAFE
W196N042,SAFE
5953,SAFE
3868,SAFE
42318,SAFE
6797,SAFE
29706,SAFE
25652,SAFE
13_New3,SAFE
55874,SAFE
82_NEW_120,SAFE
032_New_02_D,SAFE
10976,SAFE
40181,SAFE
15341,SAFE
7371,SAFE
16733,SAFE
11082,SAFE
41683,SAFE
2182,SAFE
38311,SAFE
New_W188_0074,SAFE
198_New_62,SAFE
55704,SAFE
55703,SAFE
41187,SAFE
32886,SAFE
26025,SAFE
23893,SAFE
68576,SAFE
New_W188_0237,SAFE
45123,SAFE
25815,SAFE
14169,SAFE
17149,SAFE
30291,SAFE
23574,SAFE
18267,SAFE
"32352
",SAFE
30851,SAFE
W193N045,SAFE
W193N043,SAFE
48659,SAFE
7039,SAFE
40446,SAFE
16263,SAFE
16176,SAFE
3871,SAFE
8304,SAFE
41542,SAFE
13185,SAFE
27056,SAFE
030_New_30_D,SAFE
003_New_15,SAFE
3571,SAFE
170_NEW7,SAFE
15713,SAFE
12450,SAFE
3443,SAFE
48303,SAFE
14111,SAFE
15507,SAFE
New_W188_0120,SAFE
57320,SAFE
79_NEW290,SAFE
152RD006,SAFE
86_New97,SAFE
39591,SAFE
53704,SAFE
151RD007,SAFE
29933,SAFE
36816,SAFE
93_New52,SAFE
7508,SAFE
4348,SAFE
26306,SAFE
25257,SAFE
9872,SAFE
28388,SAFE
9698,SAFE
35111,SAFE
36537,SAFE
79_New_64,SAFE
28644,SAFE
27315,SAFE
23733,SAFE
9808,SAFE
17956,SAFE
29245,SAFE
26291,SAFE
2526,SAFE
43413,SAFE
NEW1690001,SAFE
6383,SAFE
86_New104,SAFE
16162,SAFE
064_NEW25,SAFE
79_New_18,SAFE
25874,SAFE
14161,SAFE
13630,SAFE
8726,SAFE
11724,SAFE
8876,SAFE
38725,SAFE
3193,SAFE
29614,SAFE
33448,SAFE
2528,SAFE
43587,SAFE
37272,SAFE
4540,SAFE
39783,SAFE
3999,SAFE
39711,SAFE
66247,SAFE
25718,SAFE
30378,SAFE
30391,SAFE
12304,SAFE
83_NEW_9,SAFE
25009,SAFE
44529,SAFE
11620,SAFE
10004,SAFE
NEW1690065,SAFE
2137,SAFE
11464,SAFE
12870,SAFE
2562,SAFE
24872,SAFE
13383,SAFE
8738,SAFE
4663,SAFE
5628,SAFE
16137,SAFE
13724,SAFE
12518,SAFE
31342,SAFE
51771,SAFE
40421,SAFE
6966,SAFE
46381,SAFE
50854,SAFE
9568,SAFE
32737,SAFE
68527,SAFE
10333,SAFE
7402,SAFE
28_New_12,SAFE
51694,SAFE
24952,SAFE
15178,SAFE
36820,SAFE
30805,SAFE
79_New_29,SAFE
New_W188_0176,SAFE
New_W188_0286,SAFE
31231,SAFE
W193N090,SAFE
10288,SAFE
26822,SAFE
16198,SAFE
48230,SAFE
27395,SAFE
60154,SAFE
46427,SAFE
26847,SAFE
23338,SAFE
9312,SAFE
44796,SAFE
16166,SAFE
41353,SAFE
"49409
",SAFE
27526,SAFE
24523,SAFE
45452,SAFE
27170,SAFE
200_New_13,SAFE
28068,SAFE
44373,SAFE
26386,SAFE
17474,SAFE
15403,SAFE
45759,SAFE
8742,SAFE
53424,SAFE
4111,SAFE
15453,SAFE
17116,SAFE
28409,SAFE
39447,SAFE
200_New_38,SAFE
39730,SAFE
30009,SAFE
36461,SAFE
4185,SAFE
38730,SAFE
68076,SAFE
24036,SAFE
New_W188_0009,SAFE
44519,SAFE
28640,SAFE
7317,SAFE
"34996
",SAFE
"DN189STR032
",SAFE
W193N040,SAFE
198_New_129,SAFE
5122,SAFE
4253,SAFE
064_NEW1,SAFE
064_NEW4,SAFE
26281,SAFE
5045,SAFE
22962,SAFE
5745,SAFE
4232,SAFE
New_W188_0296,SAFE
11963,SAFE
50686,SAFE
48510,SAFE
67600,SAFE
W194N132,SAFE
New_W188_0011,SAFE
156_NEW98,SAFE
2580,SAFE
3117,SAFE
16109,SAFE
48345,SAFE
28185,SAFE
17117,SAFE
37135,SAFE
48754,SAFE
36421,SAFE
9050,SAFE
6047,SAFE
3451,SAFE
7669,SAFE
45573,SAFE
79_NEW_48,SAFE
34770,SAFE
28355,SAFE
33500,SAFE
34465,SAFE
38909,SAFE
28400,SAFE
26426,SAFE
25350,SAFE
030_New_40_D,SAFE
38348,SAFE
45693,SAFE
37980,SAFE
55494,SAFE
10100,SAFE
41134,SAFE
11924,SAFE
49953,SAFE
93_New107,SAFE
3168,SAFE
82_NEW_6,SAFE
W196N065,SAFE
12856,SAFE
42573,SAFE
18322,SAFE
23832,SAFE
26937,SAFE
162_New_12,SAFE
35334,SAFE
53745,SAFE
"30853
",SAFE
7759,SAFE
42835,SAFE
23_NEW_14,SAFE
23918,SAFE
29608,SAFE
2488,SAFE
39677,SAFE
13582,SAFE
26183,SAFE
59200,SAFE
38807,SAFE
16323,SAFE
33650,SAFE
49666,SAFE
2581,SAFE
New_W188_0275,SAFE
46264,SAFE
51802,SAFE
36326,SAFE
31492,SAFE
12245,SAFE
9830,SAFE
49778,SAFE
14485,SAFE
43338,SAFE
39267,SAFE
35502,SAFE
15814,SAFE
173_NEW2,SAFE
93_New140,SAFE
40328,SAFE
13886,SAFE
9080,SAFE
17362,SAFE
10926,SAFE
198_New_110,SAFE
36812,SAFE
86_New161,SAFE
27488,SAFE
7655,SAFE
53747,SAFE
18_NEW24,SAFE
W192N030,SAFE
22741,SAFE
14377,SAFE
9215,SAFE
45722,SAFE
8_New3,SAFE
9134,SAFE
16848,SAFE
39159,SAFE
9806,SAFE
"DN189STR017
",SAFE
35445,SAFE
95_NA_1,SAFE
38043,SAFE
34614,SAFE
26596,SAFE
14019,SAFE
156_NEW162,SAFE
4868,SAFE
14870,SAFE
28676,SAFE
182_New1,SAFE
30242,SAFE
7044,SAFE
56357,SAFE
55170,SAFE
27942,SAFE
42732,SAFE
090_New_16_D,SAFE
28711,SAFE
9884,SAFE
14310,SAFE
6424,SAFE
34946,SAFE
25061,SAFE
16849,SAFE
82_NEW_152,SAFE
15160,SAFE
15812,SAFE
36814,SAFE
32444,SAFE
50971,SAFE
50909,SAFE
41185,SAFE
13144,SAFE
55854,SAFE
23297,SAFE
17397,SAFE
16419,SAFE
10758,SAFE
153rd039,SAFE
15464,SAFE
10664,SAFE
New_W188_0068,SAFE
6321,SAFE
17112,SAFE
12007,SAFE
11670,SAFE
3956,SAFE
2771,SAFE
41593,SAFE
127_NEW13,SAFE
80_New_13,SAFE
36475,SAFE
15006,SAFE
41376,SAFE
42262,SAFE
13629,SAFE
12969,SAFE
New_W188_0104,SAFE
9090,SAFE
16384,SAFE
32285,SAFE
49074,SAFE
34560,SAFE
166_NEW5,SAFE
49648,SAFE
49849,SAFE
12199,SAFE
31509,SAFE
1959,SAFE
6646,SAFE
3798,SAFE
13992,SAFE
35862,SAFE
38268,SAFE
58584,SAFE
31072,SAFE
45070,SAFE
18432,SAFE
51844,SAFE
64679,SAFE
18083,SAFE
16880,SAFE
7481,SAFE
4723,SAFE
16084,SAFE
4647,SAFE
33626,SAFE
106_New_13,SAFE
45296,SAFE
9766,SAFE
60270,SAFE
W149RD10,SAFE
14215,SAFE
45869,SAFE
32018,SAFE
29150,SAFE
25273,SAFE
32842,SAFE
8484,SAFE
46067,SAFE
2000,SAFE
128_NEW6,SAFE
6756,SAFE
27372,SAFE
200_New_1,SAFE
New_W188_0235,SAFE
13259,SAFE
86_New168,SAFE
34W_New_3,SAFE
40646,SAFE
5083,SAFE
49032,SAFE
5923,SAFE
16381,SAFE
"30236
",SAFE
35213,SAFE
5127,SAFE
15775,SAFE
13446,SAFE
6687,SAFE
46315,SAFE
24637,SAFE
23909,SAFE
40760,SAFE
27541,SAFE
4557,SAFE
23026,SAFE
24620,SAFE
16729,SAFE
48654,SAFE
48655,SAFE
82_NEW_143,SAFE
"30448
",SAFE
40479,SAFE
80_New_14,SAFE
031_New_34_D,SAFE
68184,SAFE
6282,SAFE
170_NEW6,SAFE
9490,SAFE
40337,SAFE
12627,SAFE
10753,SAFE
162_New_01,SAFE
23067,SAFE
14136,SAFE
49675,SAFE
39893,SAFE
24027,SAFE
15783,SAFE
36596,SAFE
14408,SAFE
38232,SAFE
"32715
",SAFE
24_NEW_12,SAFE
2165,SAFE
10369,SAFE
3201,SAFE
27202,SAFE
W193N016,SAFE
24800,SAFE
41474,SAFE
9225,SAFE
17710,SAFE
11713,SAFE
15764,SAFE
37026,SAFE
13691,SAFE
26651,SAFE
38899,SAFE
31937,SAFE
48361,SAFE
53700,SAFE
53601,SAFE
15834,SAFE
28186,SAFE
072_NA,SAFE
60269,SAFE
29_NEW_2,SAFE
10283,SAFE
40996,SAFE
W194N079,SAFE
33637,SAFE
2896,SAFE
13211,SAFE
41006,SAFE
28826,SAFE
46173,SAFE
29292,SAFE
36203,SAFE
13570,SAFE
16439,SAFE
31625,SAFE
48329,SAFE
33521,SAFE
55191,SAFE
32113,SAFE
146RD029,SAFE
8730,SAFE
198_New_90,SAFE
34289,SAFE
16133,SAFE
17377,SAFE
44570,SAFE
4902,SAFE
41102,SAFE
51763,SAFE
52075,SAFE
25157,SAFE
32581,SAFE
34799,SAFE
28887,SAFE
9583,SAFE
67711,SAFE
13464,SAFE
45572,SAFE
4796,SAFE
24_New_83,SAFE
9044,SAFE
11850,SAFE
15443,SAFE
30889,SAFE
4423,SAFE
6958,SAFE
W189ST036,SAFE
15472,SAFE
3567,SAFE
DN184STR037,SAFE
23735,SAFE
37314,SAFE
40621,SAFE
New_W188_0207,SAFE
11659,SAFE
2574,SAFE
31673,SAFE
7187,SAFE
13895,SAFE
31891,SAFE
33131,SAFE
30321,SAFE
50063,SAFE
3407,SAFE
91_NEW99,SAFE
6710,SAFE
3946,SAFE
11981,SAFE
10575,SAFE
3398,SAFE
27034,SAFE
W196N045,SAFE
43W_New_1,SAFE
W193N001,SAFE
5_New1,SAFE
36856,SAFE
79_New_37,SAFE
25397,SAFE
12716,SAFE
22946,SAFE
4866,SAFE
6764,SAFE
49671,SAFE
34724,SAFE
12817,SAFE
82_NEW_208,SAFE
13599,SAFE
13513,SAFE
6590,SAFE
24106,SAFE
90_New63,SAFE
53544,SAFE
152RD005,SAFE
5007,SAFE
30_New_52,SAFE
4621,SAFE
26446,SAFE
23713,SAFE
6104,SAFE
45518,SAFE
29075,SAFE
27259,SAFE
28680,SAFE
82_NEW_11,SAFE
48342,SAFE
11335,SAFE
8118,SAFE
26728,SAFE
18266,SAFE
83_New_94,SAFE
45492,SAFE
23884,SAFE
49144,SAFE
New_W188_0161,SAFE
6526,SAFE
49036,SAFE
91_NEW97,SAFE
25195,SAFE
17356,SAFE
42191,SAFE
5111,SAFE
38222,SAFE
26320,SAFE
9226,SAFE
39634,SAFE
55268,SAFE
156_NEW144,SAFE
8588,SAFE
28618,SAFE
032_New_01_D,SAFE
46817,SAFE
24597,SAFE
28654,SAFE
W194N135,SAFE
13544,SAFE
182_New10,SAFE
83_New_61,SAFE
27110,SAFE
38255,SAFE
37881,SAFE
17159,SAFE
30147,SAFE
161_New_1,SAFE
36972,SAFE
35051,SAFE
6149,SAFE
49086,SAFE
42643,SAFE
7743,SAFE
18182,SAFE
44564,SAFE
26870,SAFE
82_NEW_23,SAFE
6644,SAFE
26211,SAFE
100_NA,SAFE
28575,SAFE
29045,SAFE
39773,SAFE
50122,SAFE
29973,SAFE
86_New55,SAFE
25086,SAFE
11224,SAFE
14960,SAFE
31_New_8,SAFE
45243,SAFE
"36164
",SAFE
26652,SAFE
48318,SAFE
2551,SAFE
59635,SAFE
40777,SAFE
8208,SAFE
36632,SAFE
93_New132,SAFE
6665,SAFE
68523,SAFE
12184,SAFE
11596,SAFE
6774,SAFE
New_W188_0091,SAFE
156_NEW127,SAFE
43505,SAFE
18126,SAFE
84_NEW6,SAFE
85_New66,SAFE
34864,SAFE
32878,SAFE
23800,SAFE
W196N003,SAFE
32345,SAFE
166_NEW12,SAFE
28871,SAFE
30918,SAFE
24315,SAFE
"41818
",SAFE
60011,SAFE
4560,SAFE
11887,SAFE
15904,SAFE
44828,SAFE
82_NEW_129,SAFE
5541,SAFE
10408,SAFE
54911,SAFE
35488,SAFE
54410,SAFE
2297,SAFE
"35170
",SAFE
53448,SAFE
68255,SAFE
44624,SAFE
15171,SAFE
45276,SAFE
5079,SAFE
26436,SAFE
43411,SAFE
4476,SAFE
40076,SAFE
13785,SAFE
9222,SAFE
29321,SAFE
20_NEW3,SAFE
32198,SAFE
198_New_89,SAFE
29343,SAFE
86_New60,SAFE
14331,SAFE
4346,SAFE
36542,SAFE
17425,SAFE
W185ST028,SAFE
38037,SAFE
31873,SAFE
11931,SAFE
2177,SAFE
37228,SAFE
31_New_24,SAFE
6758,SAFE
84_NEW9,SAFE
15478,SAFE
24549,SAFE
8731,SAFE
New_W188_0130,SAFE
W193N089,SAFE
39007,SAFE
14600,SAFE
190_New_24_D,SAFE
6863,SAFE
18001,SAFE
128_NEW265,SAFE
"43769
",SAFE
6306,SAFE
New_W188_0128,SAFE
7563,SAFE
17204,SAFE
28_New_10,SAFE
12586,SAFE
15306,SAFE
9921,SAFE
14962,SAFE
15215,SAFE
2674,SAFE
9310,SAFE
38346,SAFE
29347,SAFE
152RD026,SAFE
24_New_9,SAFE
25504,SAFE
"30197
",SAFE
26173,SAFE
11113,SAFE
16672,SAFE
12580,SAFE
5886,SAFE
34863,SAFE
48047,SAFE
17638,SAFE
39074,SAFE
12211,SAFE
9299,SAFE
9161,SAFE
27866,SAFE
26979,SAFE
15_NEW_8,SAFE
68048,SAFE
82_NEW_119,SAFE
17291,SAFE
13762,SAFE
50593,SAFE
5467,SAFE
40008,SAFE
New_01_150,SAFE
38865,SAFE
25260,SAFE
8687,SAFE
14051,SAFE
17021,SAFE
26394,SAFE
6403,SAFE
27911,SAFE
30_NEW57,SAFE
83_NEW_91,SAFE
8379,SAFE
26_New_26,SAFE
39369,SAFE
49100,SAFE
31452,SAFE
40292,SAFE
12820,SAFE
48713,SAFE
23983,SAFE
9778,SAFE
29862,SAFE
4283,SAFE
"41057
",SAFE
DN184STR034,SAFE
W143rd055,SAFE
25478,SAFE
2381,SAFE
12705,SAFE
W192N034,SAFE
42275,SAFE
35469,SAFE
12105,SAFE
32266,SAFE
79_New_9,SAFE
8774,SAFE
49116,SAFE
15_NEW_18,SAFE
5927,SAFE
50688,SAFE
17364,SAFE
6352,SAFE
44501,SAFE
86_New189,SAFE
68055,SAFE
127_NEW15,SAFE
6159,SAFE
6208,SAFE
49926,SAFE
7363,SAFE
17640,SAFE
7977,SAFE
39534,SAFE
93_New76,SAFE
37711,SAFE
7868,SAFE
23146,SAFE
3124,SAFE
32392,SAFE
027_New_03_D,SAFE
3881,SAFE
10228,SAFE
16073,SAFE
11191,SAFE
16117,SAFE
17_New_29,SAFE
7098,SAFE
5316,SAFE
156_NEW95,SAFE
2806,SAFE
7413,SAFE
156_NEW50,SAFE
48000,SAFE
40018,SAFE
86_New158,SAFE
53370,SAFE
68226,SAFE
49600,SAFE
New_07_150,SAFE
4065,SAFE
W192N021,SAFE
W192N026,SAFE
35958,SAFE
55071,SAFE
16147,SAFE
17_New_38,SAFE
19_NEW13,SAFE
42828,SAFE
39535,SAFE
14633,SAFE
13551,SAFE
48244,SAFE
26997,SAFE
22944,SAFE
53432,SAFE
12660,SAFE
9782,SAFE
12860,SAFE
083_New_01_D,SAFE
32080,SAFE
41307,SAFE
38345,SAFE
67630,SAFE
5652,SAFE
45981,SAFE
4101,SAFE
11662,SAFE
25_NEW109,SAFE
35889,SAFE
11580,SAFE
86_New194,SAFE
40349,SAFE
23798,SAFE
34230,SAFE
5957,SAFE
28585,SAFE
15987,SAFE
16246,SAFE
10308,SAFE
18521,SAFE
38844,SAFE
68520,SAFE
28091,SAFE
40599,SAFE
127_NEW18,SAFE
5637,SAFE
48131,SAFE
9430,SAFE
9496,SAFE
5277,SAFE
W196N055,SAFE
14096,SAFE
88_New14,SAFE
New_W188_0108,SAFE
8859,SAFE
36466,SAFE
57682,SAFE
79_New_40,SAFE
2995,SAFE
16108,SAFE
64939,SAFE
28633,SAFE
35207,SAFE
W167N005,SAFE
3427,SAFE
9422,SAFE
13255,SAFE
30608,SAFE
NEW1690054,SAFE
34736,SAFE
24795,SAFE
5569,SAFE
34604,SAFE
4432,SAFE
7794,SAFE
8120,SAFE
82_NEW_169,SAFE
9079,SAFE
4773,SAFE
9107,SAFE
12994,SAFE
8996,SAFE
19_NEW101,SAFE
13896,SAFE
W196N044,SAFE
83_New_52,SAFE
32416,SAFE
7353,SAFE
53703,SAFE
45083,SAFE
New_W188_0213,SAFE
13352,SAFE
156_NEW160,SAFE
85_NEW64,SAFE
14948,SAFE
22717,SAFE
42620,SAFE
W196N091,SAFE
10690,SAFE
30223,SAFE
83_New_58,SAFE
22931,SAFE
New_W188_0279,SAFE
11423,SAFE
37888,SAFE
DN184STR026,SAFE
51982,SAFE
93_New81,SAFE
29137,SAFE
4909,SAFE
6784,SAFE
35376,SAFE
2710,SAFE
3560,SAFE
24869,SAFE
82_NEW_142,SAFE
6469,SAFE
57326,SAFE
13197,SAFE
DN184STR038,SAFE
7557,SAFE
46290,SAFE
28278,SAFE
4554,SAFE
12683,SAFE
103_NA_1,SAFE
28507,SAFE
14260,SAFE
42691,SAFE
2934,SAFE
23882,SAFE
13179,SAFE
New_W188_0020,SAFE
51691,SAFE
7239,SAFE
12742,SAFE
9611,SAFE
9358,SAFE
17_New_18,SAFE
W196N015,SAFE
12335,SAFE
25185,SAFE
3158,SAFE
48444,SAFE
30_NEW58,SAFE
New_W188_0087,SAFE
55000,SAFE
16488,SAFE
40283,SAFE
7_New,SAFE
7708,SAFE
50425,SAFE
34788,SAFE
New_W186_021,SAFE
W190ST120,SAFE
27270,SAFE
6600,SAFE
86_New35,SAFE
2559,SAFE
5602,SAFE
10_New,SAFE
57904,SAFE
NEW1690092,SAFE
DN083STR076,SAFE
